# Blender v3.3.1 OBJ File: 'AnimCharacter.blend'
# www.blender.org
mtllib AnimCharacter.mtl
o Guy_Plane.001
v -0.361252 -1.696167 -0.410606
v -0.345401 -1.645863 -0.427215
v -0.367954 -1.584411 -0.428701
v -0.319251 -1.618168 -0.395867
v -0.321905 -1.694519 -0.351070
v -0.351951 -1.555314 -0.388791
v -0.302032 -1.651598 -0.350209
v -0.354867 -1.520134 -0.310364
v -0.364462 -1.757549 -0.224720
v -0.306419 -1.592479 -0.339868
v -0.312314 -1.698340 -0.080967
v -0.348988 -1.753732 -0.044762
v -0.710240 -1.702878 0.127401
v -0.640172 -1.716626 0.193512
v -0.599885 -1.646471 0.243224
v -0.501944 -1.738533 0.219337
v -0.453397 -1.753581 0.193656
v -0.347328 -1.660087 0.145575
v -0.694194 -1.560372 0.195892
v -0.505113 -1.617862 0.254080
v -0.375325 -1.398085 0.222690
v -0.427231 -1.635896 0.229057
v -0.410037 -1.340493 0.248080
v -0.485832 -1.339768 0.270077
v -0.581302 -1.347566 0.266014
v -0.652131 -1.310217 0.239832
v -0.340403 -1.423763 0.185404
v -0.707932 -1.352921 0.192069
v -0.689785 -1.431137 -0.119503
v -0.722885 -1.452024 -0.082897
v -0.758778 -1.627202 0.004095
v -0.747728 -1.477141 0.109503
v -0.733907 -1.044949 -0.016027
v -0.715838 -1.054001 -0.066490
v -0.671547 -1.044544 -0.125105
v -0.741817 -1.040975 0.060128
v 0.163536 1.520573 -0.158586
v 0.072290 1.421472 -0.193744
v 0.073589 1.128449 -0.203042
v -0.259692 1.147531 -0.199546
v -0.114080 1.416807 -0.202164
v -0.263206 1.484821 -0.185643
v -0.330667 1.196745 -0.202649
v -0.453996 1.007306 -0.164594
v 0.183551 1.076487 -0.189119
v -0.479306 1.300066 -0.188687
v -0.339310 1.602413 -0.123246
v -0.392369 -1.413733 -0.143903
v -0.502465 -1.399354 -0.174382
v -0.647847 -1.302754 -0.141690
v -0.570700 -1.290951 -0.165212
v -0.487006 -1.286028 -0.167485
v -0.403880 -1.276839 -0.145170
v -0.608289 -0.983611 -0.161812
v -0.478474 -1.060906 -0.177515
v -0.301611 -1.496333 -0.017885
v -0.327154 -1.478140 -0.096726
v -0.309018 -1.466211 0.122069
v -0.318460 -1.271784 -0.058679
v -0.288865 -1.145254 0.087135
v -0.291671 -1.153287 0.003417
v -0.314677 -1.118569 0.173243
v -0.577805 -0.697439 0.260902
v -0.476921 -0.698995 0.283104
v -0.350570 -0.822272 0.238517
v -0.396160 -0.642296 0.287090
v -0.317438 -0.689095 0.259128
v -0.224357 -0.650351 0.237370
v -0.654029 -1.018888 0.236919
v -0.627460 -0.678648 0.227318
v -0.181178 0.069289 0.368349
v -0.224962 -0.519502 0.295335
v -0.111964 -0.287273 0.335135
v -0.017593 -0.498700 0.291359
v -0.425215 -0.237257 0.298767
v -0.341969 -0.275807 0.322438
v -0.463462 -0.159613 0.271881
v -0.692661 -0.755459 -0.052969
v -0.710473 -0.745682 0.025600
v -0.679368 -0.731776 0.173566
v -0.700185 -0.690609 0.095667
v -0.623219 -0.512961 -0.104327
v -0.682638 -0.596603 -0.017721
v -0.652015 -0.215644 -0.028466
v -0.669546 -0.387917 0.007450
v -0.639192 -0.745993 -0.126524
v -0.362468 -0.814617 -0.147915
v -0.514417 -0.721885 -0.179102
v -0.436288 -0.812163 -0.175031
v -0.354224 -0.602852 -0.187500
v -0.515283 -0.435185 -0.168077
v -0.309950 -0.711336 -0.147715
v -0.305438 -0.831513 0.194357
v -0.269660 -0.831547 0.110352
v -0.267394 -0.833111 -0.001251
v -0.308010 -0.833702 -0.098407
v -0.259561 -0.759596 0.160735
v -0.272901 -0.751662 -0.090942
v -0.231157 -0.733565 -0.021790
v -0.227803 -0.741845 0.088540
v -0.226479 -0.676229 -0.117812
v -0.252552 -0.711734 0.200068
v -0.405163 -0.814272 0.266824
v -0.560746 -1.075854 0.276599
v -0.724631 -1.035916 0.142760
v -0.694499 -0.982579 0.192392
v -0.541365 -1.076599 -0.177299
v -0.350341 -1.281560 -0.103620
v -0.364517 0.744308 -0.190002
v -0.266745 0.796967 -0.222754
v -0.092403 0.766809 -0.251568
v 0.019964 0.548201 -0.247721
v -0.144819 0.478260 -0.258169
v 0.186581 0.428148 -0.194750
v -0.291010 0.410628 -0.234340
v -0.407176 0.618312 0.206430
v -0.440574 0.696179 -0.131853
v -0.522419 0.493699 -0.050593
v -0.323135 0.877749 0.264806
v -0.424093 0.358961 -0.171795
v -0.514725 0.507571 0.023469
v -0.347252 0.337658 0.308461
v -0.413308 0.392605 0.226474
v -0.543018 0.278280 -0.012187
v -0.511917 0.313510 -0.113017
v -0.528155 0.280743 0.050194
v -0.549230 0.241776 -0.060811
v 0.019780 0.674035 0.348106
v -0.068180 0.665780 0.362307
v -0.170052 0.659581 0.357986
v -0.283774 0.572499 0.327426
v 0.020676 0.187532 0.373437
v 0.102149 0.500436 0.330456
v 0.272816 0.716531 -0.095115
v 0.324215 0.518296 0.024186
v 0.186627 0.845718 0.211644
v 0.215804 0.625688 0.209016
v 0.205459 0.748928 -0.167825
v 0.335482 0.491683 -0.050559
v 0.182628 0.371671 0.283679
v 0.229920 0.409918 0.213026
v 0.299209 0.466396 -0.116725
v 0.352822 0.282515 -0.010105
v 0.333671 0.301732 0.054882
v 0.339291 0.161119 -0.124425
v -0.642846 1.312433 -0.117192
v -0.530047 1.343373 -0.170561
v -0.507153 1.430705 -0.139735
v -0.559912 1.445145 -0.079439
v -0.497778 3.167006 -0.244918
v -0.347470 3.208746 -0.333641
v -0.514668 3.234919 -0.002936
v -0.549709 3.197368 0.150644
v -0.482472 3.179398 0.348231
v -0.389156 3.166770 0.453911
v -0.390973 3.270910 -0.155321
v -0.395705 3.284745 0.197789
v -0.299568 3.270908 0.346783
v -0.216778 3.331987 -0.136237
v -0.274897 3.345491 0.022694
v -0.187542 3.349669 0.181262
v -0.122355 3.315733 0.317977
v -0.119325 3.270785 -0.312254
v -0.000739 3.344610 -0.113165
v -0.037348 3.362760 0.026268
v -0.033248 3.217172 0.490307
v 0.053542 3.284748 -0.251458
v 0.123263 3.201409 -0.359337
v 0.003146 3.343524 0.210359
v 0.111131 3.270913 0.346774
v 0.200427 3.176297 0.442261
v 0.202537 3.270909 -0.155326
v 0.207267 3.284747 0.197787
v 0.297836 3.176451 -0.244577
v 0.187875 3.312041 0.019900
v 0.352427 3.211664 0.098869
v 0.361044 3.194533 -0.053272
v 0.315252 3.201356 0.267413
v -0.177022 3.213922 0.489054
v -0.244838 3.193241 -0.395424
v -0.181274 -0.557501 -0.176292
v -0.428055 -0.474079 -0.198004
v -0.343583 -0.254948 -0.234819
v -0.415791 0.047095 -0.221292
v -0.137239 -0.171402 -0.258144
v -0.045252 0.019214 -0.271128
v 0.218965 -0.484180 -0.194207
v -0.008337 -0.662615 -0.097399
v 0.022768 -0.727985 0.018443
v 0.033083 -0.715227 0.143495
v 0.073378 -0.743562 0.167834
v 0.008962 -0.649918 0.215250
v -0.042194 -0.699964 0.013703
v -0.060035 -0.678799 0.147726
v -0.137417 -0.684672 -0.032855
v -0.153153 -0.700145 0.047612
v -0.170363 -0.691360 0.140612
v 0.113906 -0.719472 -0.126418
v -0.078082 -0.606636 0.241138
v -0.131103 -0.630130 -0.128868
v 0.030767 -0.646562 -0.128650
v -0.737008 1.268909 0.130881
v -0.633380 1.410682 0.019969
v -0.576860 1.462138 0.091480
v -0.557645 1.447764 0.180394
v -0.392109 1.626640 0.088786
v -0.389368 1.587037 0.186325
v -0.404126 1.609859 -0.012417
v 0.144947 1.618078 0.214786
v 0.202177 1.595513 0.170027
v 0.326384 1.445007 0.226961
v 0.486695 1.338231 0.151073
v 0.393050 1.451342 0.123095
v 0.201756 1.627966 0.008229
v 0.509321 1.338534 0.029276
v 0.381654 1.467338 0.000534
v 0.183369 1.604586 -0.085413
v 0.367847 1.442410 -0.090025
v 0.508615 1.296263 -0.066408
v 0.488206 1.280843 0.206739
v -0.646927 1.318775 0.211823
v -0.520810 1.337619 0.275189
v -0.329699 1.042403 0.296450
v -0.489250 1.267104 0.292187
v -0.321267 1.589578 0.238509
v -0.504679 1.424023 0.246773
v -0.404826 1.033220 0.281955
v -0.617095 1.048885 0.279960
v 0.916914 -0.426613 -0.115482
v 0.863314 -0.465894 -0.088126
v 0.930024 -0.478497 -0.025918
v 0.968861 -0.468030 0.096891
v 0.922389 -0.375334 0.213142
v 0.884827 -0.486178 0.010276
v 0.910595 -0.437519 0.176843
v 0.857944 -0.285959 0.200501
v 0.795784 -0.392612 -0.168743
v 0.848747 -0.411190 0.059610
v 0.819131 -0.324123 0.127813
v 0.842889 -0.463262 -0.059553
v 0.794849 -0.358017 0.016751
v 0.798268 -0.331297 0.103258
v 0.788388 -0.356868 -0.050681
v 0.737189 -0.339186 0.071977
v 0.727628 -0.314831 -0.097456
v 0.734988 -0.303844 0.170747
v 0.652643 -0.313741 -0.015588
v 0.581888 -0.268206 -0.012319
v 0.387475 -1.656275 -0.466300
v 0.420403 -1.549056 -0.434462
v 0.446394 -1.591532 -0.454986
v 0.272907 -1.616066 -0.465110
v 0.312463 -1.681153 -0.461037
v 0.166351 -1.647600 -0.435520
v -1.100486 -0.393791 0.205440
v -1.108469 -0.443947 0.173062
v -1.069395 -0.391070 -0.171189
v -1.067467 -0.492845 -0.029439
v -1.034585 -0.394136 0.083997
v -1.013879 -0.400217 -0.174947
v -1.009780 -0.316855 0.137364
v -1.046511 -0.478597 -0.036951
v -0.985276 -0.356373 0.029773
v -0.971627 -0.377799 -0.174198
v -0.926276 -0.307612 0.165448
v -0.919118 -0.317638 -0.096254
v -0.923062 -0.336095 0.081379
v -0.843952 -0.314625 -0.016858
v -0.844900 -0.288427 0.102995
v -0.774329 -0.270240 -0.006358
v -0.839946 -0.287500 -0.083365
v -1.108377 -0.459028 -0.083002
v -0.659241 -1.678619 -0.443232
v -0.658147 -1.636432 -0.453268
v -0.656176 -1.584893 -0.443739
v -0.555135 -1.595592 -0.464687
v -0.467853 -1.579402 -0.456559
v -0.397888 -1.629934 -0.452459
v -0.509385 -1.671989 -0.465114
v 0.508709 1.257823 -0.102182
v 0.407568 1.079726 -0.185598
v 0.323262 1.305369 -0.182010
v 0.365283 1.364308 -0.153612
v 0.320192 0.989287 -0.174531
v 0.295370 1.175251 -0.193521
v 0.262730 -0.105182 0.259028
v 0.417589 -0.564042 0.225449
v 0.323723 -0.084893 0.192671
v 0.461833 -0.449320 0.131776
v 0.360195 -0.278979 0.205368
v 0.395097 0.038903 0.072987
v 0.457013 -0.310918 0.064464
v 0.411244 0.038858 0.039467
v 0.406714 0.065946 -0.024031
v 0.451485 -0.174043 -0.017967
v 0.447552 -0.245063 -0.064236
v 0.348201 -0.096800 -0.131482
v 0.413374 -0.298476 -0.108285
v 0.403622 -0.500413 -0.127016
v 0.170214 -0.028152 0.308746
v -0.617100 -0.285829 -0.103978
v -0.659647 -0.360690 0.063381
v -0.638915 -0.437603 0.146928
v -0.587829 -0.401672 0.205147
v -0.626921 -0.114179 0.052164
v -0.505063 -0.118179 0.228148
v -0.512366 0.056065 -0.166637
v -0.555090 -0.084896 0.138590
v -0.475074 0.081510 0.243893
v 0.192416 1.053623 0.288073
v 0.307356 1.259874 0.291915
v 0.343441 1.349452 0.269922
v 0.097211 1.518968 0.276042
v 0.237270 0.991486 0.258117
v -0.126108 0.951402 0.321149
v -0.127856 1.320456 0.308227
v -0.222118 1.570157 0.280999
v 0.161389 1.261699 0.302066
v 0.273965 -0.437304 -0.182107
v 0.087978 -0.611721 -0.164963
v -0.070580 -0.485370 -0.196541
v 0.185500 -0.670104 -0.172168
v 0.117704 -0.604760 0.273700
v 0.155101 -0.457080 0.300702
v 0.077127 -0.077743 0.336510
v -0.525520 -1.523347 -0.412548
v -0.423485 -1.536361 -0.414006
v -0.599841 -1.541390 -0.429007
v -0.712589 -1.562039 -0.393999
v -0.644842 -1.517575 -0.353886
v -0.427538 -1.495781 -0.330015
v -0.518087 -1.488150 -0.327339
v -0.580254 -1.468591 -0.216324
v -0.728169 -1.611286 -0.413203
v -0.721562 -1.682291 -0.396451
v -0.749980 -1.671167 -0.340984
v -0.714340 -1.541603 -0.318586
v -0.756850 -1.618056 -0.327868
v -0.715881 -1.724913 -0.306340
v -0.743082 -1.571623 -0.294189
v -0.404199 -1.687992 -0.440133
v -0.488087 -1.732741 -0.419958
v -0.640544 -1.726603 -0.409976
v -0.579607 -1.759187 -0.368772
v -0.389598 -1.739612 -0.372434
v -0.458980 -1.773900 -0.323324
v -0.640416 -1.769293 -0.282766
v -0.302198 -1.589538 -0.138946
v -0.328805 -1.530033 -0.163566
v -0.301190 -1.639574 0.009982
v -0.379968 -1.744526 0.118263
v -0.398386 -1.489406 -0.229451
v -0.493611 -1.468213 -0.230767
v -0.402480 -1.469301 -0.181596
v -0.661171 -1.471586 -0.164856
v -0.469863 -1.432516 -0.182439
v -0.603294 -1.418468 -0.168186
v -0.665195 -1.499027 -0.201631
v -0.753304 -1.666686 -0.049530
v -0.705179 -1.757731 -0.032034
v -0.752504 -1.602092 -0.107639
v -0.713327 -1.534590 -0.148280
v -0.741653 -1.517653 -0.057245
v -0.683642 -1.773703 -0.097784
v -0.567135 -1.799902 -0.195229
v -0.458186 -1.804635 -0.109461
v -0.576433 -1.806873 -0.022120
v -0.456487 -1.795663 0.081205
v -0.649781 -1.762514 0.125796
v -0.547299 -1.788557 0.145554
v 0.248805 0.915995 -0.074455
v 0.279179 0.919548 -0.105779
v 0.263916 0.903072 0.000064
v 0.266613 0.934294 0.170621
v 0.184739 0.907556 -0.153982
v 0.180049 0.931816 0.244548
v 0.252704 0.894045 0.034679
v 0.221740 0.901123 0.159210
v 0.252075 0.877149 -0.032311
v 0.227986 0.867682 -0.104062
v 0.137936 0.840281 0.264832
v 0.246350 0.846036 0.082942
v 0.218281 0.970296 -0.153173
v 0.067036 0.906921 0.300144
v -0.021994 0.933841 0.318447
v -0.243325 0.901229 0.305605
v -0.440644 0.959541 0.217239
v -0.448035 0.920294 0.116607
v -0.449059 0.908081 -0.032548
v -0.434306 0.922481 -0.089229
v -0.412989 0.937221 -0.126195
v -0.450954 0.905011 0.029424
v -0.370604 0.944802 0.252113
v -0.443752 0.880577 -0.002145
v -0.431261 0.879244 -0.070181
v -0.402128 0.875201 -0.123915
v -0.403704 0.894574 0.170514
v -0.433716 0.868567 0.073357
v -0.376478 0.837058 0.211503
v -0.344769 0.980353 -0.183463
v -0.341931 0.903958 -0.177361
v -0.235512 0.929155 -0.214889
v -0.065092 0.938984 -0.226579
v 0.079666 0.927482 -0.206471
v 0.112673 0.815641 -0.212570
v -0.546178 0.780396 -0.127097
v -0.530065 0.756994 0.014706
v -0.474559 0.877939 -0.035233
v -0.589033 0.664868 0.044600
v -0.574630 0.829273 0.199314
v -0.485437 0.915296 -0.115275
v -0.516644 0.915796 0.211014
v -0.499024 0.872975 0.082883
v -0.661130 0.656655 0.228491
v -0.543288 0.935910 -0.181261
v -0.655178 0.724215 -0.190407
v -0.639959 0.871887 -0.213398
v -0.716154 0.898283 -0.209217
v -0.835550 0.968049 -0.121004
v -0.528079 1.037688 -0.182747
v -0.603137 1.093651 -0.182189
v -0.691957 1.122481 -0.154686
v -0.888202 0.938654 -0.071385
v -0.876924 1.026342 -0.001795
v -0.869927 1.043628 0.104606
v -0.793090 1.197835 0.041619
v -0.719053 1.279859 -0.054779
v -0.750162 1.247743 -0.025748
v -0.872883 0.836413 0.254854
v -0.778214 0.890690 0.303117
v -0.710290 0.804811 0.311517
v -0.864733 0.937300 0.220703
v -0.590991 0.886573 0.251160
v -0.612024 0.947947 0.279598
v -0.684945 1.118569 0.258225
v -0.523265 0.982053 0.262675
v -0.717227 0.470390 0.185792
v -0.721475 0.334753 0.128238
v -0.674291 0.479757 0.086976
v -0.662104 0.485573 0.003152
v -0.688015 0.451902 -0.067139
v -0.733843 0.353921 -0.076235
v -0.775853 0.337143 -0.122403
v -0.670193 0.592476 -0.148523
v -0.599281 0.605315 -0.059042
v -0.590718 0.735977 -0.158365
v -0.791677 0.699862 -0.198731
v -0.967147 0.522004 -0.136295
v -0.773598 0.561863 -0.185342
v -0.788555 0.882372 -0.184961
v -1.051750 0.584821 -0.003446
v -1.078873 0.478649 0.103896
v -1.013266 0.563447 -0.088821
v -1.007456 0.688226 0.129367
v -0.984938 0.771146 -0.001879
v -1.002730 0.740272 0.076103
v -1.012647 0.554161 0.191215
v -0.921420 0.523502 0.247662
v -0.840358 0.432797 0.245063
v -0.788124 0.492953 0.246835
v -0.745721 0.702170 0.306205
v -0.693041 0.700824 0.282007
v -0.812749 0.746061 0.306839
v -0.762001 0.270999 0.180894
v -0.737646 -0.102200 0.120130
v -0.742429 0.196266 -0.052601
v -0.724166 0.204822 0.016391
v -0.727451 0.166345 0.092677
v -0.708663 0.338761 0.047675
v -0.725803 0.302933 -0.029596
v -0.793762 0.308209 0.213777
v -0.814128 0.037803 -0.131408
v -0.907336 -0.080111 -0.152886
v -0.971653 -0.036658 -0.148843
v -0.913193 0.309882 -0.151954
v -0.806914 0.276105 -0.129507
v -1.030401 0.217474 -0.122474
v -1.120202 0.118032 0.009382
v -1.067937 0.272465 0.186817
v -1.096990 0.294440 0.139791
v -1.079766 0.326606 -0.066200
v -1.111133 0.324439 0.038941
v -1.017043 0.275857 0.227429
v -0.795040 -0.195695 0.165903
v -0.718017 -0.171309 -0.009002
v -0.748208 -0.230814 -0.039458
v -0.756386 -0.168440 -0.089092
v -0.744171 -0.130196 -0.061246
v -0.713144 -0.128325 0.017350
v -0.774774 -0.090282 0.181823
v -0.706924 -0.213275 -0.134374
v -0.933131 -0.274555 -0.173156
v -1.141050 -0.380224 -0.100262
v -1.033431 -0.349406 -0.207489
v -0.744965 -0.329523 -0.198754
v -0.829592 -0.285636 -0.233763
v -0.889504 -0.274150 -0.178210
v -1.065141 -0.249557 -0.180189
v -0.725947 -0.271860 -0.208871
v -0.780708 -0.206858 -0.208091
v -0.815782 -0.162134 -0.157997
v -0.936217 -0.216107 -0.184519
v -0.985185 -0.187124 -0.194762
v -0.827575 -0.116603 -0.131132
v -1.082973 -0.043396 -0.081673
v -1.030969 -0.035409 -0.123695
v -1.188029 -0.441610 0.058511
v -1.168886 -0.464997 0.086269
v -1.179627 -0.377402 0.166761
v -1.131978 -0.300806 0.222029
v -1.170753 -0.272251 0.004293
v -1.144812 -0.233680 0.209635
v -1.121454 -0.177007 -0.087061
v -1.163019 -0.207644 0.110283
v -1.098941 -0.043804 0.166629
v -1.123682 -0.046785 0.094393
v -1.118683 -0.050479 -0.013221
v -1.031586 -0.023270 0.227087
v -1.051163 -0.274493 0.211156
v -0.982924 -0.246675 0.221480
v -0.847548 -0.233398 0.189933
v -0.920809 -0.263911 0.209764
v -1.088158 -0.231450 0.237386
v -0.972308 -0.153727 0.244806
v -0.880564 -0.164580 0.237549
v -1.075471 -0.133110 0.222344
v -0.889834 -0.072406 0.244508
v -0.823114 -0.117819 0.221274
v 0.113584 1.824313 -0.209481
v 0.204683 1.827989 -0.097795
v 0.237736 1.828938 0.079441
v 0.166931 1.823284 0.251034
v 0.154302 1.786149 -0.080401
v 0.166021 1.771894 0.063715
v 0.148962 1.759178 -0.038953
v 0.141798 1.774557 0.178996
v 0.153766 1.706481 0.111112
v 0.127103 1.720286 0.180481
v 0.153906 1.709584 -0.016032
v 0.196570 1.632279 0.095803
v 0.073344 1.710128 0.238755
v 0.104979 1.709249 -0.106598
v 0.040350 1.809081 0.318143
v -0.168216 1.816064 0.348784
v -0.302021 1.824313 0.309531
v -0.043982 1.790885 0.321454
v -0.279196 1.772933 0.249105
v -0.160636 1.759086 0.296920
v 0.090095 1.779348 0.253031
v -0.017085 1.736632 0.285725
v -0.116826 1.680236 0.285506
v -0.229968 1.719992 0.259799
v -0.290098 1.703230 0.218217
v 0.015424 1.661215 0.272115
v -0.378404 1.816888 0.178579
v -0.426173 1.828938 0.020610
v -0.355368 1.823284 -0.150983
v -0.364630 1.783623 0.035797
v -0.337399 1.759179 0.139005
v -0.335781 1.781218 -0.080612
v -0.344637 1.737370 0.023800
v -0.338719 1.700378 0.133444
v -0.353180 1.686733 -0.004744
v -0.237662 1.697872 -0.155538
v -0.308973 1.716087 -0.090428
v -0.228787 1.809081 -0.218092
v -0.025533 1.828016 -0.272454
v -0.144455 1.790885 -0.221404
v -0.023161 1.774589 -0.204112
v 0.074670 1.783309 -0.170804
v -0.278532 1.779348 -0.152980
v -0.186347 1.749008 -0.186023
v 0.055113 1.733921 -0.157356
v -0.177662 1.688654 -0.177897
v -0.066551 1.680068 -0.184280
v 0.047303 1.645476 -0.164699
v 0.597017 2.140587 -0.179754
v 0.624460 2.144596 0.045551
v 0.649959 2.257623 0.168384
v 0.597270 2.148677 0.272610
v 0.524148 2.141185 0.448499
v 0.532467 2.040089 -0.183174
v 0.493133 2.007869 0.311360
v 0.537408 2.005845 0.056250
v 0.386939 1.912255 -0.129766
v 0.411677 1.911404 0.076369
v 0.369279 1.912218 0.277945
v 0.234527 1.894873 0.408985
v 0.385093 2.150141 -0.515571
v 0.424395 2.246502 0.617965
v 0.367067 2.151181 0.633550
v 0.366890 1.985050 0.477499
v 0.292193 1.912798 -0.304235
v 0.417306 2.000863 -0.337043
v 0.327539 2.009903 -0.445569
v 0.491342 2.135268 -0.393752
v 0.127803 2.145656 0.743636
v -0.098938 2.235476 0.796367
v -0.250929 2.240678 0.783935
v -0.412868 2.154486 0.713324
v 0.248585 2.022816 0.612832
v -0.021942 2.005794 0.678274
v -0.378942 2.023894 0.642282
v -0.194648 2.040489 0.707436
v -0.514433 2.018800 0.558512
v 0.156091 1.952569 0.573988
v -0.120562 1.911404 0.555921
v -0.326209 1.912945 0.513413
v 0.072377 1.893376 0.494821
v -0.620720 2.302990 0.625706
v -0.619549 2.146289 0.570740
v -0.502600 1.926714 0.420252
v -0.726162 2.165102 0.442399
v -0.780276 2.108223 0.229564
v -0.812897 2.144596 0.054500
v -0.838396 2.257624 -0.068333
v -0.785707 2.148677 -0.172559
v -0.735369 2.148523 -0.307840
v -0.659815 2.150141 -0.429286
v -0.656081 2.007695 0.369637
v -0.681570 2.007869 -0.211309
v -0.589813 2.009903 -0.371732
v -0.725845 2.005845 0.043801
v -0.575376 1.912255 0.229817
v -0.600114 1.911404 0.023682
v -0.557716 1.912219 -0.177894
v -0.448478 1.912798 -0.336386
v -0.537995 2.135268 -0.535535
v -0.481287 2.000863 -0.461499
v -0.323998 2.140587 -0.641210
v -0.098693 2.144596 -0.668653
v 0.024140 2.257623 -0.694152
v 0.128366 2.148677 -0.641463
v 0.263647 2.148524 -0.591126
v -0.327418 2.040089 -0.576660
v 0.167116 2.007869 -0.537326
v -0.087994 2.005845 -0.581601
v -0.274010 1.912255 -0.431132
v -0.067875 1.911404 -0.455870
v 0.133701 1.912219 -0.413472
v 0.377733 3.052985 -0.319258
v 0.475104 3.051347 -0.118322
v 0.508556 3.031003 0.078679
v 0.381015 3.079101 0.383637
v 0.476086 3.027548 0.270714
v 0.440022 2.860246 -0.403120
v 0.484806 2.789272 0.487277
v 0.554000 2.832682 -0.226997
v 0.618215 2.778812 0.012807
v 0.583577 2.766574 0.305402
v 0.492625 2.569912 -0.459703
v 0.570449 2.629966 -0.317025
v 0.663051 2.500501 -0.056691
v 0.647422 2.491521 0.250898
v 0.564817 2.490721 0.461665
v 0.483090 2.490711 0.577237
v 0.648224 2.357374 -0.150911
v 0.563294 2.300394 0.459113
v 0.275064 3.052987 0.521976
v 0.534828 2.346898 -0.416620
v 0.432994 2.490708 -0.527283
v 0.074127 3.051348 0.619347
v -0.122870 3.031003 0.652799
v -0.393609 3.055772 0.566031
v -0.324657 2.953360 0.657077
v 0.358927 2.860247 0.584266
v -0.531470 2.789271 0.629049
v 0.182804 2.832682 0.698243
v -0.057000 2.778812 0.762459
v -0.349595 2.766574 0.727821
v 0.366309 2.655286 0.656219
v 0.012498 2.500501 0.807294
v -0.295091 2.491522 0.791666
v -0.505858 2.490721 0.709061
v -0.621430 2.490711 0.627334
v 0.306742 2.450342 0.721741
v 0.029062 2.357731 0.802893
v 0.201515 2.326582 0.761528
v -0.431843 2.288888 0.736731
v -0.556190 3.051085 0.435528
v -0.663540 3.051348 0.218371
v -0.696992 3.031003 0.021374
v -0.610224 3.055772 -0.249366
v -0.701270 2.953360 -0.180413
v -0.628458 2.860247 0.503171
v -0.673242 2.789271 -0.387227
v -0.742436 2.832682 0.327047
v -0.806651 2.778812 0.087244
v -0.772014 2.766573 -0.205351
v -0.681061 2.569912 0.559754
v -0.758885 2.629966 0.417077
v -0.851488 2.500501 0.156742
v -0.835859 2.491522 -0.150847
v -0.753254 2.490721 -0.361614
v -0.671527 2.490710 -0.477186
v -0.753821 2.357590 0.462058
v -0.836661 2.357374 0.250962
v -0.751730 2.300395 -0.359062
v -0.560863 2.346897 -0.579021
v -0.479721 3.051085 -0.411946
v -0.094509 3.167860 -0.446248
v -0.065565 3.031003 -0.552748
v 0.239642 3.078688 -0.425376
v -0.252152 3.033656 -0.532288
v 0.126470 3.027548 -0.520279
v -0.547364 2.860247 -0.484215
v 0.343034 2.789270 -0.528998
v -0.371240 2.832682 -0.598192
v -0.131437 2.778812 -0.662408
v 0.161159 2.766573 -0.627770
v -0.603947 2.569912 -0.536818
v -0.461270 2.629966 -0.614642
v -0.200935 2.500501 -0.707244
v 0.106653 2.491521 -0.691616
v 0.317421 2.490721 -0.609010
v -0.295155 2.357374 -0.692417
v 0.314868 2.300396 -0.607487
v 0.116018 -1.116340 0.152409
v 0.162862 -1.418941 0.199254
v 0.104645 -0.821623 -0.075375
v 0.133697 -0.817755 0.214436
v 0.079380 -0.827892 0.002174
v 0.076287 -0.828034 0.073322
v 0.094973 -0.823837 0.154975
v 0.471992 -1.010124 0.230891
v 0.401775 -1.031498 0.268001
v 0.177958 -0.811236 0.249957
v 0.406468 -0.689191 0.252063
v 0.279501 -0.493057 0.283226
v 0.520899 -1.017482 0.174490
v 0.553739 -1.050593 0.036810
v 0.538412 -1.070192 -0.047846
v 0.498247 -1.049665 -0.108663
v 0.526254 -0.819236 0.112648
v 0.446800 -1.048939 -0.150450
v 0.361353 -1.061411 -0.177203
v 0.272745 -1.096358 -0.174320
v 0.218953 -0.805284 -0.168074
v 0.066201 -0.740171 -0.055834
v 0.057690 -0.774030 0.037147
v 0.151442 -0.816978 -0.131066
v 0.138826 -0.709379 0.247382
v 0.253274 -0.721303 0.278819
v 0.480353 -0.742822 0.192944
v 0.479734 -0.602689 -0.056954
v 0.433762 -0.707048 -0.137356
v 0.505221 -0.623513 0.010706
v 0.495296 -0.527299 0.058144
v 0.334831 -0.664024 -0.176144
v 0.274965 -0.707403 -0.180144
v 0.136771 -1.651212 0.102173
v 0.110839 -1.406961 -0.002382
v 0.118589 -1.440886 0.119556
v 0.159797 -1.273388 -0.103921
v 0.116168 -1.168536 -0.040783
v 0.098135 -1.161425 0.049651
v 0.177417 -1.645789 0.174832
v 0.269493 -1.724237 0.216293
v 0.423146 -1.689458 0.222783
v 0.482914 -1.728715 0.159848
v 0.337785 -1.638230 0.254498
v 0.498278 -1.562992 0.204513
v 0.259947 -1.620435 0.238526
v 0.402445 -1.541692 0.251786
v 0.507795 -1.368048 0.201928
v 0.342236 -1.269048 0.276315
v 0.444460 -1.344737 0.251021
v 0.233086 -1.367287 0.253039
v 0.220085 -1.754228 0.150554
v 0.322369 -1.755219 0.209107
v 0.523299 -1.694361 0.125203
v 0.543415 -1.556671 0.135261
v 0.567805 -1.646647 -0.020361
v 0.557412 -1.491368 -0.041799
v 0.561227 -1.357923 0.096901
v 0.534039 -1.361501 -0.077496
v 0.539179 -1.323544 0.159060
v 0.560725 -1.659661 0.021251
v 0.406085 -1.408962 -0.169106
v 0.302683 -1.352107 -0.166887
v 0.267639 -1.412162 -0.170384
v 0.478787 -1.295693 -0.129903
v 0.394793 -1.294401 -0.163520
v 0.224966 -1.295065 -0.148626
v 0.209780 -1.573315 -0.437316
v 0.145584 -1.563323 -0.374571
v 0.137033 -1.617889 -0.406845
v 0.157124 -1.702903 -0.386546
v 0.115201 -1.658458 -0.350412
v 0.112800 -1.612182 -0.342050
v 0.176254 -1.741415 -0.318997
v 0.139911 -1.529560 -0.162952
v 0.138436 -1.718236 -0.263323
v 0.208794 -1.498985 -0.313534
v 0.212828 -1.707651 -0.424735
v 0.462608 -1.703260 -0.429068
v 0.338208 -1.734345 -0.421134
v 0.231950 -1.752059 -0.362839
v 0.345266 -1.760577 -0.374994
v 0.470959 -1.734956 -0.377910
v 0.327502 -1.783807 -0.295637
v 0.505064 -1.742036 -0.301406
v 0.241887 -1.785046 -0.223602
v 0.430533 -1.779086 -0.266003
v 0.507009 -1.631793 -0.440681
v 0.530287 -1.587218 -0.410782
v 0.529140 -1.690500 -0.390104
v 0.500255 -1.539171 -0.374599
v 0.554678 -1.687941 -0.319804
v 0.520552 -1.535582 -0.298671
v 0.565647 -1.644285 -0.361156
v 0.561398 -1.584110 -0.325259
v 0.295381 -1.555005 -0.443914
v 0.297751 -1.500041 -0.368250
v 0.197558 -1.534313 -0.390132
v 0.384467 -1.508733 -0.378272
v 0.109623 -1.604342 -0.002259
v 0.117468 -1.559241 -0.081521
v 0.189698 -1.774010 -0.127005
v 0.121121 -1.691334 -0.101943
v 0.167659 -1.749263 0.044579
v 0.184491 -1.432820 -0.134198
v 0.139970 -1.463458 -0.087427
v 0.182940 -1.497441 -0.187009
v 0.500351 -1.770244 -0.098121
v 0.302454 -1.809287 -0.079416
v 0.388368 -1.808801 -0.066376
v 0.282652 -1.798046 0.098996
v 0.379740 -1.783860 0.144885
v 0.497655 -1.763333 0.033618
v 0.537238 -1.731717 -0.049796
v 0.563566 -1.609503 -0.081745
v 0.538428 -1.551806 -0.180789
v 0.470149 -1.474606 -0.169588
v 0.537095 -1.537217 -0.123994
v 0.501785 -1.443496 -0.123801
v 0.468554 -1.495499 -0.213003
v 0.293901 -1.464715 -0.216389
v 0.222954 -1.467775 -0.184916
v 0.370212 -1.465177 -0.217623
v 0.416131 0.694436 -0.151497
v 0.348399 0.729861 -0.050111
v 0.339235 0.752871 -0.000057
v 0.325470 0.853550 -0.122420
v 0.379249 0.831348 0.186876
v 0.300578 0.870410 0.048845
v 0.292803 0.871984 -0.056901
v 0.325940 0.919000 0.210355
v 0.393502 0.880310 0.240496
v 0.520663 0.804487 0.311483
v 0.569648 0.886181 0.307201
v 0.644877 0.796388 0.294934
v 0.619642 0.932603 0.271086
v 0.681471 0.913528 0.226547
v 0.430533 0.946352 0.281990
v 0.462953 1.091143 0.272396
v 0.545727 1.121312 0.234563
v 0.380297 1.073062 0.281974
v 0.327702 0.992812 0.266386
v 0.696588 0.982213 0.144861
v 0.696803 1.020713 0.070625
v 0.688900 1.025386 -0.001950
v 0.584580 1.196126 0.145529
v 0.596873 1.214196 0.041667
v 0.638330 1.079409 -0.065974
v 0.643853 0.932199 -0.138037
v 0.438997 0.877700 -0.214912
v 0.573213 0.895743 -0.197717
v 0.503007 1.114582 -0.156975
v 0.530013 0.465390 -0.128467
v 0.504866 0.431584 -0.051916
v 0.525012 0.325084 0.011312
v 0.509660 0.411480 0.100382
v 0.508444 0.476018 0.153451
v 0.477572 0.641642 0.225860
v 0.411571 0.625972 -0.091787
v 0.435192 0.570543 0.025739
v 0.769189 0.597012 0.226781
v 0.609461 0.439248 0.233124
v 0.656550 0.546304 0.266554
v 0.520396 0.691761 0.290332
v 0.580984 0.736846 0.314911
v 0.845645 0.530507 0.173074
v 0.884506 0.520205 0.024661
v 0.859112 0.551038 -0.040032
v 0.806588 0.585199 -0.100523
v 0.852536 0.607426 0.118900
v 0.811946 0.745124 0.035593
v 0.787366 0.753997 -0.047429
v 0.794955 0.488325 -0.130720
v 0.696510 0.500053 -0.171065
v 0.604057 0.497138 -0.177869
v 0.568897 0.808465 -0.206009
v 0.542636 0.722547 -0.205433
v 0.426136 0.784413 -0.193407
v 0.526162 -0.089573 0.043917
v 0.540916 0.217417 0.106149
v 0.562757 0.256126 0.164049
v 0.534797 0.211089 0.021406
v 0.556116 0.239909 -0.052007
v 0.582595 0.274485 -0.098954
v 0.569076 0.413116 0.201286
v 0.611171 0.190039 0.213159
v 0.673782 0.397009 0.244686
v 0.729990 0.514964 0.247905
v 0.833281 0.279241 0.224275
v 0.852480 0.372412 0.202206
v 0.885173 0.311003 0.177898
v 0.927219 0.147296 -0.009706
v 0.912528 0.361100 0.095812
v 0.930128 0.227198 0.028620
v 0.888779 0.357583 -0.064664
v 0.841975 0.175632 -0.123506
v 0.837647 -0.007122 -0.126788
v 0.788821 -0.038816 -0.148441
v 0.688683 0.056832 -0.151797
v 0.603181 0.049047 -0.118688
v 0.725507 0.304085 -0.151429
v 0.640324 0.258168 -0.136820
v 0.621785 0.352655 -0.145120
v 0.642158 -0.275008 0.108206
v 0.579777 -0.254006 -0.047025
v 0.554988 -0.217009 -0.041979
v 0.559569 -0.179955 0.078433
v 0.564715 -0.169105 -0.084310
v 0.541007 -0.108134 -0.040511
v 0.527617 -0.149157 -0.012359
v 0.551962 -0.100925 0.125670
v 0.590155 -0.082902 0.187578
v 0.522588 -0.216207 -0.150337
v 0.532619 -0.321508 -0.166006
v 0.726406 -0.265046 0.208097
v 0.798858 -0.245078 0.222678
v 0.620979 -0.193626 0.186669
v 0.912943 -0.241970 0.236943
v 0.847547 -0.083254 0.228086
v 0.648769 -0.139881 0.226997
v 0.722619 -0.144525 0.245516
v 0.812686 -0.180864 0.241127
v 0.900576 -0.050191 0.183951
v 0.966969 -0.404947 0.190474
v 0.995194 -0.376553 0.150668
v 0.979657 -0.408627 -0.042630
v 0.999976 -0.441223 0.054849
v 0.959956 -0.241059 0.206155
v 0.956337 -0.189588 -0.043236
v 0.975792 -0.205902 0.094025
v 0.935274 -0.046789 0.093856
v 0.896740 -0.036140 -0.076560
v 0.927929 -0.038895 -0.015415
v 0.927235 0.003683 0.126544
v 0.861624 -0.373636 -0.194887
v 0.817394 -0.348281 -0.205085
v 0.746569 -0.284153 -0.171922
v 0.650498 -0.286278 -0.090032
v 0.706657 -0.275398 -0.166483
v 0.598228 -0.339170 -0.181874
v 0.908508 -0.318086 -0.162650
v 0.646279 -0.294136 -0.231179
v 0.556177 -0.315755 -0.224544
v 0.837410 -0.210180 -0.190961
v 0.785425 -0.194273 -0.195644
v 0.707475 -0.208875 -0.174018
v 0.595867 -0.207003 -0.210909
v 0.894078 -0.148863 -0.127090
v 0.617868 -0.153628 -0.140586
v 0.628400 -0.116401 -0.125323
v 0.726935 -0.066111 -0.152625
v 0.371720 0.175889 -0.064852
v 0.194486 0.148324 0.308274
v 0.227350 0.132061 -0.207395
v 0.273786 0.163562 0.231481
v -0.321177 0.101672 0.347963
v 0.088428 0.166005 0.357135
v -0.216668 0.172838 0.373825
v -0.414461 0.077775 0.299605
v -0.541179 0.099974 0.134406
v -0.586057 0.081436 -0.079884
v -0.608233 0.082595 0.015033
v -0.219658 0.018416 -0.263986
v 0.106995 0.127566 -0.246388
v -0.709725 -0.298436 -0.139438
v -0.796461 -0.338019 -0.186405
vn 0.6432 -0.1459 -0.7517
vn 0.4784 0.4134 -0.7747
vn 0.8419 0.1401 -0.5212
vn 0.9558 -0.1828 -0.2302
vn 0.7805 -0.5666 -0.2643
vn 0.3853 -0.8363 -0.3900
vn 0.5483 -0.5846 -0.5980
vn 0.2939 0.0214 -0.9556
vn 0.2808 -0.4908 -0.8248
vn 0.2401 0.7556 -0.6094
vn 0.5936 0.6605 -0.4597
vn 0.9189 0.3482 -0.1852
vn 0.5886 0.7827 -0.2023
vn 0.8210 0.5278 -0.2176
vn 0.9163 -0.3988 0.0374
vn 0.6861 -0.7230 0.0808
vn 0.3787 -0.6784 0.6295
vn 0.4818 -0.2136 0.8498
vn 0.0437 -0.5682 0.8218
vn 0.8171 -0.2927 0.4966
vn -0.4748 -0.5168 0.7124
vn -0.3106 -0.2316 0.9219
vn -0.7127 -0.1060 0.6934
vn 0.0998 -0.1552 0.9828
vn -0.2201 -0.0520 0.9741
vn 0.6157 -0.0746 0.7844
vn 0.4071 -0.0560 0.9117
vn 0.1245 -0.0506 0.9909
vn 0.7877 -0.0856 0.6100
vn -0.9619 0.1177 -0.2468
vn -0.9715 0.0679 -0.2269
vn -0.8759 0.0613 -0.4785
vn -0.9879 -0.1220 0.0952
vn -0.9563 -0.0311 0.2907
vn -0.9966 0.0664 0.0480
vn -0.6707 0.1966 -0.7152
vn -0.6735 0.0423 -0.7380
vn -0.9372 0.0570 0.3440
vn 0.3452 0.3353 -0.8766
vn 0.0986 0.0988 -0.9902
vn 0.3335 0.1706 -0.9272
vn 0.0555 0.0226 -0.9982
vn -0.0133 0.0466 -0.9988
vn 0.0646 -0.0476 -0.9968
vn -0.0328 -0.0047 -0.9994
vn -0.3103 -0.1246 -0.9424
vn 0.0648 -0.3223 -0.9444
vn -0.0409 -0.0210 -0.9989
vn 0.1103 -0.1211 -0.9865
vn 0.2534 0.0372 -0.9667
vn 0.0360 0.1030 -0.9940
vn -0.1683 0.1577 -0.9730
vn -0.3178 0.3166 -0.8937
vn -0.4149 0.0219 -0.9096
vn -0.1620 0.0167 -0.9866
vn 0.0565 0.1351 -0.9892
vn 0.1261 -0.0068 -0.9920
vn -0.3828 0.0254 -0.9235
vn -0.1196 -0.0219 -0.9926
vn 0.9413 -0.0796 0.3281
vn 0.9887 0.0401 -0.1444
vn 0.9891 -0.0518 0.1375
vn 0.9656 -0.2199 0.1389
vn 0.8834 -0.0110 -0.4684
vn 0.9860 -0.0581 -0.1562
vn 0.8850 -0.0636 0.4613
vn 0.5190 0.1973 -0.8317
vn 0.7167 0.0022 -0.6973
vn 0.8698 0.2395 -0.4315
vn 0.2882 -0.0849 0.9538
vn 0.3639 -0.3021 0.8811
vn 0.0990 -0.1593 0.9822
vn -0.5691 0.0306 0.8217
vn -0.3932 0.0513 0.9180
vn -0.6688 0.1173 0.7342
vn -0.1916 -0.0048 0.9815
vn -0.0859 -0.0415 0.9954
vn -0.3870 0.0189 0.9219
vn -0.5897 0.0733 0.8043
vn -0.0339 -0.0798 0.9962
vn -0.2659 -0.0169 0.9638
vn 0.0239 -0.1209 0.9924
vn -0.1329 0.0013 0.9911
vn 0.1936 -0.0724 0.9784
vn 0.1302 -0.0127 0.9914
vn 0.3364 -0.5671 0.7518
vn 0.1172 -0.2884 0.9503
vn -0.9745 0.1441 0.1718
vn -0.9579 0.1245 -0.2587
vn -0.9884 0.1251 -0.0864
vn -0.7137 0.0724 -0.6967
vn -0.9032 0.1082 -0.4153
vn -0.9967 0.0778 0.0247
vn -0.9749 0.1169 -0.1896
vn -0.8091 0.0670 0.5838
vn -0.8668 0.1211 0.4838
vn -0.7612 0.1897 0.6201
vn 0.4734 -0.1442 -0.8690
vn 0.4262 -0.3283 -0.8430
vn 0.7877 -0.1795 -0.5894
vn -0.1481 -0.0021 -0.9890
vn 0.0749 -0.1727 -0.9821
vn 0.1793 -0.0560 -0.9822
vn -0.6604 0.0881 -0.7457
vn -0.4279 0.0176 -0.9036
vn 0.1446 -0.0310 -0.9890
vn 0.1539 -0.4785 -0.8645
vn 0.7950 -0.2032 0.5715
vn 0.8709 -0.3733 0.3198
vn 0.6203 -0.5352 0.5735
vn 0.7503 -0.6460 0.1406
vn 0.4500 -0.6401 -0.6228
vn 0.7479 -0.4219 -0.5125
vn -0.5057 -0.0253 0.8623
vn 0.5524 -0.1598 0.8181
vn -0.7939 -0.0063 0.6080
vn 0.4401 -0.0157 -0.8978
vn 0.9550 -0.2288 -0.1887
vn 0.9483 -0.2346 0.2137
vn 0.0069 0.0831 -0.9965
vn 0.1492 0.0389 -0.9880
vn -0.0685 0.0355 -0.9970
vn 0.4812 0.0625 -0.8744
vn 0.2381 0.0137 -0.9711
vn 0.3434 0.1096 -0.9328
vn -0.8286 -0.0061 0.5597
vn -0.9543 0.1321 0.2683
vn -0.8202 0.0927 0.5645
vn -0.9394 -0.0260 -0.3418
vn -0.9637 0.1479 -0.2223
vn -0.9977 -0.0616 -0.0288
vn -0.5478 -0.0720 0.8335
vn -0.7725 0.1422 -0.6189
vn -0.6258 0.1101 0.7722
vn -0.5232 0.0949 -0.8469
vn -0.7589 0.1371 -0.6367
vn -0.9779 0.1839 0.0997
vn -0.9143 0.2078 0.3478
vn -0.9599 0.2094 -0.1863
vn -0.3004 0.0498 -0.9525
vn -0.5174 0.1039 -0.8494
vn 0.2712 0.0984 0.9575
vn 0.0498 0.0886 0.9948
vn -0.1783 0.0902 0.9798
vn -0.4464 0.0853 0.8908
vn -0.3501 0.0148 0.9366
vn 0.3170 -0.0140 0.9483
vn 0.4619 0.0759 0.8837
vn 0.7024 0.1237 0.7010
vn 0.6075 0.0309 0.7937
vn 0.8277 0.0934 0.5533
vn 0.8324 -0.0274 0.5534
vn 0.7269 0.1034 -0.6789
vn 0.6263 0.1159 -0.7709
vn 0.8376 0.1147 0.5340
vn 0.9516 0.1294 0.2786
vn 0.9157 0.1678 0.3650
vn 0.9754 0.1610 0.1504
vn 0.9679 0.1421 -0.2075
vn 0.9384 0.1113 0.3272
vn 0.7804 0.1312 0.6113
vn -0.3911 0.2517 -0.8852
vn -0.3374 0.2807 -0.8985
vn -0.1120 0.1162 -0.9869
vn -0.1421 0.1028 -0.9845
vn -0.4509 0.4810 -0.7519
vn -0.5588 0.4174 -0.7166
vn -0.6285 0.6397 -0.4425
vn -0.5850 0.4282 -0.6888
vn -0.5753 0.7227 -0.3830
vn -0.4059 0.8721 -0.2733
vn -0.3425 0.7734 -0.5335
vn -0.4114 0.8907 0.1932
vn -0.2517 0.9671 -0.0365
vn -0.5956 0.7987 -0.0859
vn -0.3846 0.7237 0.5730
vn -0.2800 0.8692 0.4076
vn -0.5499 0.7383 0.3905
vn -0.1343 0.9762 0.1701
vn -0.1593 0.9512 -0.2642
vn -0.0315 0.8701 -0.4919
vn -0.1304 0.7632 0.6328
vn -0.0322 0.9229 0.3837
vn 0.0710 0.9972 -0.0222
vn 0.1204 0.9676 -0.2218
vn 0.1999 0.8843 -0.4220
vn 0.0993 0.7752 0.6239
vn 0.2752 0.8683 0.4127
vn 0.4115 0.8667 -0.2820
vn 0.1455 0.9669 0.2097
vn 0.4022 0.8931 0.2013
vn 0.5507 0.7350 -0.3958
vn 0.2850 0.7634 -0.5796
vn 0.3913 0.7354 0.5533
vn 0.5767 0.7599 0.3000
vn 0.3796 0.9243 -0.0393
vn 0.6492 0.7462 -0.1476
vn 0.6443 0.7620 0.0654
vn -0.5137 0.5584 -0.6514
vn -0.6510 0.5534 0.5196
vn 0.4914 0.5591 0.6677
vn 0.6659 0.5884 0.4586
vn 0.6677 0.5593 -0.4913
vn 0.4589 0.5880 -0.6661
vn -0.1969 -0.0562 -0.9788
vn -0.1902 -0.0729 -0.9790
vn -0.6113 0.0918 -0.7861
vn -0.3636 0.0417 -0.9306
vn -0.1230 -0.0058 -0.9924
vn -0.6040 -0.7880 -0.1195
vn -0.2106 -0.8301 -0.5163
vn -0.7298 -0.5397 -0.4197
vn -0.5597 -0.7711 0.3033
vn -0.2818 -0.6757 0.6812
vn -0.1256 -0.9079 0.3999
vn -0.1787 -0.9745 -0.1353
vn 0.1724 -0.9267 -0.3338
vn 0.0541 -0.6982 -0.7139
vn 0.2729 -0.9620 0.0109
vn -0.2490 -0.5715 -0.7819
vn -0.5283 -0.3471 -0.7749
vn 0.3249 -0.8741 0.3612
vn -0.7877 0.5411 0.2946
vn -0.6085 0.4499 0.6537
vn -0.6253 0.6390 0.4480
vn -0.7350 0.6721 -0.0904
vn -0.7489 0.5192 -0.4118
vn -0.6901 0.7106 0.1374
vn -0.7661 0.6329 0.1115
vn -0.7084 0.6667 -0.2317
vn -0.8881 0.4125 -0.2027
vn 0.5069 0.5509 0.6630
vn 0.6782 0.6951 0.2386
vn 0.6521 0.6452 0.3981
vn 0.7895 0.6034 0.1125
vn 0.7285 0.5897 0.3487
vn 0.7761 0.6267 -0.0701
vn 0.6873 0.7122 -0.1428
vn 0.6805 0.5299 -0.5061
vn 0.7747 0.6188 -0.1298
vn 0.6002 0.6224 -0.5023
vn -0.7234 0.3557 0.5918
vn -0.3400 0.2314 0.9115
vn -0.0250 0.0518 0.9983
vn -0.1525 0.0677 0.9860
vn -0.3195 0.2496 0.9141
vn -0.4335 0.4636 0.7728
vn 0.4551 -0.8486 0.2695
vn -0.3062 -0.7230 0.6193
vn -0.3495 -0.9284 0.1266
vn -0.7824 -0.5592 0.2740
vn -0.4025 -0.5027 0.7651
vn -0.4314 -0.7180 0.5462
vn -0.1002 -0.8982 -0.4281
vn -0.6596 -0.7516 0.0016
vn -0.5645 -0.6637 -0.4907
vn -0.7316 -0.6719 0.1156
vn -0.5465 -0.8333 0.0831
vn -0.2869 -0.8671 0.4071
vn -0.2673 -0.9380 0.2207
vn -0.4429 -0.8943 -0.0642
vn -0.5127 -0.8273 -0.2298
vn -0.2206 -0.8115 0.5410
vn -0.6059 -0.7097 0.3594
vn -0.7251 -0.6881 0.0278
vn 0.5721 -0.4294 0.6988
vn -0.1107 -0.3066 0.9454
vn 0.3069 -0.3888 -0.8687
vn 0.3044 -0.5981 -0.7413
vn 0.1035 -0.1915 -0.9760
vn 0.5320 -0.0670 -0.8441
vn 0.2339 0.3109 -0.9212
vn -0.0664 -0.3837 -0.9211
vn -0.1391 0.1036 -0.9848
vn -0.0681 0.6022 -0.7954
vn -0.3504 0.4698 -0.8102
vn -0.5451 -0.1510 -0.8247
vn 0.1975 -0.4715 0.8595
vn 0.7708 -0.5302 0.3533
vn 0.4037 -0.7406 0.5372
vn 0.5776 -0.7926 0.1952
vn 0.1931 -0.8272 0.5276
vn 0.6677 -0.7443 -0.0151
vn 0.6515 -0.5387 -0.5342
vn 0.5582 -0.7938 -0.2415
vn 0.2674 -0.9372 0.2239
vn 0.5682 -0.7546 0.3281
vn 0.4356 -0.8962 -0.0839
vn 0.2465 -0.9684 -0.0364
vn -0.4656 -0.7310 -0.4989
vn 0.1466 -0.9859 -0.0804
vn -0.5435 -0.8131 0.2084
vn 0.5392 -0.5311 0.6536
vn -0.3183 0.4083 -0.8556
vn -0.0486 0.2513 -0.9667
vn -0.3239 -0.0373 -0.9454
vn 0.1142 0.3818 -0.9172
vn 0.0204 -0.3048 -0.9522
vn 0.4337 0.3897 -0.8124
vn 0.2050 0.1625 -0.9652
vn -0.2335 -0.2180 -0.9476
vn 0.2385 -0.4362 -0.8677
vn 0.7664 0.1144 0.6321
vn 0.8556 0.1650 0.4906
vn 0.9298 0.1754 0.3237
vn 0.9522 0.1996 0.2313
vn 0.9655 0.1810 -0.1872
vn 0.9850 0.1620 0.0594
vn 0.9811 0.1081 -0.1605
vn 0.8579 0.1446 -0.4930
vn 0.6522 0.0692 -0.7549
vn 0.8676 0.1004 -0.4870
vn 0.6325 0.0707 -0.7713
vn 0.4437 0.0459 -0.8950
vn 0.7446 0.0776 -0.6630
vn 0.6251 0.0988 0.7742
vn 0.5551 0.0339 0.8311
vn 0.3833 -0.0340 0.9230
vn -0.7327 0.0440 -0.6792
vn -0.9431 0.1586 0.2924
vn -0.9129 0.1279 0.3877
vn -0.8176 0.1107 0.5651
vn -0.7671 0.1126 0.6316
vn -0.8757 0.1808 -0.4478
vn -0.8510 0.1781 0.4941
vn -0.9652 0.2318 0.1212
vn -0.7625 0.1163 0.6364
vn -0.5736 0.0653 0.8165
vn 0.3503 0.3034 0.8861
vn 0.2410 0.2221 0.9448
vn 0.1426 0.0731 0.9871
vn 0.5999 0.4085 0.6879
vn 0.1115 0.0702 0.9913
vn 0.0712 0.0391 0.9967
vn -0.0149 0.0555 0.9984
vn -0.0471 0.0703 0.9964
vn -0.2043 -0.1496 0.9674
vn -0.1948 0.1359 0.9714
vn -0.0413 -0.0290 0.9987
vn -0.4763 0.3905 0.7879
vn 0.0235 -0.2646 -0.9641
vn 0.0951 -0.0750 -0.9926
vn -0.1740 -0.3148 -0.9331
vn -0.0031 -0.1093 -0.9940
vn -0.4254 -0.2896 0.8574
vn -0.1830 -0.2646 0.9468
vn 0.6428 0.1512 0.7510
vn 0.2650 0.0149 0.9641
vn 0.4909 0.0782 0.8677
vn -0.0360 -0.2816 0.9589
vn -0.0069 -0.6117 0.7911
vn 0.0753 -0.0592 0.9954
vn -0.0073 0.8206 -0.5714
vn -0.6139 0.6412 -0.4603
vn -0.2883 0.9085 -0.3025
vn -0.1580 0.7330 -0.6617
vn 0.2321 0.9266 -0.2958
vn -0.0331 0.9535 -0.2995
vn -0.7611 0.1369 -0.6341
vn -0.3367 -0.4172 -0.8441
vn -0.9170 -0.3421 -0.2052
vn -0.9778 0.1382 -0.1576
vn -0.8667 0.4938 -0.0707
vn -0.2816 -0.7707 -0.5716
vn -0.6911 -0.4907 -0.5307
vn -0.6108 0.7767 -0.1541
vn -0.1108 -0.9197 -0.3766
vn -0.3217 -0.9255 -0.1998
vn -0.6488 -0.7407 -0.1746
vn 0.1506 -0.9539 -0.2596
vn -0.1106 -0.9865 -0.1209
vn 0.0657 -0.7663 -0.6391
vn 0.9864 0.1533 -0.0601
vn 0.6792 -0.6496 0.3417
vn 0.4055 0.8948 -0.1868
vn 0.5095 0.6588 -0.5535
vn -0.5419 0.8023 -0.2503
vn -0.2156 0.8508 -0.4791
vn 0.0734 0.9224 -0.3793
vn 0.2043 0.5777 -0.7903
vn -0.5703 0.5289 -0.6285
vn -0.6825 -0.7257 0.0866
vn -0.9604 -0.2772 0.0282
vn -0.8109 -0.4201 0.4074
vn -0.8430 0.4807 -0.2414
vn -0.8440 0.1210 -0.5225
vn -0.4909 -0.8707 -0.0305
vn 0.2140 -0.9762 -0.0351
vn -0.1595 -0.9859 0.0509
vn 0.2595 -0.9501 0.1730
vn 0.5612 -0.8217 -0.0991
vn -0.1131 -0.9155 0.3862
vn -0.4665 -0.8157 0.3421
vn 0.4985 -0.7382 -0.4545
vn 0.6182 -0.0568 -0.7840
vn -0.0978 -0.8919 0.4416
vn 0.7776 -0.4802 0.4058
vn 0.9507 -0.2795 0.1344
vn 0.1092 -0.9935 0.0325
vn 0.9823 -0.0000 -0.1871
vn 0.8535 0.1070 -0.5100
vn 0.8701 0.1896 -0.4549
vn -0.2888 0.0274 0.9570
vn 0.3295 -0.0054 0.9441
vn 0.5597 -0.3502 0.7511
vn 0.1418 -0.1674 0.9756
vn 0.0651 -0.5521 0.8312
vn -0.0865 -0.7413 0.6656
vn -0.8331 -0.3927 0.3897
vn -0.5161 -0.3452 0.7839
vn -0.0453 -0.9627 0.2668
vn -0.2440 -0.9565 0.1599
vn -0.2032 -0.9241 -0.3236
vn -0.4036 -0.8064 -0.4321
vn -0.9584 0.0137 0.2850
vn -0.7722 0.0252 -0.6349
vn -0.1222 -0.2960 0.9474
vn -0.5026 0.0184 -0.8643
vn -0.4059 -0.4556 -0.7922
vn -0.1931 0.0760 -0.9782
vn 0.8063 -0.3355 -0.4872
vn 0.8432 -0.5220 -0.1285
vn 0.8683 -0.4444 -0.2204
vn 0.8624 -0.3964 0.3147
vn 0.8916 -0.4172 0.1760
vn 0.7538 -0.6089 0.2470
vn 0.7807 -0.4086 0.4729
vn 0.5415 -0.6286 0.5582
vn 0.5786 -0.5802 -0.5733
vn 0.1993 -0.3944 0.8970
vn 0.1768 -0.0480 -0.9831
vn 0.4736 -0.2085 -0.8557
vn 0.3487 -0.2293 -0.9088
vn -0.1927 0.1304 -0.9726
vn -0.6523 0.3207 -0.6867
vn -0.4727 0.1881 -0.8609
vn -0.8818 0.2967 0.3665
vn -0.8800 0.4265 0.2092
vn -0.8583 0.5125 -0.0253
vn -0.9308 0.3522 0.0977
vn -0.8826 0.4237 -0.2037
vn -0.9040 0.3486 -0.2477
vn -0.6508 0.2144 0.7283
vn -0.2977 0.2105 0.9311
vn 0.5476 -0.2798 0.7885
vn 0.5668 -0.3229 0.7580
vn 0.3217 -0.1023 0.9413
vn 0.2260 -0.0510 0.9728
vn -0.3008 0.0016 0.9537
vn 0.7394 -0.3517 0.5741
vn 0.9309 -0.1778 0.3190
vn 0.9219 -0.3098 0.2327
vn 0.7667 -0.2666 0.5840
vn 0.8715 -0.3783 -0.3122
vn 0.9180 -0.3965 0.0034
vn 0.9802 -0.1978 0.0123
vn 0.6320 -0.3645 -0.6839
vn 0.7950 -0.2949 -0.5301
vn 0.6339 -0.3270 -0.7009
vn 0.6794 -0.2882 -0.6748
vn 0.1365 -0.1789 -0.9743
vn -0.7237 0.1694 0.6690
vn -0.9471 0.2152 0.2382
vn -0.7581 0.2143 -0.6160
vn -0.9359 0.2700 -0.2261
vn -0.8061 0.3452 -0.4806
vn -0.8395 0.1120 -0.5317
vn -0.9909 0.1203 -0.0601
vn -0.3323 -0.0189 0.9430
vn -0.4546 0.0496 0.8893
vn 0.5418 -0.0924 0.8354
vn 0.4393 -0.2853 0.8518
vn 0.1015 -0.1162 0.9880
vn 0.1640 -0.2009 0.9658
vn 0.8843 -0.0315 -0.4658
vn 0.9913 -0.0467 -0.1233
vn 0.9906 -0.1164 0.0717
vn 0.7885 -0.0940 0.6078
vn 0.9753 -0.0232 0.2197
vn 0.4668 -0.1168 -0.8766
vn 0.9615 -0.1487 -0.2311
vn -0.7815 0.1575 -0.6037
vn -0.5148 0.0362 -0.8565
vn -0.5149 0.1471 -0.8446
vn 0.1919 0.1091 -0.9753
vn 0.4734 -0.0139 -0.8807
vn -0.0463 -0.0662 -0.9967
vn -0.1951 0.1290 -0.9723
vn -0.5222 0.1012 -0.8468
vn -0.2004 -0.0107 -0.9797
vn 0.8260 0.0156 -0.5634
vn -0.8308 0.1683 0.5305
vn -0.7378 0.0781 0.6705
vn -0.9217 0.1023 0.3743
vn -0.9810 0.1436 0.1304
vn -0.9564 0.1409 -0.2558
vn -0.9800 0.0354 -0.1956
vn 0.5183 -0.1453 0.8428
vn 0.1688 -0.0206 0.9854
vn -0.0368 -0.0797 0.9961
vn 0.7337 -0.4263 0.5291
vn 0.7108 -0.7030 0.0235
vn 0.8886 -0.4436 0.1163
vn 0.9620 -0.2553 -0.0969
vn 0.8978 0.4354 -0.0663
vn 0.8464 0.4314 -0.3124
vn 0.7882 -0.5691 0.2343
vn 0.1733 -0.7229 -0.6689
vn -0.4818 -0.4263 -0.7656
vn -0.1679 -0.1956 -0.9662
vn -0.8417 -0.1550 -0.5172
vn 0.2199 0.0506 -0.9742
vn -0.5841 0.1553 -0.7967
vn -0.1582 -0.9798 -0.1220
vn -0.3521 -0.1775 -0.9190
vn 0.4502 -0.7881 -0.4197
vn -0.0518 0.1994 -0.9785
vn 0.6903 0.0267 -0.7231
vn 0.1484 0.6007 -0.7856
vn -0.3473 -0.5963 -0.7237
vn 0.2054 0.6253 -0.7529
vn 0.4524 0.2060 -0.8677
vn -0.8552 0.1947 -0.4803
vn -0.9201 -0.3786 -0.1005
vn -0.9755 0.2002 0.0907
vn -0.9747 0.1220 -0.1874
vn -0.8520 -0.2032 0.4825
vn -0.7660 0.1763 0.6182
vn -0.4237 0.2074 0.8818
vn 0.3556 -0.4618 0.8126
vn 0.0656 -0.4973 0.8651
vn -0.1527 -0.0446 0.9873
vn 0.2707 -0.2245 0.9361
vn -0.4302 -0.1185 0.8949
vn 0.4630 -0.8644 -0.1962
vn 0.7068 -0.6390 -0.3036
vn 0.3036 -0.8675 -0.3940
vn 0.5084 -0.8604 0.0342
vn 0.7625 -0.5454 0.3481
vn 0.8667 -0.4981 0.0258
vn 0.4153 -0.8588 0.2999
vn 0.5242 -0.5637 0.6383
vn 0.9376 -0.2631 -0.2273
vn 0.7576 0.0387 -0.6516
vn 0.9452 0.2204 -0.2408
vn 0.9412 0.2499 0.2272
vn 0.8685 0.0498 0.4932
vn 0.5675 0.0009 0.8234
vn -0.1017 -0.8259 0.5546
vn -0.5598 -0.5363 0.6316
vn -0.1925 -0.4738 0.8593
vn 0.2449 -0.7911 0.5606
vn 0.2099 -0.3250 0.9221
vn 0.0791 -0.4890 0.8687
vn 0.2524 0.0812 0.9642
vn -0.3934 -0.0695 0.9167
vn -0.5257 -0.8237 0.2124
vn -0.3054 -0.8649 0.3983
vn -0.4955 -0.8679 -0.0337
vn -0.7402 -0.5822 -0.3364
vn -0.7734 -0.6339 -0.0053
vn -0.4122 -0.8611 -0.2977
vn -0.5377 -0.5568 -0.6331
vn -0.8906 -0.3655 0.2708
vn -0.7618 0.1036 0.6395
vn -0.9915 -0.1094 -0.0701
vn -0.9155 0.2631 0.3044
vn -0.8237 0.0620 -0.5636
vn -0.6005 0.6186 0.5067
vn -0.2430 -0.7947 -0.5563
vn -0.4032 -0.3314 -0.8530
vn 0.4409 -0.6208 -0.6483
vn 0.4671 -0.2398 -0.8511
vn 0.1872 -0.5726 -0.7982
vn -0.4787 0.0164 -0.8778
vn -0.2078 -0.0601 -0.9763
vn -0.1086 -0.5408 -0.8341
vn 0.0771 -0.8627 -0.4999
vn 0.9787 -0.1628 0.1251
vn 0.8932 -0.3793 0.2416
vn 0.9263 -0.3765 -0.0128
vn 0.7382 -0.6745 0.0099
vn 0.8974 -0.3612 -0.2535
vn 0.6925 -0.6743 0.2564
vn 0.7809 -0.4063 0.4744
vn 0.5183 -0.7157 0.4680
vn 0.7372 -0.6346 -0.2320
vn 0.5065 -0.8475 -0.1587
vn 0.5909 -0.6977 -0.4051
vn 0.4754 -0.8564 0.2014
vn 0.5237 -0.8516 0.0242
vn 0.3811 -0.8583 -0.3435
vn -0.1668 -0.2137 0.9626
vn -0.3734 -0.3677 0.8517
vn -0.0975 -0.5943 0.7983
vn 0.2364 -0.3898 0.8900
vn 0.3687 -0.6335 0.6803
vn 0.5479 -0.3826 0.7439
vn 0.0780 -0.6670 0.7410
vn -0.4751 -0.6499 0.5931
vn -0.2911 -0.6553 0.6970
vn 0.2271 -0.7934 0.5648
vn -0.2068 -0.8471 0.4895
vn -0.0270 -0.8494 0.5271
vn -0.4088 -0.8358 0.3665
vn 0.3195 -0.8783 0.3556
vn 0.1335 -0.8823 0.4514
vn -0.9787 -0.1628 -0.1251
vn -0.8948 -0.3789 -0.2362
vn -0.9295 -0.3686 0.0063
vn -0.8222 -0.3432 0.4540
vn -0.6612 -0.6724 0.3329
vn -0.6464 -0.3973 0.6514
vn -0.8710 -0.4497 0.1977
vn -0.7345 -0.6785 -0.0092
vn -0.6910 -0.6747 -0.2594
vn -0.7148 -0.3697 -0.5935
vn -0.5811 -0.6735 -0.4569
vn -0.5098 -0.8468 0.1518
vn -0.4774 -0.8546 -0.2044
vn -0.5237 -0.8516 -0.0242
vn -0.3459 -0.8571 -0.3817
vn 0.1251 -0.1628 -0.9787
vn 0.2362 -0.3789 -0.8948
vn -0.0128 -0.3765 -0.9263
vn 0.0099 -0.6745 -0.7382
vn -0.2535 -0.3612 -0.8974
vn 0.2594 -0.6747 -0.6910
vn 0.5935 -0.3697 -0.7149
vn 0.4569 -0.6735 -0.5811
vn -0.2320 -0.6346 -0.7372
vn -0.1586 -0.8455 -0.5098
vn -0.4051 -0.6977 -0.5909
vn 0.2053 -0.8539 -0.4782
vn 0.0235 -0.8528 -0.5217
vn 0.8103 0.5179 0.2742
vn 0.8536 0.5196 0.0360
vn 0.8840 0.3385 -0.3225
vn 0.7153 0.3782 -0.5876
vn 0.8053 0.5515 -0.2177
vn 0.9579 0.2849 -0.0346
vn 0.7792 0.3091 0.5453
vn 0.9156 0.2824 0.2861
vn 0.8957 0.1667 -0.4123
vn 0.7589 0.1429 -0.6353
vn 0.9914 0.0776 -0.1052
vn 0.9752 0.0590 0.2133
vn 0.8759 0.0758 0.4765
vn 0.9696 -0.0764 -0.2324
vn 0.8224 -0.0942 -0.5611
vn 0.8691 -0.1277 0.4779
vn 0.5877 0.3866 0.7107
vn 0.5663 0.1956 0.8007
vn 0.7369 0.0583 0.6735
vn 0.6580 -0.1756 0.7323
vn 0.6488 0.0446 -0.7597
vn -0.0452 0.5251 0.8498
vn 0.2177 0.5553 0.8027
vn -0.3887 0.5662 0.7269
vn -0.2687 0.4428 0.8554
vn 0.3227 0.3300 0.8871
vn 0.0349 0.2847 0.9580
vn -0.5488 0.3080 0.7771
vn -0.2847 0.2741 0.9186
vn 0.1150 0.0857 0.9897
vn 0.4699 0.0302 0.8822
vn -0.2082 0.0626 0.9761
vn -0.4777 0.0687 0.8758
vn 0.1220 -0.0800 0.9893
vn 0.3437 -0.1101 0.9326
vn -0.0011 -0.2322 0.9727
vn -0.4018 -0.1281 0.9067
vn -0.6585 -0.1382 0.7398
vn -0.7149 0.3795 0.5873
vn -0.7601 0.1344 0.6358
vn -0.6545 0.0617 0.7536
vn -0.8060 0.5484 0.2229
vn -0.6528 0.7443 0.1414
vn -0.8475 0.5286 -0.0482
vn -0.7260 0.5701 -0.3845
vn -0.8554 0.4428 -0.2687
vn -0.8832 0.3400 0.3231
vn -0.9580 0.2847 0.0349
vn -0.7771 0.3080 -0.5488
vn -0.9186 0.2741 -0.2847
vn -0.8950 0.1704 0.4122
vn -0.9914 0.0776 0.1052
vn -0.9752 0.0590 -0.2133
vn -0.8759 0.0758 -0.4765
vn -0.9708 -0.0844 0.2246
vn -0.8713 -0.0665 0.4863
vn -0.8636 -0.1251 -0.4884
vn -0.5873 0.3795 -0.7149
vn -0.6353 0.1429 -0.7589
vn -0.7597 0.0446 -0.6488
vn -0.5611 -0.0942 -0.8224
vn -0.8233 -0.3946 -0.4080
vn 0.0202 0.7069 -0.7070
vn 0.0426 0.5088 -0.8598
vn -0.2174 0.5303 -0.8195
vn 0.2748 0.5183 -0.8099
vn -0.3254 0.3393 -0.8826
vn -0.0335 0.2828 -0.9586
vn 0.5451 0.3105 -0.7787
vn 0.2861 0.2824 -0.9156
vn -0.4123 0.1667 -0.8957
vn -0.1052 0.0776 -0.9914
vn 0.2133 0.0590 -0.9752
vn 0.4765 0.0758 -0.8759
vn -0.2324 -0.0764 -0.9696
vn 0.4884 -0.1251 -0.8636
vn 0.4080 -0.3946 -0.8233
vn -0.9989 -0.0478 0.0027
vn -0.9789 -0.1747 0.1064
vn -0.9670 -0.1473 -0.2080
vn -0.7262 -0.0929 0.6812
vn -0.3767 -0.0700 0.9237
vn -0.4548 -0.0830 0.8867
vn 0.6236 0.0385 0.7808
vn 0.3039 0.0123 0.9526
vn -0.1394 -0.0659 0.9880
vn 0.0227 -0.0378 0.9990
vn 0.7113 -0.0386 0.7019
vn 0.4311 -0.0453 0.9012
vn -0.7173 -0.1412 0.6823
vn 0.9975 0.0688 -0.0174
vn 0.9690 0.1114 0.2206
vn 0.9843 0.0095 0.1764
vn 0.8862 0.0106 0.4631
vn 0.8794 0.0528 0.4732
vn 0.9261 0.0690 -0.3710
vn -0.4105 0.0010 -0.9119
vn -0.6070 -0.1176 -0.7860
vn -0.3172 -0.0565 -0.9467
vn -0.8556 -0.1687 -0.4893
vn -0.8919 -0.4507 -0.0385
vn -0.7362 -0.4894 0.4675
vn -0.9011 -0.1853 0.3921
vn 0.8761 0.1905 0.4428
vn 0.8051 0.1152 0.5818
vn -0.2255 -0.1537 -0.9620
vn 0.1418 -0.0095 -0.9898
vn -0.0243 -0.0345 -0.9991
vn 0.2516 0.0295 -0.9674
vn -0.1780 -0.0341 -0.9834
vn -0.9910 -0.1114 0.0744
vn -0.9016 -0.2740 0.3347
vn -0.9416 -0.0721 0.3290
vn -0.8729 0.1926 -0.4484
vn -0.9613 0.0097 -0.2752
vn -0.9362 -0.0518 -0.3477
vn -0.9293 -0.0583 0.3646
vn -0.6378 0.2617 -0.7244
vn -0.7046 0.0006 -0.7097
vn -0.3734 -0.4604 0.8054
vn -0.0172 -0.1338 0.9909
vn -0.3744 -0.1280 0.9184
vn 0.3736 -0.3742 0.8487
vn -0.0189 -0.6993 0.7146
vn -0.7304 -0.2415 0.6388
vn 0.2269 -0.0730 0.9712
vn 0.6589 -0.1051 0.7449
vn -0.5636 -0.6862 0.4599
vn 0.5913 -0.5965 0.5427
vn 0.8465 -0.3714 0.3814
vn 0.9885 -0.1460 0.0387
vn 0.9489 -0.2651 0.1713
vn 0.9181 -0.0864 0.3868
vn 0.8217 0.0398 -0.5685
vn 0.9540 0.0977 -0.2835
vn 0.5533 0.0235 -0.8326
vn 0.7515 0.0619 -0.6569
vn -0.0612 0.0421 -0.9972
vn 0.2106 0.0055 -0.9776
vn 0.2779 0.2897 -0.9159
vn 0.7110 0.1979 -0.6748
vn 0.4728 0.0208 -0.8809
vn -0.7846 0.1353 -0.6051
vn -0.3054 -0.6280 -0.7158
vn -0.6452 -0.6160 -0.4519
vn -0.9284 -0.2771 -0.2475
vn -0.9621 0.2115 -0.1722
vn -0.7133 0.5904 -0.3777
vn -0.8301 0.5159 -0.2119
vn -0.7876 -0.6111 -0.0792
vn -0.9242 -0.3805 0.0321
vn -0.3824 0.7752 -0.5028
vn -0.3920 0.8939 -0.2175
vn 0.0105 -0.7563 -0.6541
vn 0.0378 -0.9177 -0.3955
vn -0.2569 -0.8926 -0.3706
vn 0.3417 -0.8476 -0.4059
vn -0.0203 -0.9771 -0.2120
vn 0.5484 -0.8171 -0.1778
vn 0.2381 -0.9551 -0.1763
vn -0.2577 -0.9568 -0.1343
vn 0.6724 -0.5462 -0.4995
vn 0.6887 0.4124 -0.5964
vn 0.9436 -0.1124 -0.3114
vn 0.4648 0.8060 -0.3665
vn 0.9007 0.4117 -0.1387
vn 0.8565 -0.5017 -0.1214
vn 0.1692 0.6874 -0.7063
vn -0.0645 0.9086 -0.4127
vn 0.1293 0.9060 -0.4030
vn 0.1579 0.8389 -0.5208
vn -0.9809 0.1598 -0.1110
vn -0.5253 -0.8508 -0.0167
vn -0.7154 -0.6772 0.1721
vn -0.5806 0.7218 -0.3767
vn 0.5439 -0.8386 -0.0299
vn 0.1643 -0.9864 0.0036
vn 0.5957 -0.7861 0.1650
vn -0.1294 -0.9913 -0.0225
vn -0.1929 -0.9586 0.2094
vn 0.2104 -0.9073 0.3641
vn -0.5251 -0.8246 -0.2107
vn 0.8376 -0.5433 0.0571
vn 0.9881 0.1428 -0.0574
vn 0.6145 0.7811 -0.1107
vn 0.4712 0.8465 -0.2477
vn 0.8165 0.5751 -0.0503
vn 0.5746 0.5849 -0.5725
vn 0.8934 0.3593 -0.2697
vn -0.3897 0.5459 -0.7417
vn -0.1483 0.8499 -0.5057
vn -0.2420 0.3335 -0.9112
vn -0.8097 -0.5608 0.1733
vn -0.8755 -0.4574 -0.1559
vn -0.9036 -0.4028 0.1458
vn -0.5886 -0.3602 0.7238
vn -0.5010 -0.5838 0.6389
vn -0.7748 -0.4509 0.4432
vn -0.7747 -0.3500 -0.5267
vn -0.5308 -0.6633 -0.5275
vn -0.1439 -0.3573 0.9228
vn -0.6687 -0.3456 -0.6583
vn -0.4504 -0.2325 -0.8620
vn 0.1691 0.1815 0.9688
vn -0.2693 -0.0506 0.9617
vn 0.0426 -0.1133 0.9926
vn 0.7339 0.3115 0.6036
vn 0.5005 0.3120 0.8075
vn 0.4807 0.1168 0.8691
vn -0.2587 -0.0890 0.9618
vn -0.4423 -0.2753 0.8536
vn 0.2068 0.1443 0.9677
vn 0.4617 0.2985 0.8353
vn 0.0436 -0.0442 0.9981
vn 0.6227 0.4305 0.6534
vn -0.7508 -0.3326 0.5707
vn 0.8538 0.3946 0.3397
vn 0.8014 0.4709 0.3687
vn 0.8854 0.4134 -0.2125
vn 0.7800 0.4083 -0.4742
vn 0.8535 0.5196 -0.0409
vn 0.6369 0.4067 -0.6550
vn 0.7343 0.5457 -0.4037
vn 0.8450 0.3200 -0.4284
vn 0.6418 0.2829 -0.7128
vn 0.2252 0.0322 -0.9738
vn -0.1603 -0.0139 -0.9870
vn 0.3515 0.1846 -0.9178
vn 0.0819 0.0851 -0.9930
vn 0.3584 0.2317 -0.9044
vn 0.0689 -0.0009 -0.9976
vn -0.0225 -0.1068 -0.9940
vn -0.9733 -0.2166 -0.0763
vn -0.9412 -0.2586 0.2173
vn -0.9043 -0.4012 0.1457
vn -0.8570 -0.3048 0.4155
vn -0.6889 -0.3747 -0.6205
vn -0.8218 -0.4338 -0.3693
vn -0.8811 -0.3506 -0.3174
vn -0.8984 -0.4107 -0.1554
vn -0.6452 -0.1886 0.7404
vn -0.8431 -0.0984 0.5287
vn -0.3561 -0.2036 0.9120
vn 0.0302 -0.2029 0.9787
vn 0.2843 -0.0240 0.9584
vn 0.5777 0.1095 0.8089
vn 0.6446 0.1163 0.7557
vn 0.7997 0.1930 0.5685
vn 0.9166 0.2859 0.2793
vn 0.7013 0.2123 -0.6805
vn 0.8826 0.2457 -0.4009
vn 0.8973 0.4322 0.0891
vn 0.9710 0.1462 0.1893
vn 0.9689 0.2310 -0.0890
vn -0.6440 -0.2063 -0.7366
vn -0.1259 -0.1744 -0.9766
vn 0.5453 0.0971 -0.8326
vn 0.8478 0.1184 -0.5170
vn -0.8463 0.0288 -0.5319
vn -0.9765 -0.1850 -0.1102
vn -0.9030 -0.0855 -0.4211
vn -0.8951 -0.1623 0.4152
vn -0.9716 -0.0495 0.2313
vn -0.9861 -0.0807 0.1455
vn -0.9948 -0.0180 -0.1007
vn -0.7327 -0.0963 0.6737
vn -0.7123 -0.1654 -0.6821
vn 0.4735 0.0392 0.8799
vn 0.0196 -0.0964 0.9951
vn -0.1349 -0.0614 0.9890
vn -0.5774 -0.0275 0.8160
vn -0.4450 -0.1789 0.8775
vn -0.1241 -0.1364 0.9829
vn 0.7718 0.1452 0.6191
vn 0.4030 0.0993 0.9098
vn 0.8178 0.0837 0.5694
vn 0.9496 0.0213 0.3129
vn 0.9573 0.0266 -0.2879
vn 0.9944 0.0815 -0.0678
vn 0.9816 0.1371 0.1326
vn 0.9576 0.1271 -0.2584
vn 0.8023 0.1509 -0.5776
vn 0.5139 0.0737 -0.8547
vn 0.2016 0.1371 -0.9698
vn 0.5224 0.0339 -0.8520
vn -0.1689 -0.0114 -0.9856
vn -0.3525 -0.0740 -0.9329
vn 0.0492 -0.0726 -0.9961
vn -0.6019 -0.0120 -0.7985
vn 0.2373 -0.0211 -0.9712
vn -0.6412 -0.7539 0.1432
vn -0.9540 -0.2802 0.1065
vn -0.8568 0.3779 -0.3508
vn -0.4939 0.1701 -0.8527
vn -0.6601 -0.4318 0.6146
vn -0.8615 -0.4008 0.3117
vn -0.9081 0.3682 -0.1996
vn -0.7438 -0.6620 0.0922
vn -0.1891 -0.9820 0.0017
vn -0.2665 -0.5645 0.7812
vn -0.0812 -0.4903 0.8678
vn 0.2243 -0.0537 0.9730
vn 0.9547 -0.0916 0.2829
vn 0.7947 0.1500 0.5882
vn 0.9114 -0.4078 -0.0556
vn 0.9813 0.1887 0.0392
vn 0.8910 -0.2345 -0.3888
vn 0.9301 0.1722 -0.3244
vn 0.5534 -0.5523 -0.6234
vn 0.4016 -0.8733 -0.2757
vn -0.4879 -0.3538 -0.7980
vn 0.1105 -0.9936 -0.0217
vn 0.3924 -0.3391 -0.8550
vn 0.2185 -0.6996 -0.6803
vn -0.1804 -0.2212 -0.9584
vn 0.3720 0.1991 -0.9066
vn -0.0030 0.1899 -0.9818
vn -0.1868 0.5606 -0.8067
vn -0.4754 -0.4239 -0.7709
vn 0.7240 0.0271 -0.6893
vn 0.6976 0.2439 -0.6737
vn -0.3323 0.6470 -0.6863
vn 0.9671 0.1992 -0.1583
vn 0.9264 0.1576 -0.3421
vn -0.8046 0.1260 0.5803
vn 0.0702 -0.0280 -0.9971
vn -0.9823 0.1783 -0.0575
vn -0.8503 0.2098 0.4826
vn 0.7052 -0.6581 -0.2637
vn 0.1027 -0.0345 -0.9941
vn -0.2638 0.0895 -0.9604
vn -0.2046 0.7328 -0.6490
vn -0.8216 0.5172 -0.2396
vn 0.1402 -0.7474 0.6494
vn 0.7671 0.2017 0.6090
vn 0.5747 0.0747 -0.8149
vn 0.3214 0.0239 -0.9467
vn 0.6182 0.0870 -0.7812
vn 0.9085 -0.1712 0.3813
vn 0.7596 -0.1143 0.6402
vn -0.4572 0.0581 0.8875
vn 0.3844 -0.4286 -0.8176
vn 0.2010 -0.5665 0.7992
vn 0.7537 -0.3945 -0.5256
vn -0.5256 -0.3945 -0.7537
vn 0.9346 0.3526 -0.0478
vn -0.0836 0.1323 -0.9877
vn -0.1529 0.1080 -0.9823
g Guy_Plane.001_Material.003
usemtl Material.003
s 1
f 2//1 3//2 4//3
f 4//3 7//4 2//1
f 5//5 345//6 1//7
f 278//8 2//1 341//9
f 278//8 3//2 2//1
f 3//2 327//10 6//11
f 10//12 8//13 349//14
f 5//5 11//15 12//16
f 1//7 345//6 341//9
f 17//17 22//18 16//19
f 18//20 22//18 17//17
f 14//21 15//22 19//23
f 16//19 20//24 15//22
f 22//18 20//24 16//19
f 15//22 20//24 25//25
f 21//26 23//27 22//18
f 20//24 24//28 25//25
f 22//18 24//28 20//24
f 23//27 24//28 22//18
f 27//29 21//26 22//18
f 363//30 33//31 34//32
f 31//33 32//34 36//35
f 29//36 34//32 35//37
f 32//34 105//38 36//35
f 37//39 38//40 576//41
f 38//40 39//42 41//43
f 38//40 41//43 575//44
f 39//42 40//45 41//43
f 400//46 44//47 43//48
f 45//49 404//50 39//42
f 39//42 403//51 40//45
f 43//48 42//52 41//43
f 357//53 50//54 51//55
f 49//56 51//55 52//57
f 51//55 54//58 107//59
f 58//60 27//29 18//20
f 56//61 60//62 350//63
f 59//64 61//65 56//61
f 60//62 62//66 58//60
f 48//67 108//68 57//69
f 103//70 67//71 66//72
f 69//73 63//74 70//75
f 104//76 64//77 63//74
f 64//77 75//78 63//74
f 75//78 77//79 70//75
f 71//80 76//81 64//77
f 73//82 71//80 66//72
f 71//80 975//83 76//81
f 325//84 132//85 73//82
f 66//72 71//80 64//77
f 67//71 68//86 72//87
f 73//82 132//85 71//80
f 81//88 83//89 79//90
f 83//89 82//91 78//92
f 83//89 85//93 84//94
f 36//35 81//88 79//90
f 105//38 106//95 80//96
f 106//95 70//75 80//96
f 70//75 304//97 80//96
f 87//98 92//99 96//100
f 88//101 90//102 89//103
f 86//104 82//91 91//105
f 107//59 88//101 55//106
f 92//99 90//102 181//107
f 93//108 97//109 102//110
f 97//109 100//111 102//110
f 92//99 101//112 98//113
f 26//114 104//76 69//73
f 23//27 103//70 24//28
f 23//27 21//26 65//115
f 21//26 93//108 65//115
f 28//116 69//73 106//95
f 54//58 88//101 107//59
f 89//103 87//98 53//117
f 87//98 96//100 108//68
f 96//100 95//118 59//64
f 62//66 94//119 93//108
f 111//120 112//121 113//122
f 114//123 981//124 405//125
f 399//126 121//127 116//128
f 395//129 118//130 394//131
f 399//126 116//128 119//132
f 117//133 118//130 395//129
f 119//132 116//128 122//134
f 117//133 120//135 125//136
f 121//127 124//137 126//138
f 118//130 125//136 127//139
f 115//140 120//135 109//141
f 128//142 129//143 132//85
f 129//143 130//144 975//83
f 131//145 122//134 973//146
f 129//143 975//83 132//85
f 132//85 974//147 133//148
f 130//144 973//146 975//83
f 133//148 140//149 381//150
f 140//149 137//151 136//152
f 142//153 114//123 138//154
f 137//151 141//155 135//156
f 141//155 144//157 135//156
f 135//156 143//158 139//159
f 136//152 135//156 382//160
f 381//150 140//149 136//152
f 140//149 972//161 141//155
f 422//162 147//163 421//164
f 46//165 147//163 42//52
f 147//163 148//166 47//167
f 149//168 148//166 146//169
f 150//170 156//171 151//172
f 157//173 160//174 152//175
f 155//176 158//177 154//178
f 158//177 161//179 157//173
f 151//172 159//180 163//181
f 179//182 162//183 158//177
f 161//179 165//184 160//174
f 164//185 167//186 163//181
f 162//183 166//187 170//188
f 164//185 172//189 167//186
f 169//190 170//188 173//191
f 172//189 174//192 168//193
f 170//188 171//194 178//195
f 175//196 177//197 172//189
f 176//198 177//197 175//196
f 700//199 150//170 151//172
f 680//200 155//176 154//178
f 171//194 659//201 644//202
f 174//192 641//203 703//204
f 182//205 91//105 183//206
f 88//101 91//105 182//205
f 91//105 307//207 184//208
f 183//206 184//208 980//209
f 189//210 188//211 739//212
f 190//213 192//214 194//215
f 193//216 195//217 188//211
f 195//217 200//218 188//211
f 193//216 194//215 196//219
f 195//217 101//112 200//218
f 739//212 201//220 198//221
f 197//222 68//86 102//110
f 202//223 221//224 205//225
f 203//226 149//168 427//227
f 202//223 205//225 204//228
f 206//229 208//230 203//226
f 204//228 205//225 206//229
f 47//167 208//230 563//231
f 211//232 213//233 210//234
f 210//234 213//233 540//235
f 212//236 215//237 213//233
f 213//233 215//237 216//238
f 216//238 217//239 214//240
f 215//237 218//241 216//238
f 216//238 218//241 217//239
f 218//241 37//39 217//239
f 432//242 435//243 221//224
f 228//244 224//245 222//246
f 221//224 222//246 226//247
f 221//224 226//247 205//225
f 232//248 235//249 234//250
f 235//249 238//251 234//250
f 236//252 239//253 235//249
f 230//254 240//255 237//256
f 238//251 243//257 240//255
f 238//251 241//258 243//257
f 242//259 244//260 241//258
f 244//260 247//261 241//258
f 241//258 247//261 245//262
f 246//263 921//264 244//260
f 921//264 247//261 244//260
f 247//261 921//264 248//265
f 941//266 233//267 235//249
f 952//268 230//254 237//256
f 796//269 249//270 805//271
f 249//270 251//272 805//271
f 796//269 253//273 249//270
f 251//272 252//274 813//275
f 252//274 785//276 813//275
f 252//274 254//277 785//276
f 255//278 259//279 261//280
f 261//280 263//281 265//282
f 262//283 264//284 263//281
f 264//284 266//285 263//281
f 265//282 267//286 269//287
f 267//286 268//288 269//287
f 266//285 271//289 268//288
f 272//290 258//291 508//292
f 265//282 269//287 521//293
f 275//294 276//295 274//296
f 276//295 277//297 279//298
f 277//297 327//10 3//2
f 277//297 3//2 278//8
f 283//299 282//300 37//39
f 45//49 284//301 383//302
f 218//241 283//299 37//39
f 288//303 291//304 972//161
f 292//305 291//304 288//303
f 292//305 293//306 291//304
f 292//305 295//307 293//306
f 748//308 747//309 292//305
f 747//309 296//310 295//307
f 296//310 297//311 295//307
f 745//312 298//313 296//310
f 297//311 971//314 145//315
f 286//316 972//161 970//317
f 286//316 970//317 300//318
f 84//94 301//319 83//89
f 302//320 305//321 85//93
f 308//322 305//321 302//320
f 306//323 308//322 302//320
f 84//94 978//324 301//319
f 308//322 977//325 305//321
f 305//321 979//326 84//94
f 977//325 979//326 305//321
f 306//323 309//327 308//322
f 82//91 83//89 301//319
f 77//79 306//323 304//97
f 77//79 976//328 306//323
f 91//105 301//319 307//207
f 312//329 211//232 313//330
f 311//331 312//329 313//330
f 313//330 211//232 209//332
f 385//333 318//334 316//335
f 315//336 224//245 223//337
f 316//335 317//338 224//245
f 316//335 318//334 551//339
f 317//338 222//246 224//245
f 311//331 313//330 318//334
f 317//338 225//340 226//247
f 321//341 187//342 320//343
f 200//218 181//107 201//220
f 188//211 200//218 201//220
f 321//341 185//344 187//342
f 742//345 323//346 192//214
f 287//347 729//348 728//349
f 323//346 74//350 199//351
f 729//348 73//82 324//352
f 300//318 325//84 729//348
f 199//351 72//87 68//86
f 325//84 73//82 729//348
f 323//346 324//352 73//82
f 286//316 300//318 287//347
f 277//297 326//353 327//10
f 329//354 330//355 328//356
f 327//10 326//353 331//357
f 328//356 330//355 332//358
f 6//11 327//10 8//13
f 326//353 332//358 331//357
f 327//10 331//357 8//13
f 334//359 329//354 275//294
f 274//296 273//360 334//359
f 336//361 338//362 334//359
f 338//362 340//363 329//354
f 274//296 334//359 275//294
f 273//360 343//364 335//365
f 337//366 330//355 329//354
f 344//367 347//368 343//364
f 347//368 339//369 343//364
f 346//370 365//371 344//367
f 341//9 342//372 279//298
f 343//364 339//369 335//365
f 10//12 349//14 348//373
f 7//4 348//373 350//63
f 348//373 349//14 56//61
f 351//374 350//63 18//20
f 8//13 352//375 349//14
f 349//14 354//376 57//69
f 330//355 358//377 333//378
f 353//379 354//376 352//375
f 353//379 333//378 356//380
f 333//378 358//377 355//381
f 357//53 49//56 356//380
f 356//380 48//67 354//376
f 332//358 353//379 331//357
f 332//358 333//378 353//379
f 360//382 359//383 336//361
f 13//384 31//33 359//383
f 362//385 363//30 30//386
f 336//361 359//383 338//362
f 365//371 364//387 347//368
f 366//388 367//389 365//371
f 366//388 12//16 368//390
f 368//390 351//374 17//17
f 347//368 364//387 339//369
f 346//370 9//391 366//388
f 370//392 16//19 14//21
f 370//392 14//21 369//393
f 383//302 371//394 375//395
f 374//396 378//397 377//398
f 373//399 377//398 379//400
f 371//394 379//400 380//401
f 378//397 382//160 377//398
f 375//395 380//401 138//154
f 380//401 134//402 138//154
f 380//401 379//400 134//402
f 379//400 377//398 139//159
f 379//400 139//159 134//402
f 315//336 223//337 386//403
f 384//404 376//405 310//406
f 223//337 119//132 386//403
f 384//404 381//150 376//405
f 315//336 130//144 129//143
f 129//143 128//142 385//333
f 315//336 386//403 130//144
f 128//142 133//148 384//404
f 310//406 376//405 314//407
f 387//408 397//409 393//410
f 388//411 392//412 397//409
f 389//413 394//131 392//412
f 390//414 395//129 389//413
f 394//131 398//415 392//412
f 393//410 397//409 399//126
f 397//409 398//415 399//126
f 109//141 117//133 396//416
f 387//408 393//410 227//417
f 401//418 396//416 391//419
f 402//420 401//418 400//46
f 40//45 403//51 402//420
f 383//302 375//395 404//50
f 403//51 405//125 111//120
f 406//421 408//422 445//423
f 409//424 407//425 413//426
f 409//424 413//426 410//427
f 410//427 413//426 412//428
f 412//428 413//426 387//408
f 411//429 389//413 408//422
f 413//426 392//412 388//411
f 413//426 408//422 392//412
f 389//413 392//412 408//422
f 44//47 391//419 411//429
f 436//430 387//408 227//417
f 412//428 387//408 436//430
f 417//431 415//432 416//433
f 418//434 421//164 417//431
f 419//435 422//162 450//436
f 422//162 421//164 418//434
f 146//169 147//163 422//162
f 454//437 432//242 425//438
f 425//438 432//242 202//223
f 426//439 202//223 203//226
f 456//440 424//441 455//442
f 427//227 146//169 419//435
f 429//443 430//444 432//242
f 462//445 433//446 434//447
f 431//448 434//447 228//244
f 430//444 228//244 435//243
f 463//449 431//448 430//444
f 414//450 410//427 433//446
f 433//446 412//428 436//430
f 436//430 227//417 228//244
f 435//243 228//244 222//246
f 438//451 439//452 437//453
f 441//454 440//455 469//456
f 469//456 439//452 438//451
f 444//457 441//454 442//458
f 440//455 409//424 439//452
f 441//454 445//423 440//455
f 437//453 439//452 410//427
f 444//457 446//459 441//454
f 445//423 407//425 440//455
f 446//459 406//421 445//423
f 443//460 449//461 416//433
f 443//460 416//433 444//457
f 457//462 454//437 452//463
f 453//464 451//465 423//466
f 451//465 455//442 423//466
f 481//467 451//465 453//464
f 482//468 452//463 451//465
f 429//443 432//242 457//462
f 453//464 423//466 419//435
f 458//469 457//462 483//470
f 471//471 437//453 460//472
f 459//473 463//449 458//469
f 460//472 461//474 459//473
f 460//472 462//445 461//474
f 463//449 429//443 457//462
f 461//474 462//445 431//448
f 466//475 467//476 489//477
f 464//478 468//479 438//451
f 468//479 469//456 438//451
f 468//479 467//476 469//456
f 476//480 442//458 466//475
f 442//458 441//454 470//481
f 505//482 477//483 506//484
f 473//485 476//480 472//486
f 475//487 476//480 473//485
f 474//488 475//487 473//485
f 477//483 448//489 447//490
f 477//483 481//467 448//489
f 472//486 476//480 488//491
f 515//492 479//493 480//494
f 516//495 480//494 482//468
f 482//468 480//494 452//463
f 517//496 478//497 505//482
f 517//496 516//495 478//497
f 516//495 515//492 480//494
f 528//498 471//471 527//499
f 524//500 527//499 458//469
f 527//499 471//471 459//473
f 521//293 269//287 484//501
f 269//287 270//502 484//501
f 268//288 271//289 270//502
f 270//502 271//289 486//503
f 486//503 485//504 270//502
f 491//505 487//506 486//503
f 487//506 488//491 486//503
f 271//289 982//507 486//503
f 260//508 257//509 494//510
f 493//511 494//510 257//509
f 264//284 494//510 502//512
f 493//511 498//513 494//510
f 983//514 496//515 495//516
f 494//510 498//513 503//517
f 496//515 499//518 495//516
f 499//518 500//519 491//505
f 496//515 500//519 499//518
f 497//520 501//521 496//515
f 500//519 501//521 491//505
f 502//512 504//522 501//521
f 498//513 474//488 503//517
f 513//523 505//482 498//513
f 491//505 501//521 487//506
f 271//289 983//514 982//507
f 272//290 507//524 493//511
f 508//292 507//524 272//290
f 507//524 514//525 511//526
f 509//527 514//525 507//524
f 511//526 513//523 493//511
f 511//526 517//496 513//523
f 512//528 515//492 516//495
f 512//528 526//529 515//492
f 519//530 520//531 523//532
f 524//500 526//529 523//532
f 484//501 528//498 521//293
f 525//533 528//498 527//499
f 523//532 526//529 512//528
f 523//532 512//528 510//534
f 523//532 510//534 255//278
f 530//535 533//536 529//537
f 531//538 533//536 530//535
f 531//538 536//539 534//540
f 532//541 549//542 536//539
f 534//540 535//543 533//536
f 535//543 542//544 533//536
f 534//540 539//545 535//543
f 534//540 537//546 539//545
f 538//547 541//548 209//332
f 540//235 214//240 539//545
f 209//332 210//234 537//546
f 542//544 217//239 37//39
f 544//549 547//550 548//551
f 543//552 550//553 549//542
f 549//542 550//553 541//548
f 548//551 550//553 546//554
f 548//551 551//339 550//553
f 550//553 551//339 554//555
f 552//556 317//338 551//339
f 225//340 317//338 552//556
f 544//549 546//554 543//552
f 554//555 551//339 313//330
f 543//552 549//542 532//541
f 555//557 547//550 545//558
f 556//559 560//560 558//561
f 557//562 571//563 560//560
f 558//561 559//564 555//557
f 559//564 553//565 547//550
f 561//566 562//567 559//564
f 561//566 565//568 563//231
f 563//231 206//229 562//567
f 225//340 562//567 207//569
f 206//229 207//569 562//567
f 566//570 572//571 571//563
f 570//572 573//573 569//574
f 571//563 572//571 564//575
f 569//574 574//576 568//577
f 573//573 575//44 569//574
f 569//574 575//44 574//576
f 567//578 568//577 566//570
f 574//576 575//44 41//43
f 574//576 41//43 42//52
f 564//575 42//52 47//167
f 565//568 564//575 47//167
f 566//570 571//563 557//562
f 579//579 580//580 578//581
f 578//581 584//582 577//583
f 580//580 583//584 584//582
f 581//585 592//586 583//584
f 582//587 585//588 594//589
f 584//582 585//588 582//587
f 583//584 587//590 586//591
f 585//588 530//535 593//592
f 586//591 531//538 585//588
f 587//590 532//541 531//538
f 599//593 600//594 604//595
f 597//596 601//597 591//598
f 604//595 602//599 597//596
f 600//594 605//600 603//601
f 602//599 606//602 601//597
f 604//595 608//603 607//604
f 605//600 612//605 608//603
f 606//602 588//606 592//586
f 607//604 609//607 606//602
f 609//607 543//552 588//606
f 607//604 543//552 609//607
f 608//603 545//558 544//549
f 616//608 617//609 615//610
f 613//611 620//612 611//613
f 614//614 620//612 613//611
f 615//610 623//615 614//614
f 617//609 621//616 623//615
f 619//617 622//618 621//616
f 623//615 624//619 620//612
f 621//616 626//620 625//621
f 622//618 627//622 626//620
f 624//619 555//557 612//605
f 625//621 556//559 624//619
f 626//620 557//562 556//559
f 620//612 612//605 605//600
f 632//623 633//624 631//625
f 631//625 637//626 630//627
f 633//624 636//628 637//626
f 589//629 595//630 636//628
f 635//631 638//632 629//633
f 637//626 638//632 635//631
f 636//628 640//634 639//635
f 595//630 593//592 640//634
f 638//632 566//570 627//622
f 639//635 566//570 638//632
f 640//634 529//537 567//578
f 645//636 643//637 176//198
f 641//203 648//638 646//639
f 642//640 649//641 648//638
f 647//642 650//643 645//636
f 646//639 652//644 651//645
f 648//638 653//646 652//644
f 650//643 654//647 649//641
f 647//642 655//648 650//643
f 652//644 657//649 660//650
f 654//647 658//651 579//579
f 174//192 642//640 641//203
f 644//202 645//636 178//195
f 666//652 647//642 644//202
f 671//653 656//654 647//642
f 656//654 590//655 658//651
f 658//651 590//655 581//585
f 658//651 581//585 580//580
f 579//579 578//581 657//649
f 657//649 577//583 660//650
f 651//645 660//650 661//656
f 166//187 663//657 662//658
f 179//182 663//657 166//187
f 664//659 663//657 179//182
f 664//659 665//660 663//657
f 659//201 668//661 666//652
f 662//658 669//662 668//661
f 667//663 670//664 665//660
f 668//661 672//665 676//666
f 670//664 673//667 669//662
f 667//663 674//668 670//664
f 672//665 677//669 678//670
f 673//667 599//593 598//671
f 673//667 679//672 599//593
f 674//668 610//673 679//672
f 678//670 591//598 676//666
f 171//194 662//658 659//201
f 155//176 664//659 179//182
f 685//674 667//663 664//659
f 690//675 675//676 667//663
f 677//669 597//596 678//670
f 676//666 590//655 656//654
f 154//178 681//677 680//200
f 153//678 682//679 681//677
f 152//175 682//679 153//678
f 683//680 682//679 152//175
f 683//680 684//681 682//679
f 680//200 687//682 685//674
f 681//677 688//683 687//682
f 686//684 689//685 684//681
f 685//674 691//686 690//675
f 687//682 692//687 691//686
f 689//685 693//688 688//683
f 686//684 694//689 689//685
f 691//686 697//690 696//691
f 696//691 610//673 690//675
f 693//688 698//692 616//608
f 150//170 683//680 152//175
f 706//693 686//684 683//680
f 711//694 695//695 686//684
f 695//695 699//696 698//692
f 698//692 619//617 618//697
f 698//692 618//697 617//609
f 616//608 615//610 697//690
f 697//690 613//611 696//691
f 696//691 613//611 610//673
f 690//675 610//673 675//676
f 701//698 702//699 704//700
f 705//701 702//699 701//698
f 700//199 708//702 706//693
f 704//700 709//703 708//702
f 707//704 710//705 705//701
f 706//693 712//706 711//694
f 708//702 713//707 712//706
f 710//705 714//708 709//703
f 707//704 715//709 710//705
f 712//706 716//710 699//696
f 714//708 717//711 632//623
f 703//204 705//701 168//193
f 646//639 707//704 703//204
f 651//645 661//656 707//704
f 661//656 660//650 717//711
f 717//711 589//629 634//712
f 717//711 634//712 633//624
f 632//623 631//625 716//710
f 716//710 630//627 699//696
f 711//694 699//696 695//695
f 756//713 723//714 722//715
f 719//716 768//717 727//718
f 725//719 728//349 726//720
f 743//721 727//718 768//717
f 766//722 743//721 768//717
f 765//723 725//719 767//724
f 726//720 729//348 766//722
f 727//718 721//725 719//716
f 731//726 734//727 775//728
f 777//729 730//730 765//723
f 731//726 732//731 747//309
f 784//732 741//733 738//734
f 720//735 740//736 739//212
f 721//725 191//737 724//738
f 743//721 742//345 727//718
f 728//349 729//348 726//720
f 748//308 289//739 734//727
f 730//730 744//740 725//719
f 734//727 744//740 730//730
f 732//731 745//312 747//309
f 738//734 198//221 322//741
f 736//742 750//743 749//744
f 737//745 738//734 750//743
f 817//746 751//747 753//748
f 823//749 752//750 755//751
f 817//746 753//748 756//713
f 752//750 756//713 755//751
f 753//748 719//716 718//752
f 822//753 823//749 754//754
f 758//755 761//756 763//757
f 759//758 761//756 770//759
f 757//760 763//757 768//717
f 759//758 764//761 761//756
f 762//762 764//761 759//758
f 757//760 768//717 719//716
f 761//756 764//761 763//757
f 764//761 766//722 763//757
f 765//723 767//724 764//761
f 763//757 766//722 768//717
f 769//763 758//755 757//760
f 760//764 759//758 770//759
f 771//765 762//762 760//764
f 773//766 775//728 778//767
f 772//768 765//723 762//762
f 775//728 777//729 772//768
f 776//769 732//731 774//770
f 732//731 731//726 773//766
f 782//771 733//772 776//769
f 775//728 730//730 777//729
f 780//773 783//774 779//775
f 779//775 782//771 836//776
f 822//753 754//754 784//732
f 780//773 736//742 783//774
f 783//774 735//777 782//771
f 736//742 735//777 783//774
f 780//773 784//732 737//745
f 254//277 787//778 785//276
f 254//277 795//779 788//780
f 254//277 789//781 787//778
f 254//277 788//780 789//781
f 789//781 790//782 787//778
f 786//783 790//782 792//784
f 793//785 820//786 789//781
f 815//787 786//783 794//788
f 797//789 799//790 798//791
f 800//792 799//790 797//789
f 799//790 801//793 798//791
f 800//792 802//794 804//795
f 799//790 804//795 801//793
f 801//793 803//796 798//791
f 796//269 797//789 253//273
f 795//779 798//791 788//780
f 805//271 807//797 796//269
f 805//271 806//798 811//799
f 806//798 808//800 812//801
f 807//797 809//802 802//794
f 805//271 251//272 806//798
f 251//272 250//803 806//798
f 800//792 807//797 802//794
f 807//797 800//792 796//269
f 250//803 814//804 816//805
f 813//275 814//804 250//803
f 814//804 840//806 816//805
f 817//746 818//807 790//782
f 820//786 817//746 789//781
f 819//808 821//809 793//785
f 818//807 823//749 792//784
f 821//809 751//747 820//786
f 824//810 823//749 822//753
f 789//781 817//746 790//782
f 792//784 824//810 794//788
f 804//795 825//811 827//812
f 827//812 825//811 830//813
f 826//814 828//815 819//808
f 826//814 827//812 828//815
f 828//815 769//763 821//809
f 827//812 829//816 828//815
f 803//796 819//808 791//817
f 825//811 831//818 830//813
f 830//813 771//765 760//764
f 829//816 760//764 770//759
f 821//809 769//763 751//747
f 811//799 832//819 773//766
f 810//820 837//821 833//822
f 831//818 778//767 830//813
f 830//813 778//767 771//765
f 834//823 836//776 835//824
f 837//821 834//823 833//822
f 808//800 837//821 810//820
f 824//810 839//825 838//826
f 840//806 779//775 834//823
f 838//826 781//827 779//775
f 838//826 839//825 781//827
f 779//775 836//776 834//823
f 779//775 781//827 780//773
f 839//825 822//753 781//827
f 840//806 837//821 808//800
f 846//828 847//829 843//830
f 849//831 848//832 845//833
f 844//834 847//829 372//835
f 848//832 374//396 845//833
f 847//829 373//399 372//835
f 859//836 314//407 848//832
f 372//835 371//394 383//302
f 844//834 372//835 284//301
f 841//837 844//834 895//838
f 851//839 850//840 882//841
f 854//842 853//843 852//844
f 850//840 855//845 881//846
f 853//843 851//839 852//844
f 851//839 856//847 850//840
f 854//842 857//848 853//843
f 856//847 855//845 850//840
f 856//847 858//849 855//845
f 220//850 312//329 857//848
f 881//846 849//831 875//851
f 852//844 851//839 882//841
f 857//848 312//329 856//847
f 859//836 310//406 314//407
f 860//852 863//853 854//842
f 862//854 865//855 864//856
f 864//856 863//853 860//852
f 863//853 220//850 854//842
f 865//855 280//857 219//858
f 864//856 212//236 863//853
f 889//859 865//855 862//854
f 889//859 866//860 865//855
f 893//861 867//862 868//863
f 868//863 281//864 869//865
f 866//860 869//865 283//299
f 284//301 285//866 281//864
f 894//867 867//862 893//861
f 894//867 895//838 867//862
f 895//838 844//834 284//301
f 872//868 873//869 877//870
f 873//869 874//871 877//870
f 870//872 876//873 841//837
f 871//874 877//870 842//875
f 875//851 845//833 874//871
f 902//876 874//871 898//877
f 879//878 881//846 902//876
f 879//878 880//879 881//846
f 880//879 905//880 882//841
f 905//880 878//881 852//844
f 882//841 850//840 881//846
f 907//882 883//883 878//881
f 883//883 887//884 854//842
f 886//885 889//859 885//886
f 887//884 861//887 860//852
f 910//888 884//889 887//884
f 920//890 895//838 892//891
f 841//837 895//838 920//890
f 890//892 886//885 912//893
f 926//894 927//895 900//896
f 928//897 897//898 896//899
f 897//898 899//900 896//899
f 900//896 899//900 872//868
f 899//900 897//898 872//868
f 900//896 872//868 871//874
f 898//877 873//869 897//898
f 929//901 898//877 928//897
f 901//902 871//874 870//872
f 906//903 905//880 939//904
f 904//905 879//878 903//906
f 937//907 903//906 929//901
f 938//908 904//905 937//907
f 940//909 906//903 936//910
f 908//911 906//903 940//909
f 908//911 907//882 906//903
f 951//912 908//911 940//909
f 909//913 911//914 948//915
f 950//916 949//917 909//913
f 909//913 949//917 912//893
f 910//888 908//911 951//912
f 911//914 910//888 951//912
f 911//914 912//893 884//889
f 908//911 883//883 907//882
f 914//918 915//919 913//920
f 916//921 919//922 918//923
f 916//921 917//924 919//922
f 915//919 918//923 913//920
f 918//923 891//925 913//920
f 919//922 870//872 920//890
f 920//890 892//891 919//922
f 919//922 892//891 918//923
f 891//925 890//892 913//920
f 949//917 913//920 912//893
f 248//265 922//926 247//261
f 922//926 248//265 923//927
f 925//928 926//894 967//929
f 934//930 928//897 924//931
f 928//897 896//899 924//931
f 934//930 929//901 928//897
f 967//929 926//894 917//924
f 923//927 930//932 931//933
f 955//934 922//926 931//933
f 921//264 932//935 934//930
f 246//263 933//936 932//935
f 935//937 939//904 933//936
f 932//935 933//936 938//908
f 935//937 936//910 939//904
f 239//253 236//252 933//936
f 940//909 936//910 935//937
f 934//930 937//907 929//901
f 941//266 942//938 945//939
f 944//940 947//941 942//938
f 943//942 946//943 944//940
f 947//941 948//915 945//939
f 948//915 951//912 940//909
f 233//267 941//266 935//937
f 229//944 943//942 231//945
f 945//939 940//909 935//937
f 245//262 954//946 237//256
f 957//947 959//948 956//949
f 953//950 961//951 952//268
f 956//949 959//948 963//952
f 930//932 964//953 960//954
f 958//955 961//951 965//956
f 964//953 966//957 963//952
f 930//932 966//957 964//953
f 963//952 966//957 967//929
f 961//951 915//919 965//956
f 965//956 915//919 914//918
f 967//929 917//924 916//921
f 931//933 930//932 960//954
f 925//928 967//929 966//957
f 229//944 952//268 958//955
f 142//153 971//314 114//123
f 145//315 971//314 142//153
f 144//157 291//304 293//306
f 144//157 972//161 291//304
f 143//158 293//306 294//958
f 143//158 969//959 139//159
f 133//148 970//317 140//149
f 974//147 300//318 970//317
f 132//85 325//84 974//147
f 123//960 126//138 977//325
f 977//325 309//327 123//960
f 124//137 979//326 126//138
f 978//324 979//326 124//137
f 112//121 981//124 186//961
f 113//122 186//961 980//209
f 981//124 971//314 187//342
f 983//514 495//516 982//507
f 48//67 52//57 53//117
f 4//3 3//2 6//11
f 7//4 4//3 10//12
f 4//3 6//11 10//12
f 6//11 8//13 10//12
f 345//6 5//5 9//391
f 341//9 2//1 1//7
f 5//5 7//4 11//15
f 9//391 5//5 12//16
f 14//21 16//19 15//22
f 13//384 14//21 19//23
f 19//23 15//22 25//25
f 28//116 19//23 26//114
f 19//23 25//25 26//114
f 26//114 25//25 104//76
f 18//20 27//29 22//18
f 25//25 24//28 104//76
f 31//33 13//384 32//34
f 32//34 13//384 19//23
f 32//34 19//23 28//116
f 363//30 31//33 33//31
f 29//36 30//386 34//32
f 30//386 363//30 34//32
f 33//31 31//33 36//35
f 363//30 361//962 31//33
f 32//34 28//116 105//38
f 38//40 285//866 39//42
f 40//45 43//48 41//43
f 40//45 400//46 43//48
f 357//53 29//36 50//54
f 49//56 357//53 51//55
f 102//110 65//115 93//108
f 52//57 51//55 107//59
f 51//55 50//54 54//58
f 54//58 50//54 35//37
f 52//57 55//106 53//117
f 50//54 29//36 35//37
f 48//67 53//117 108//68
f 350//63 58//60 18//20
f 57//69 108//68 59//64
f 57//69 59//64 56//61
f 350//63 60//62 58//60
f 58//60 62//66 27//29
f 56//61 61//65 60//62
f 27//29 62//66 21//26
f 64//77 103//70 66//72
f 103//70 65//115 67//71
f 973//146 76//81 975//83
f 67//71 102//110 68//86
f 63//74 75//78 70//75
f 64//77 76//81 75//78
f 72//87 74//350 73//82
f 83//89 302//320 85//93
f 75//78 973//146 77//79
f 66//72 72//87 73//82
f 66//72 67//71 72//87
f 77//79 973//146 976//328
f 33//31 79//90 78//92
f 78//92 82//91 86//104
f 78//92 79//90 83//89
f 81//88 80//96 303//963
f 80//96 304//97 303//963
f 35//37 78//92 86//104
f 81//88 303//963 302//320
f 92//99 89//103 90//102
f 36//35 79//90 33//31
f 81//88 105//38 80//96
f 106//95 69//73 70//75
f 35//37 86//104 54//58
f 95//118 98//113 99//964
f 88//101 54//58 91//105
f 54//58 86//104 91//105
f 88//101 182//205 90//102
f 55//106 88//101 89//103
f 101//112 92//99 181//107
f 93//108 94//119 97//109
f 94//119 95//118 100//111
f 420//965 46//165 43//48
f 97//109 94//119 100//111
f 95//118 99//964 100//111
f 98//113 101//112 99//964
f 96//100 92//99 98//113
f 102//110 100//111 197//222
f 104//76 24//28 64//77
f 24//28 103//70 64//77
f 103//70 23//27 65//115
f 69//73 104//76 63//74
f 28//116 26//114 69//73
f 36//35 105//38 81//88
f 105//38 28//116 106//95
f 33//31 78//92 34//32
f 52//57 107//59 55//106
f 55//106 89//103 53//117
f 53//117 87//98 108//68
f 59//64 95//118 61//65
f 61//65 95//118 60//62
f 108//68 96//100 59//64
f 62//66 60//62 94//119
f 94//119 60//62 95//118
f 21//26 62//66 93//108
f 111//120 405//125 112//121
f 111//120 113//122 110//966
f 110//966 115//140 109//141
f 110//966 113//122 115//140
f 112//121 405//125 981//124
f 113//122 112//121 186//961
f 398//415 394//131 121//127
f 394//131 118//130 121//127
f 117//133 109//141 120//135
f 122//134 116//128 123//960
f 116//128 121//127 123//960
f 118//130 117//133 125//136
f 123//960 121//127 126//138
f 121//127 118//130 124//137
f 124//137 118//130 127//139
f 386//403 119//132 131//145
f 130//144 386//403 131//145
f 128//142 132//85 133//148
f 130//144 131//145 973//146
f 131//145 119//132 122//134
f 136//152 137//151 135//156
f 138//154 134//402 142//153
f 134//402 139//159 142//153
f 137//151 140//149 141//155
f 135//156 144//157 143//158
f 139//159 377//398 135//156
f 405//125 138//154 114//123
f 165//184 159//180 160//174
f 421//164 147//163 46//165
f 146//169 148//166 147//163
f 43//48 46//165 42//52
f 44//47 420//965 43//48
f 42//52 147//163 47//167
f 150//170 152//175 156//171
f 153//678 157//173 152//175
f 153//678 154//178 157//173
f 154//178 158//177 157//173
f 156//171 152//175 160//174
f 151//172 156//171 159//180
f 156//171 160//174 159//180
f 157//173 161//179 160//174
f 155//176 179//182 158//177
f 158//177 162//183 161//179
f 180//967 151//172 163//181
f 163//181 159//180 164//185
f 183//206 90//102 182//205
f 162//183 169//190 161//179
f 179//182 166//187 162//183
f 165//184 161//179 169//190
f 163//181 167//186 168//193
f 169//190 162//183 170//188
f 165//184 175//196 164//185
f 165//184 169//190 175//196
f 164//185 175//196 172//189
f 175//196 169//190 173//191
f 170//188 166//187 171//194
f 167//186 172//189 168//193
f 175//196 173//191 176//198
f 173//191 170//188 178//195
f 172//189 177//197 174//192
f 176//198 173//191 178//195
f 178//195 171//194 644//202
f 168//193 174//192 703//204
f 701//698 163//181 168//193
f 180//967 163//181 701//698
f 181//107 90//102 321//341
f 321//341 90//102 185//344
f 193//216 190//213 194//215
f 183//206 91//105 184//208
f 185//344 183//206 980//209
f 187//342 185//344 186//961
f 186//961 185//344 980//209
f 739//212 188//211 201//220
f 190//213 191//737 192//214
f 189//210 193//216 188//211
f 207//569 226//247 225//340
f 194//215 192//214 199//351
f 196//219 194//215 197//222
f 197//222 194//215 199//351
f 196//219 99//964 195//217
f 197//222 199//351 68//86
f 191//737 742//345 192//214
f 196//219 197//222 100//111
f 196//219 100//111 99//964
f 195//217 99//964 101//112
f 203//226 202//223 204//228
f 427//227 149//168 146//169
f 204//228 206//229 203//226
f 203//226 208//230 149//168
f 149//168 208//230 47//167
f 206//229 205//225 207//569
f 428//968 203//226 427//227
f 216//238 540//235 213//233
f 149//168 47//167 148//166
f 209//332 211//232 210//234
f 211//232 212//236 213//233
f 227//417 224//245 228//244
f 215//237 219//858 218//241
f 211//232 220//850 212//236
f 219//858 280//857 218//241
f 221//224 435//243 222//246
f 238//251 242//259 241//258
f 952//268 229//944 230//254
f 229//944 231//945 230//254
f 231//945 232//248 234//250
f 230//254 231//945 234//250
f 230//254 234//250 240//255
f 234//250 238//251 240//255
f 235//249 239//253 238//251
f 272//290 260//508 258//291
f 239//253 246//263 242//259
f 240//255 243//257 237//256
f 237//256 243//257 245//262
f 242//259 246//263 244//260
f 243//257 241//258 245//262
f 232//248 941//266 235//249
f 233//267 236//252 235//249
f 250//803 251//272 813//275
f 251//272 249//270 252//274
f 252//274 249//270 253//273
f 252//274 253//273 254//277
f 253//273 795//779 254//277
f 253//273 797//789 795//779
f 255//278 256//969 259//279
f 258//291 262//283 256//969
f 262//283 260//508 264//284
f 256//969 262//283 259//279
f 969//959 297//311 145//315
f 261//280 259//279 263//281
f 259//279 262//283 263//281
f 265//282 263//281 267//286
f 267//286 263//281 268//288
f 263//281 266//285 268//288
f 268//288 270//502 269//287
f 508//292 258//291 256//969
f 520//531 261//280 265//282
f 519//530 255//278 261//280
f 275//294 328//356 276//295
f 273//360 274//296 279//298
f 279//298 274//296 276//295
f 276//295 328//356 277//297
f 279//298 277//297 278//8
f 279//298 278//8 341//9
f 343//364 273//360 279//298
f 869//865 281//864 282//300
f 285//866 38//40 282//300
f 285//866 282//300 281//864
f 37//39 282//300 38//40
f 283//299 869//865 282//300
f 218//241 280//857 283//299
f 45//49 39//42 285//866
f 45//49 285//866 284//301
f 286//316 288//303 972//161
f 286//316 290//970 288//303
f 290//970 287//347 289//739
f 288//303 290//970 292//305
f 290//970 289//739 292//305
f 289//739 748//308 292//305
f 293//306 295//307 294//958
f 292//305 747//309 295//307
f 747//309 745//312 296//310
f 296//310 298//313 297//311
f 745//312 299//971 298//313
f 298//313 299//971 297//311
f 286//316 287//347 290//970
f 297//311 299//971 319//972
f 971//314 297//311 319//972
f 350//63 12//16 11//15
f 294//958 295//307 969//959
f 303//963 304//97 302//320
f 85//93 305//321 84//94
f 304//97 306//323 302//320
f 301//319 978//324 307//207
f 84//94 979//326 978//324
f 308//322 309//327 977//325
f 306//323 976//328 309//327
f 70//75 77//79 304//97
f 91//105 82//91 301//319
f 858//849 311//331 310//406
f 310//406 311//331 318//334
f 220//850 211//232 312//329
f 856//847 312//329 311//331
f 859//836 858//849 310//406
f 856//847 311//331 858//849
f 385//333 310//406 318//334
f 315//336 385//333 316//335
f 315//336 316//335 224//245
f 551//339 318//334 313//330
f 316//335 551//339 317//338
f 222//246 317//338 226//247
f 299//971 746//973 319//972
f 746//973 749//744 319//972
f 187//342 750//743 322//741
f 319//972 749//744 187//342
f 322//741 320//343 187//342
f 320//343 201//220 321//341
f 201//220 181//107 321//341
f 749//744 750//743 187//342
f 198//221 320//343 322//741
f 198//221 201//220 320//343
f 200//218 101//112 181//107
f 319//972 187//342 971//314
f 192//214 323//346 199//351
f 287//347 300//318 729//348
f 72//87 199//351 74//350
f 74//350 323//346 73//82
f 742//345 743//721 323//346
f 743//721 324//352 323//346
f 729//348 324//352 743//721
f 326//353 328//356 332//358
f 332//358 330//355 333//378
f 277//297 328//356 326//353
f 334//359 273//360 335//365
f 335//365 336//361 334//359
f 334//359 338//362 329//354
f 335//365 339//369 336//361
f 337//366 329//354 340//363
f 275//294 329//354 328//356
f 338//362 361//962 340//363
f 341//9 345//6 342//372
f 343//364 342//372 344//367
f 342//372 346//370 344//367
f 342//372 345//6 346//370
f 344//367 365//371 347//368
f 346//370 345//6 9//391
f 343//364 279//298 342//372
f 11//15 7//4 350//63
f 29//36 362//385 30//386
f 350//63 348//373 56//61
f 349//14 57//69 56//61
f 7//4 10//12 348//373
f 349//14 352//375 354//376
f 354//376 48//67 57//69
f 353//379 356//380 354//376
f 333//378 357//53 356//380
f 333//378 355//381 357//53
f 357//53 355//381 29//36
f 331//357 352//375 8//13
f 331//357 353//379 352//375
f 330//355 337//366 358//377
f 356//380 49//56 48//67
f 340//363 362//385 337//366
f 337//366 362//385 358//377
f 339//369 360//382 336//361
f 340//363 361//962 362//385
f 362//385 355//381 358//377
f 360//382 13//384 359//383
f 361//962 363//30 362//385
f 406//421 415//432 411//429
f 338//362 359//383 361//962
f 339//369 364//387 360//382
f 361//962 359//383 31//33
f 365//371 367//389 364//387
f 366//388 9//391 12//16
f 364//387 367//389 360//382
f 367//389 369//393 360//382
f 367//389 366//388 368//390
f 367//389 370//392 369//393
f 367//389 368//390 370//392
f 368//390 12//16 351//374
f 360//382 369//393 13//384
f 370//392 368//390 17//17
f 365//371 346//370 366//388
f 351//374 18//20 17//17
f 370//392 17//17 16//19
f 13//384 369//393 14//21
f 371//394 372//835 373//399
f 374//396 377//398 373//399
f 374//396 376//405 378//397
f 371//394 373//399 379//400
f 375//395 371//394 380//401
f 376//405 136//152 378//397
f 376//405 381//150 136//152
f 378//397 136//152 382//160
f 377//398 382//160 135//156
f 314//407 376//405 374//396
f 223//337 227//417 393//410
f 223//337 393//410 119//132
f 315//336 129//143 385//333
f 385//333 128//142 384//404
f 384//404 133//148 381//150
f 310//406 385//333 384//404
f 387//408 388//411 397//409
f 389//413 395//129 394//131
f 391//419 396//416 390//414
f 397//409 392//412 398//415
f 390//414 396//416 395//129
f 119//132 393//410 399//126
f 401//418 109//141 396//416
f 396//416 117//133 395//129
f 391//419 44//47 400//46
f 400//46 401//418 391//419
f 399//126 398//415 121//127
f 400//46 40//45 402//420
f 39//42 404//50 403//51
f 403//51 111//120 402//420
f 403//51 404//50 405//125
f 404//50 375//395 405//125
f 402//420 110//966 401//418
f 401//418 110//966 109//141
f 402//420 111//120 110//966
f 45//49 383//302 404//50
f 405//125 375//395 138//154
f 407//425 445//423 408//422
f 413//426 407//425 408//422
f 406//421 411//429 408//422
f 387//408 413//426 388//411
f 411//429 390//414 389//413
f 417//431 447//490 418//434
f 415//432 44//47 411//429
f 411//429 391//419 390//414
f 416//433 415//432 446//459
f 450//436 422//162 418//434
f 417//431 420//965 415//432
f 417//431 421//164 420//965
f 419//435 146//169 422//162
f 415//432 420//965 44//47
f 449//461 417//431 416//433
f 414//450 460//472 437//453
f 447//490 450//436 418//434
f 456//440 425//438 424//441
f 425//438 426//439 424//441
f 423//466 427//227 419//435
f 424//441 428//968 423//466
f 424//441 426//439 428//968
f 423//466 428//968 427//227
f 202//223 432//242 221//224
f 426//439 425//438 202//223
f 426//439 203//226 428//968
f 455//442 424//441 423//466
f 462//445 414//450 433//446
f 431//448 462//445 434//447
f 430//444 431//448 228//244
f 432//242 430//444 435//243
f 434//447 433//446 436//430
f 228//244 434//447 436//430
f 433//446 410//427 412//428
f 464//478 438//451 437//453
f 469//456 440//455 439//452
f 443//460 444//457 442//458
f 414//450 437//453 410//427
f 441//454 446//459 445//423
f 410//427 439//452 409//424
f 440//455 407//425 409//424
f 471//471 464//478 437//453
f 449//461 475//487 447//490
f 447//490 448//489 450//436
f 448//489 453//464 419//435
f 444//457 416//433 446//459
f 450//436 448//489 419//435
f 443//460 476//480 449//461
f 476//480 475//487 449//461
f 448//489 481//467 453//464
f 480//494 457//462 452//463
f 452//463 456//440 451//465
f 452//463 454//437 456//440
f 457//462 432//242 454//437
f 455//442 451//465 456//440
f 454//437 425//438 456//440
f 481//467 482//468 451//465
f 471//471 460//472 459//473
f 459//473 461//474 463//449
f 483//470 524//500 458//469
f 458//469 463//449 457//462
f 463//449 461//474 431//448
f 429//443 463//449 430//444
f 489//477 467//476 468//479
f 464//478 465//974 468//479
f 466//475 470//481 467//476
f 466//475 442//458 470//481
f 467//476 470//481 469//456
f 488//491 476//480 466//475
f 470//481 441//454 469//456
f 471//471 490//975 464//478
f 506//484 477//483 474//488
f 5//5 2//1 7//4
f 474//488 477//483 475//487
f 475//487 477//483 447//490
f 505//482 481//467 477//483
f 476//480 443//460 442//458
f 478//497 481//467 505//482
f 478//497 516//495 482//468
f 478//497 482//468 481//467
f 480//494 479//493 457//462
f 479//493 518//976 483//470
f 458//469 527//499 459//473
f 499//518 982//507 495//516
f 528//498 490//975 471//471
f 479//493 483//470 457//462
f 484//501 270//502 485//504
f 484//501 485//504 489//477
f 486//503 488//491 485//504
f 484//501 465//974 490//975
f 484//501 489//477 465//974
f 465//974 489//477 468//479
f 485//504 488//491 466//475
f 490//975 465//974 464//478
f 491//505 486//503 982//507
f 487//506 504//522 488//491
f 485//504 466//475 489//477
f 266//285 492//977 271//289
f 266//285 264//284 492//977
f 264//284 260//508 494//510
f 271//289 492//977 497//520
f 492//977 264//284 502//512
f 983//514 497//520 496//515
f 502//512 494//510 503//517
f 496//515 501//521 500//519
f 497//520 502//512 501//521
f 497//520 492//977 502//512
f 502//512 503//517 473//485
f 504//522 502//512 473//485
f 498//513 505//482 506//484
f 473//485 503//517 474//488
f 498//513 506//484 474//488
f 504//522 473//485 472//486
f 504//522 472//486 488//491
f 487//506 501//521 504//522
f 517//496 514//525 516//495
f 257//509 272//290 493//511
f 508//292 509//527 507//524
f 493//511 507//524 511//526
f 510//534 512//528 509//527
f 509//527 512//528 514//525
f 509//527 255//278 510//534
f 513//523 517//496 505//482
f 514//525 512//528 516//495
f 256//969 509//527 508//292
f 570//572 542//544 573//573
f 515//492 526//529 518//976
f 493//511 513//523 498//513
f 265//282 522//978 520//531
f 265//282 521//293 522//978
f 522//978 525//533 520//531
f 522//978 521//293 525//533
f 523//532 520//531 524//500
f 524//500 520//531 525//533
f 521//293 528//498 525//533
f 524//500 525//533 527//499
f 526//529 524//500 518//976
f 255//278 519//530 523//532
f 261//280 520//531 519//530
f 484//501 490//975 528//498
f 531//538 534//540 533//536
f 531//538 532//541 536//539
f 534//540 536//539 538//547
f 536//539 541//548 538//547
f 534//540 538//547 537//546
f 535//543 539//545 542//544
f 537//546 538//547 209//332
f 537//546 540//235 539//545
f 539//545 214//240 217//239
f 539//545 217//239 542//544
f 540//235 537//546 210//234
f 536//539 549//542 541//548
f 561//566 560//560 565//568
f 529//537 533//536 570//572
f 544//549 545//558 547//550
f 546//554 544//549 548//551
f 543//552 546//554 550//553
f 547//550 552//556 548//551
f 548//551 552//556 551//339
f 541//548 550//553 554//555
f 553//565 225//340 552//556
f 541//548 554//555 313//330
f 547//550 553//565 552//556
f 209//332 541//548 313//330
f 556//559 558//561 555//557
f 556//559 557//562 560//560
f 555//557 559//564 547//550
f 558//561 561//566 559//564
f 570//572 567//578 529//537
f 560//560 564//575 565//568
f 559//564 562//567 553//565
f 561//566 563//231 562//567
f 553//565 562//567 225//340
f 563//231 565//568 47//167
f 206//229 563//231 208//230
f 560//560 571//563 564//575
f 568//577 567//578 569//574
f 643//637 177//197 176//198
f 566//570 568//577 572//571
f 572//571 568//577 574//576
f 564//575 572//571 574//576
f 573//573 576//41 575//44
f 573//573 542//544 576//41
f 542//544 37//39 576//41
f 576//41 38//40 575//44
f 564//575 574//576 42//52
f 577//583 582//587 596//979
f 596//979 582//587 594//589
f 577//583 584//582 582//587
f 578//581 580//580 584//582
f 580//580 581//585 583//584
f 594//589 585//588 593//592
f 584//582 586//591 585//588
f 584//582 583//584 586//591
f 583//584 592//586 587//590
f 587//590 592//586 588//606
f 593//592 530//535 529//537
f 585//588 531//538 530//535
f 586//591 587//590 531//538
f 587//590 588//606 532//541
f 581//585 590//655 591//598
f 581//585 591//598 592//586
f 596//979 594//589 595//630
f 598//671 604//595 597//596
f 598//671 599//593 604//595
f 600//594 611//613 605//600
f 597//596 602//599 601//597
f 604//595 600//594 603//601
f 602//599 607//604 606//602
f 602//599 604//595 607//604
f 604//595 603//601 608//603
f 603//601 605//600 608//603
f 606//602 609//607 588//606
f 588//606 543//552 532//541
f 607//604 544//549 543//552
f 607//604 608//603 544//549
f 608//603 612//605 545//558
f 600//594 610//673 611//613
f 601//597 606//602 592//586
f 591//598 601//597 592//586
f 615//610 617//609 623//615
f 617//609 618//697 621//616
f 618//697 619//617 621//616
f 614//614 623//615 620//612
f 620//612 624//619 612//605
f 623//615 625//621 624//619
f 623//615 621//616 625//621
f 621//616 622//618 626//620
f 612//605 555//557 545//558
f 624//619 556//559 555//557
f 625//621 626//620 556//559
f 626//620 627//622 557//562
f 619//617 628//980 622//618
f 622//618 629//633 627//622
f 611//613 620//612 605//600
f 630//627 635//631 628//980
f 628//980 635//631 629//633
f 630//627 637//626 635//631
f 631//625 633//624 637//626
f 633//624 634//712 636//628
f 634//712 589//629 636//628
f 629//633 638//632 627//622
f 637//626 639//635 638//632
f 637//626 636//628 639//635
f 636//628 595//630 640//634
f 627//622 566//570 557//562
f 639//635 567//578 566//570
f 639//635 640//634 567//578
f 640//634 593//592 529//537
f 589//629 596//979 595//630
f 595//630 594//589 593//592
f 628//980 629//633 622//618
f 643//637 650//643 649//641
f 641//203 642//640 648//638
f 644//202 647//642 645//636
f 642//640 643//637 649//641
f 669//662 665//660 670//664
f 646//639 648//638 652//644
f 648//638 649//641 653//646
f 649//641 654//647 653//646
f 650//643 655//648 654//647
f 647//642 656//654 655//648
f 651//645 652//644 660//650
f 652//644 653//646 657//649
f 653//646 579//579 657//649
f 653//646 654//647 579//579
f 654//647 655//648 658//651
f 655//648 656//654 658//651
f 174//192 177//197 642//640
f 178//195 645//636 176//198
f 659//201 666//652 644//202
f 666//652 671//653 647//642
f 579//579 658//651 580//580
f 657//649 578//581 577//583
f 660//650 577//583 596//979
f 660//650 596//979 589//629
f 659//201 662//658 668//661
f 664//659 667//663 665//660
f 662//658 663//657 669//662
f 688//683 684//681 689//685
f 666//652 668//661 671//653
f 671//653 668//661 676//666
f 668//661 669//662 672//665
f 669//662 673//667 672//665
f 670//664 674//668 673//667
f 667//663 675//676 674//668
f 676//666 672//665 678//670
f 672//665 598//671 677//669
f 672//665 673//667 598//671
f 673//667 674//668 679//672
f 674//668 675//676 610//673
f 676//666 591//598 590//655
f 171//194 166//187 662//658
f 155//176 680//200 664//659
f 680//200 685//674 664//659
f 685//674 690//675 667//663
f 679//672 610//673 600//594
f 599//593 679//672 600//594
f 677//669 598//671 597//596
f 678//670 597//596 591//598
f 656//654 671//653 676//666
f 680//200 681//677 687//682
f 683//680 686//684 684//681
f 681//677 682//679 688//683
f 700//199 180//967 704//700
f 685//674 687//682 691//686
f 687//682 688//683 692//687
f 688//683 693//688 692//687
f 689//685 694//689 693//688
f 686//684 695//695 694//689
f 690//675 691//686 696//691
f 691//686 692//687 697//690
f 692//687 616//608 697//690
f 692//687 693//688 616//608
f 693//688 694//689 698//692
f 694//689 695//695 698//692
f 154//178 153//678 681//677
f 150//170 700//199 683//680
f 700//199 706//693 683//680
f 706//693 711//694 686//684
f 698//692 699//696 619//617
f 616//608 698//692 617//609
f 697//690 615//610 614//614
f 697//690 614//614 613//611
f 610//673 613//611 611//613
f 702//699 710//705 709//703
f 180//967 701//698 704//700
f 700//199 704//700 708//702
f 703//204 707//704 705//701
f 704//700 702//699 709//703
f 718//752 721//725 724//738
f 706//693 708//702 712//706
f 708//702 709//703 713//707
f 709//703 714//708 713//707
f 710//705 715//709 714//708
f 707//704 661//656 715//709
f 711//694 712//706 699//696
f 712//706 713//707 716//710
f 713//707 632//623 716//710
f 713//707 714//708 632//623
f 714//708 715//709 717//711
f 715//709 661//656 717//711
f 168//193 705//701 701//698
f 641//203 646//639 703//204
f 646//639 651//645 707//704
f 717//711 660//650 589//629
f 632//623 717//711 633//624
f 716//710 631//625 630//627
f 699//696 630//627 628//980
f 699//696 628//980 619//617
f 754//754 755//751 720//735
f 723//714 718//752 724//738
f 720//735 755//751 722//715
f 755//751 756//713 722//715
f 723//714 191//737 740//736
f 741//733 754//754 720//735
f 767//724 725//719 726//720
f 767//724 726//720 766//722
f 766//722 729//348 743//721
f 775//728 734//727 730//730
f 765//723 730//730 725//719
f 784//732 754//754 741//733
f 735//777 736//742 749//744
f 737//745 784//732 738//734
f 722//715 723//714 740//736
f 720//735 722//715 740//736
f 198//221 720//735 739//212
f 190//213 740//736 191//737
f 740//736 189//210 739//212
f 746//973 732//731 733//772
f 721//725 742//345 191//737
f 741//733 720//735 198//221
f 727//718 742//345 721//725
f 725//719 744//740 728//349
f 744//740 287//347 728//349
f 747//309 748//308 734//727
f 745//312 746//973 299//971
f 734//727 289//739 744//740
f 744//740 289//739 287//347
f 731//726 747//309 734//727
f 825//811 809//802 831//818
f 746//973 735//777 749//744
f 750//743 738//734 322//741
f 738//734 741//733 198//221
f 733//772 735//777 746//973
f 736//742 737//745 750//743
f 818//807 817//746 752//750
f 823//749 818//807 752//750
f 753//748 751//747 719//716
f 751//747 757//760 719//716
f 752//750 817//746 756//713
f 754//754 823//749 755//751
f 756//713 753//748 718//752
f 760//764 762//762 759//758
f 757//760 758//755 763//757
f 758//755 770//759 761//756
f 762//762 765//723 764//761
f 764//761 767//724 766//722
f 751//747 769//763 757//760
f 769//763 770//759 758//755
f 778//767 775//728 772//768
f 772//768 777//729 765//723
f 774//770 732//731 773//766
f 773//766 731//726 775//728
f 776//769 733//772 732//731
f 778//767 772//768 771//765
f 836//776 776//769 774//770
f 836//776 782//771 776//769
f 771//765 772//768 762//762
f 780//773 781//827 784//732
f 779//775 783//774 782//771
f 781//827 822//753 784//732
f 780//773 737//745 736//742
f 782//771 735//777 733//772
f 785//276 786//783 815//787
f 785//276 787//778 786//783
f 787//778 790//782 786//783
f 788//780 793//785 789//781
f 788//780 791//817 793//785
f 794//788 786//783 792//784
f 795//779 797//789 798//791
f 796//269 800//792 797//789
f 799//790 800//792 804//795
f 798//791 803//796 791//817
f 788//780 798//791 791//817
f 805//271 811//799 807//797
f 811//799 806//798 812//801
f 807//797 811//799 809//802
f 808//800 810//820 812//801
f 806//798 250//803 808//800
f 811//799 812//801 832//819
f 785//276 815//787 813//275
f 813//275 815//787 814//804
f 808//800 250//803 816//805
f 815//787 794//788 814//804
f 816//805 840//806 808//800
f 790//782 818//807 792//784
f 793//785 821//809 820//786
f 824//810 792//784 823//749
f 820//786 751//747 817//746
f 791//817 819//808 793//785
f 803//796 826//814 819//808
f 819//808 828//815 821//809
f 827//812 830//813 829//816
f 828//815 770//759 769//763
f 828//815 829//816 770//759
f 829//816 830//813 760//764
f 801//793 826//814 803//796
f 801//793 827//812 826//814
f 801//793 804//795 827//812
f 804//795 802//794 825//811
f 846//828 374//396 373//399
f 809//802 811//799 773//766
f 831//818 809//802 773//766
f 812//801 810//820 833//822
f 832//819 812//801 833//822
f 835//824 833//822 834//823
f 832//819 833//822 835//824
f 831//818 773//766 778//767
f 835//824 836//776 774//770
f 835//824 774//770 832//819
f 832//819 774//770 773//766
f 840//806 814//804 838//826
f 814//804 794//788 838//826
f 840//806 834//823 837//821
f 840//806 838//826 779//775
f 838//826 794//788 824//810
f 839//825 824//810 822//753
f 844//834 876//873 842//875
f 877//870 846//828 843//830
f 877//870 845//833 846//828
f 843//830 847//829 842//875
f 844//834 842//875 847//829
f 847//829 846//828 373//399
f 856//847 853//843 857//848
f 848//832 314//407 374//396
f 875//851 849//831 845//833
f 284//301 372//835 383//302
f 881//846 855//845 849//831
f 219//858 864//856 865//855
f 855//845 859//836 849//831
f 855//845 858//849 859//836
f 854//842 220//850 857//848
f 849//831 859//836 848//832
f 861//887 864//856 860//852
f 861//887 862//854 864//856
f 888//981 885//886 889//859
f 863//853 212//236 220//850
f 861//887 888//981 862//854
f 888//981 889//859 862//854
f 864//856 215//237 212//236
f 867//862 895//838 284//301
f 868//863 867//862 281//864
f 281//864 867//862 284//301
f 866//860 868//863 869//865
f 280//857 866//860 283//299
f 865//855 866//860 280//857
f 871//874 872//868 877//870
f 870//872 871//874 876//873
f 876//873 871//874 842//875
f 841//837 876//873 844//834
f 842//875 877//870 843//830
f 874//871 845//833 877//870
f 898//877 874//871 873//869
f 902//876 875//851 874//871
f 905//880 906//903 878//881
f 906//903 907//882 878//881
f 879//878 904//905 880//879
f 904//905 905//880 880//879
f 902//876 881//846 875//851
f 881//846 880//879 882//841
f 882//841 905//880 852//844
f 852//844 878//881 854//842
f 878//881 883//883 854//842
f 912//893 886//885 885//886
f 887//884 884//889 888//981
f 883//883 910//888 887//884
f 887//884 888//981 861//887
f 854//842 887//884 860//852
f 890//892 893//861 868//863
f 912//893 885//886 884//889
f 886//885 866//860 889//859
f 870//872 841//837 920//890
f 900//896 917//924 926//894
f 892//891 894//867 891//925
f 890//892 868//863 886//885
f 891//925 894//867 893//861
f 892//891 895//838 894//867
f 886//885 868//863 866//860
f 927//895 896//899 899//900
f 900//896 927//895 899//900
f 942//938 232//248 944//940
f 901//902 900//896 871//874
f 872//868 897//898 873//869
f 928//897 898//877 897//898
f 929//901 903//906 898//877
f 903//906 902//876 898//877
f 938//908 905//880 904//905
f 903//906 879//878 902//876
f 937//907 904//905 903//906
f 936//910 906//903 939//904
f 948//915 911//914 951//912
f 911//914 909//913 912//893
f 910//888 911//914 884//889
f 950//916 909//913 948//915
f 915//919 916//921 918//923
f 919//922 917//924 901//902
f 919//922 901//902 870//872
f 918//923 892//891 891//925
f 912//893 913//920 890//892
f 949//917 914//918 913//920
f 921//264 924//931 248//265
f 921//264 934//930 924//931
f 923//927 248//265 927//895
f 248//265 924//931 927//895
f 925//928 923//927 927//895
f 925//928 927//895 926//894
f 927//895 924//931 896//899
f 923//927 925//928 930//932
f 922//926 923//927 931//933
f 236//252 233//267 935//937
f 933//936 236//252 935//937
f 934//930 932//935 937//907
f 937//907 932//935 938//908
f 933//936 939//904 938//908
f 921//264 246//263 932//935
f 246//263 239//253 933//936
f 939//904 905//880 938//908
f 949//917 946//943 965//956
f 944//940 231//945 943//942
f 229//944 958//955 943//942
f 935//937 941//266 945//939
f 944//940 946//943 947//941
f 945//939 942//938 947//941
f 943//942 958//955 946//943
f 945//939 948//915 940//909
f 947//941 946//943 950//916
f 948//915 947//941 950//916
f 962//982 954//946 963//952
f 232//248 231//945 944//940
f 946//943 958//955 965//956
f 237//256 953//950 952//268
f 237//256 954//946 953//950
f 954//946 245//262 956//949
f 955//934 957//947 956//949
f 957//947 960//954 959//948
f 957//947 931//933 960//954
f 958//955 952//268 961//951
f 953//950 962//982 961//951
f 955//934 245//262 247//261
f 954//946 956//949 963//952
f 963//952 959//948 964//953
f 959//948 960//954 964//953
f 963//952 968//983 962//982
f 963//952 967//929 968//983
f 961//951 962//982 915//919
f 962//982 968//983 915//919
f 949//917 965//956 914//918
f 968//983 967//929 916//921
f 142//153 969//959 145//315
f 247//261 922//926 955//934
f 957//947 955//934 931//933
f 930//932 925//928 966//957
f 915//919 968//983 916//921
f 140//149 970//317 972//161
f 141//155 972//161 144//157
f 143//158 144//157 293//306
f 969//959 143//158 294//958
f 309//327 122//134 123//960
f 133//148 974//147 970//317
f 974//147 325//84 300//318
f 975//83 71//80 132//85
f 122//134 976//328 973//146
f 127//139 125//136 978//324
f 125//136 307//207 978//324
f 125//136 120//135 307//207
f 307//207 120//135 184//208
f 126//138 979//326 977//325
f 127//139 978//324 124//137
f 120//135 115//140 184//208
f 115//140 113//122 980//209
f 184//208 115//140 980//209
f 114//123 971//314 981//124
f 186//961 981//124 187//342
f 193//216 196//219 195//217
f 983//514 271//289 497//520
f 48//67 49//56 52//57
f 102//110 67//71 65//115
f 973//146 75//78 76//81
f 83//89 81//88 302//320
f 35//37 34//32 78//92
f 92//99 87//98 89//103
f 95//118 96//100 98//113
f 420//965 421//164 46//165
f 165//184 164//185 159//180
f 183//206 185//344 90//102
f 193//216 189//210 190//213
f 207//569 205//225 226//247
f 216//238 214//240 540//235
f 227//417 223//337 224//245
f 238//251 239//253 242//259
f 272//290 257//509 260//508
f 262//283 258//291 260//508
f 969//959 295//307 297//311
f 350//63 351//374 12//16
f 29//36 355//381 362//385
f 406//421 446//459 415//432
f 417//431 449//461 447//490
f 414//450 462//445 460//472
f 483//470 518//976 524//500
f 5//5 1//7 2//1
f 479//493 515//492 518//976
f 499//518 491//505 982//507
f 517//496 511//526 514//525
f 509//527 256//969 255//278
f 570//572 533//536 542//544
f 561//566 558//561 560//560
f 570//572 569//574 567//578
f 643//637 642//640 177//197
f 643//637 645//636 650//643
f 669//662 663//657 665//660
f 688//683 682//679 684//681
f 700//199 151//172 180//967
f 702//699 705//701 710//705
f 718//752 719//716 721//725
f 723//714 756//713 718//752
f 723//714 724//738 191//737
f 190//213 189//210 740//736
f 746//973 745//312 732//731
f 825//811 802//794 809//802
f 846//828 845//833 374//396
f 856//847 851//839 853//843
f 219//858 215//237 864//856
f 888//981 884//889 885//886
f 883//883 908//911 910//888
f 890//892 891//925 893//861
f 900//896 901//902 917//924
f 942//938 941//266 232//248
f 949//917 950//916 946//943
f 962//982 953//950 954//946
f 955//934 956//949 245//262
f 142//153 139//159 969//959
f 309//327 976//328 122//134
o LeftEye_Sphere
v -0.429034 2.788096 -0.714432
v -0.429048 2.825615 -0.703053
v -0.429072 2.860194 -0.684573
v -0.429103 2.890502 -0.659702
v -0.429142 2.915376 -0.629396
v -0.429186 2.933860 -0.594819
v -0.429234 2.945244 -0.557301
v -0.429424 2.915388 -0.407168
v -0.429463 2.890517 -0.376859
v -0.429495 2.860211 -0.351985
v -0.436646 2.787346 -0.714441
v -0.443980 2.824145 -0.703072
v -0.450749 2.858059 -0.684600
v -0.456693 2.887785 -0.659737
v -0.461584 2.912181 -0.629437
v -0.465234 2.930310 -0.594865
v -0.467502 2.941474 -0.557350
v -0.468301 2.945246 -0.518333
v -0.467601 2.941478 -0.479314
v -0.465428 2.930318 -0.441792
v -0.461867 2.912193 -0.407209
v -0.457053 2.887800 -0.376894
v -0.451172 2.858076 -0.352012
v -0.444450 2.824164 -0.333520
v -0.437145 2.787367 -0.322128
v -0.443965 2.785126 -0.714451
v -0.458337 2.819789 -0.703090
v -0.471593 2.851736 -0.684626
v -0.483223 2.879737 -0.659770
v -0.492780 2.902718 -0.629476
v -0.499896 2.919795 -0.594908
v -0.504300 2.930312 -0.557396
v -0.505820 2.933864 -0.518380
v -0.504399 2.930316 -0.479360
v -0.500091 2.919803 -0.441835
v -0.493062 2.902730 -0.407248
v -0.483583 2.879752 -0.376927
v -0.472016 2.851753 -0.352039
v -0.458807 2.819809 -0.333538
v -0.444464 2.785147 -0.322137
v -0.450711 2.781520 -0.714459
v -0.471570 2.812717 -0.703106
v -0.490803 2.841468 -0.684650
v -0.507673 2.866668 -0.659800
v -0.521530 2.887351 -0.629512
v -0.531842 2.902720 -0.594948
v -0.538212 2.912185 -0.557438
v -0.540397 2.915382 -0.518423
v -0.538312 2.912189 -0.479402
v -0.532036 2.902728 -0.441875
v -0.521812 2.887363 -0.407284
v -0.508032 2.866683 -0.376958
v -0.491226 2.841485 -0.352062
v -0.472040 2.812736 -0.333555
v -0.451210 2.781541 -0.322145
v -0.456624 2.776668 -0.714466
v -0.483168 2.803198 -0.703120
v -0.507641 2.827649 -0.684671
v -0.529103 2.849081 -0.659827
v -0.546729 2.866670 -0.629543
v -0.559842 2.879741 -0.594983
v -0.567937 2.887790 -0.557475
v -0.570704 2.890510 -0.518460
v -0.568037 2.887794 -0.479439
v -0.560037 2.879749 -0.441909
v -0.547012 2.866682 -0.407315
v -0.529463 2.849096 -0.376984
v -0.508064 2.827667 -0.352083
v -0.483638 2.803218 -0.333569
v -0.457123 2.776689 -0.322152
v -0.461476 2.770755 -0.714472
v -0.492686 2.791600 -0.703132
v -0.521460 2.810811 -0.684687
v -0.546691 2.827651 -0.659848
v -0.567410 2.841470 -0.629568
v -0.582821 2.851740 -0.595010
v -0.592332 2.858065 -0.557504
v -0.595577 2.860203 -0.518490
v -0.592431 2.858070 -0.479468
v -0.583016 2.851748 -0.441937
v -0.567693 2.841482 -0.407340
v -0.547050 2.827666 -0.377005
v -0.521883 2.810829 -0.352100
v -0.493156 2.791620 -0.333580
v -0.461975 2.770776 -0.322158
v -0.465082 2.764010 -0.714476
v -0.499759 2.778368 -0.703140
v -0.531728 2.791601 -0.684699
v -0.559759 2.803201 -0.659863
v -0.582777 2.812721 -0.629586
v -0.599896 2.819795 -0.595030
v -0.610459 2.824152 -0.557525
v -0.614059 2.825625 -0.518512
v -0.610558 2.824157 -0.479489
v -0.600091 2.819803 -0.441957
v -0.583060 2.812732 -0.407358
v -0.560119 2.803216 -0.377021
v -0.532151 2.791619 -0.352112
v -0.500229 2.778388 -0.333589
v -0.465581 2.764030 -0.322163
v -0.467302 2.756690 -0.714479
v -0.504114 2.764010 -0.703145
v -0.538051 2.770757 -0.684706
v -0.567807 2.776671 -0.659872
v -0.592240 2.781525 -0.629596
v -0.610411 2.785132 -0.595042
v -0.621621 2.787355 -0.557538
v -0.625440 2.788106 -0.518524
v -0.621721 2.787359 -0.479501
v -0.610606 2.785141 -0.441969
v -0.592523 2.781537 -0.407368
v -0.568167 2.776686 -0.377029
v -0.538474 2.770775 -0.352119
v -0.504584 2.764030 -0.333593
v -0.467801 2.756711 -0.322165
v -0.468052 2.749078 -0.714479
v -0.505585 2.749079 -0.703146
v -0.540186 2.749080 -0.684708
v -0.570525 2.749081 -0.659874
v -0.595436 2.749083 -0.629598
v -0.613962 2.749084 -0.595044
v -0.625390 2.749086 -0.557540
v -0.629283 2.749089 -0.518527
v -0.625490 2.749091 -0.479504
v -0.614156 2.749093 -0.441971
v -0.595718 2.749094 -0.407370
v -0.570884 2.749096 -0.377031
v -0.540609 2.749097 -0.352120
v -0.506055 2.749098 -0.333594
v -0.468551 2.749099 -0.322166
v -0.467302 2.741466 -0.714478
v -0.504114 2.734147 -0.703143
v -0.538051 2.727402 -0.684704
v -0.567807 2.721491 -0.659869
v -0.592240 2.716640 -0.629592
v -0.610411 2.713037 -0.595038
v -0.621621 2.710818 -0.557534
v -0.625440 2.710070 -0.518520
v -0.621721 2.710822 -0.479497
v -0.610606 2.713045 -0.441965
v -0.592523 2.716652 -0.407365
v -0.568167 2.721506 -0.377026
v -0.538474 2.727420 -0.352116
v -0.504584 2.734167 -0.333592
v -0.467801 2.741487 -0.322164
v -0.465082 2.734147 -0.714475
v -0.499759 2.719789 -0.703137
v -0.531728 2.706558 -0.684695
v -0.559759 2.694961 -0.659857
v -0.582777 2.685445 -0.629579
v -0.599896 2.678374 -0.595023
v -0.610459 2.674020 -0.557517
v -0.614059 2.672552 -0.518504
v -0.610558 2.674025 -0.479481
v -0.600091 2.678382 -0.441950
v -0.583060 2.685457 -0.407351
v -0.560119 2.694976 -0.377015
v -0.532151 2.706576 -0.352107
v -0.500229 2.719809 -0.333585
v -0.465581 2.734167 -0.322161
v -0.461476 2.727401 -0.714470
v -0.492686 2.706557 -0.703127
v -0.521460 2.687348 -0.684681
v -0.546691 2.670511 -0.659839
v -0.567410 2.656695 -0.629558
v -0.582821 2.646429 -0.594999
v -0.592332 2.640107 -0.557492
v -0.595577 2.637975 -0.518478
v -0.592431 2.640112 -0.479456
v -0.583016 2.646437 -0.441926
v -0.567693 2.656707 -0.407330
v -0.547050 2.670527 -0.376997
v -0.521883 2.687366 -0.352093
v -0.493156 2.706577 -0.333576
v -0.461975 2.727422 -0.322156
v -0.456624 2.721488 -0.714463
v -0.483168 2.694959 -0.703115
v -0.507641 2.670510 -0.684662
v -0.529103 2.649081 -0.659816
v -0.546729 2.631495 -0.629530
v -0.559842 2.618428 -0.594969
v -0.567937 2.610383 -0.557460
v -0.570704 2.607667 -0.518445
v -0.568037 2.610387 -0.479424
v -0.560037 2.618436 -0.441895
v -0.547012 2.631507 -0.407302
v -0.529463 2.649096 -0.376973
v -0.508064 2.670528 -0.352075
v -0.483638 2.694979 -0.333563
v -0.457123 2.721509 -0.322150
v -0.450711 2.716636 -0.714456
v -0.471570 2.685441 -0.703099
v -0.490803 2.656692 -0.684640
v -0.507673 2.631494 -0.659788
v -0.521530 2.610814 -0.629497
v -0.531842 2.595449 -0.594932
v -0.538212 2.585988 -0.557421
v -0.540397 2.582795 -0.518405
v -0.538312 2.585992 -0.479385
v -0.532036 2.595457 -0.441859
v -0.521812 2.610826 -0.407269
v -0.508032 2.631509 -0.376945
v -0.491226 2.656709 -0.352053
v -0.472040 2.685460 -0.333548
v -0.451210 2.716657 -0.322142
v -0.443965 2.713030 -0.714447
v -0.458337 2.678368 -0.703082
v -0.471593 2.646424 -0.684615
v -0.483223 2.618425 -0.659756
v -0.492780 2.595447 -0.629460
v -0.499896 2.578374 -0.594890
v -0.504300 2.567861 -0.557377
v -0.505820 2.564313 -0.518360
v -0.504399 2.567865 -0.479341
v -0.500091 2.578382 -0.441817
v -0.493062 2.595459 -0.407232
v -0.483583 2.618440 -0.376913
v -0.472016 2.646441 -0.352028
v -0.458807 2.678388 -0.333531
v -0.444464 2.713051 -0.322133
v -0.436646 2.710810 -0.714437
v -0.443980 2.674013 -0.703064
v -0.450749 2.640101 -0.684588
v -0.456693 2.610377 -0.659722
v -0.461584 2.585984 -0.629419
v -0.465234 2.567859 -0.594846
v -0.467502 2.556699 -0.557329
v -0.468301 2.552932 -0.518312
v -0.467601 2.556703 -0.479293
v -0.465428 2.567867 -0.441772
v -0.461867 2.585996 -0.407191
v -0.457053 2.610392 -0.376879
v -0.451172 2.640118 -0.352001
v -0.444450 2.674032 -0.333512
v -0.437145 2.710831 -0.322124
v -0.429034 2.710060 -0.714428
v -0.429048 2.672542 -0.703045
v -0.429072 2.637966 -0.684561
v -0.429103 2.607660 -0.659687
v -0.429142 2.582789 -0.629378
v -0.429186 2.564309 -0.594800
v -0.429234 2.552929 -0.557280
v -0.429283 2.549089 -0.518262
v -0.429333 2.552934 -0.479244
v -0.429381 2.564317 -0.441726
v -0.429424 2.582801 -0.407150
v -0.429463 2.607675 -0.376844
v -0.429495 2.637983 -0.351973
v -0.429518 2.672562 -0.333493
v -0.429533 2.710081 -0.322114
v -0.421422 2.710810 -0.714418
v -0.414117 2.674013 -0.703026
v -0.407394 2.640101 -0.684533
v -0.401513 2.610377 -0.659652
v -0.396700 2.585984 -0.629337
v -0.393138 2.567859 -0.594754
v -0.390965 2.556699 -0.557232
v -0.390265 2.552932 -0.518213
v -0.391064 2.556703 -0.479196
v -0.393333 2.567867 -0.441681
v -0.396982 2.585996 -0.407109
v -0.401873 2.610392 -0.376809
v -0.407817 2.640118 -0.351946
v -0.414587 2.674032 -0.333474
v -0.421921 2.710831 -0.322104
v -0.414102 2.713030 -0.714409
v -0.399759 2.678368 -0.703008
v -0.386550 2.646424 -0.684507
v -0.374984 2.618425 -0.659618
v -0.365504 2.595447 -0.629298
v -0.358475 2.578374 -0.594710
v -0.354168 2.567861 -0.557186
v -0.352747 2.564313 -0.518166
v -0.354267 2.567865 -0.479150
v -0.358670 2.578382 -0.441637
v -0.365787 2.595459 -0.407070
v -0.375344 2.618440 -0.376776
v -0.386973 2.646441 -0.351919
v -0.400229 2.678388 -0.333456
v -0.414601 2.713051 -0.322095
v -0.407356 2.716636 -0.714400
v -0.386527 2.685441 -0.702991
v -0.367340 2.656692 -0.684483
v -0.350534 2.631494 -0.659588
v -0.336754 2.610814 -0.629262
v -0.326530 2.595449 -0.594671
v -0.320255 2.585988 -0.557144
v -0.318169 2.582795 -0.518123
v -0.320354 2.585992 -0.479107
v -0.326725 2.595457 -0.441597
v -0.337037 2.610826 -0.407034
v -0.350894 2.631509 -0.376745
v -0.367763 2.656709 -0.351896
v -0.386997 2.685460 -0.333440
v -0.407855 2.716657 -0.322087
v -0.401444 2.721488 -0.714393
v -0.374929 2.694959 -0.702977
v -0.350502 2.670510 -0.684462
v -0.329103 2.649081 -0.659562
v -0.311554 2.631495 -0.629231
v -0.298530 2.618428 -0.594636
v -0.290530 2.610383 -0.557107
v -0.287862 2.607667 -0.518085
v -0.290629 2.610387 -0.479071
v -0.298724 2.618436 -0.441563
v -0.311837 2.631507 -0.407003
v -0.329463 2.649096 -0.376719
v -0.350925 2.670528 -0.351875
v -0.375399 2.694979 -0.333425
v -0.401943 2.721509 -0.322079
v -0.396591 2.727401 -0.714387
v -0.365410 2.706557 -0.702965
v -0.336684 2.687348 -0.684446
v -0.311516 2.670511 -0.659540
v -0.290874 2.656695 -0.629206
v -0.275550 2.646429 -0.594609
v -0.266135 2.640107 -0.557078
v -0.262989 2.637975 -0.518055
v -0.266234 2.640112 -0.479042
v -0.275745 2.646437 -0.441535
v -0.291156 2.656707 -0.406978
v -0.311876 2.670527 -0.376698
v -0.337107 2.687366 -0.351858
v -0.365880 2.706577 -0.333414
v -0.397090 2.727422 -0.322074
v -0.429019 2.749078 -0.726299
v -0.392986 2.734147 -0.714383
v -0.358338 2.719789 -0.702957
v -0.326416 2.706558 -0.684434
v -0.298447 2.694961 -0.659525
v -0.275506 2.685445 -0.629188
v -0.258475 2.678374 -0.594589
v -0.248008 2.674021 -0.557056
v -0.244508 2.672552 -0.518034
v -0.248108 2.674025 -0.479020
v -0.258670 2.678382 -0.441515
v -0.275789 2.685457 -0.406960
v -0.298807 2.694976 -0.376683
v -0.326839 2.706576 -0.351846
v -0.358808 2.719809 -0.333406
v -0.393485 2.734167 -0.322069
v -0.390765 2.741466 -0.714381
v -0.353982 2.734147 -0.702952
v -0.320093 2.727402 -0.684427
v -0.290399 2.721491 -0.659516
v -0.266043 2.716640 -0.629178
v -0.247961 2.713037 -0.594577
v -0.236846 2.710818 -0.557044
v -0.233126 2.710071 -0.518021
v -0.236945 2.710822 -0.479008
v -0.248155 2.713045 -0.441504
v -0.266326 2.716652 -0.406950
v -0.290759 2.721506 -0.376674
v -0.320516 2.727420 -0.351839
v -0.354452 2.734167 -0.333401
v -0.391264 2.741487 -0.322067
v -0.390016 2.749078 -0.714380
v -0.352512 2.749079 -0.702951
v -0.317958 2.749080 -0.684425
v -0.287682 2.749081 -0.659514
v -0.262848 2.749083 -0.629175
v -0.244410 2.749084 -0.594574
v -0.233077 2.749086 -0.557041
v -0.229284 2.749089 -0.518018
v -0.233176 2.749091 -0.479005
v -0.244605 2.749093 -0.441501
v -0.263131 2.749094 -0.406947
v -0.288042 2.749096 -0.376672
v -0.318381 2.749097 -0.351838
v -0.352982 2.749098 -0.333400
v -0.390515 2.749099 -0.322066
v -0.390765 2.756690 -0.714381
v -0.353982 2.764010 -0.702954
v -0.320093 2.770757 -0.684429
v -0.290399 2.776671 -0.659519
v -0.266043 2.781525 -0.629181
v -0.247961 2.785132 -0.594581
v -0.236846 2.787355 -0.557048
v -0.233126 2.788107 -0.518025
v -0.236945 2.787359 -0.479012
v -0.248155 2.785141 -0.441508
v -0.266326 2.781537 -0.406953
v -0.290759 2.776686 -0.376677
v -0.320516 2.770775 -0.351842
v -0.354452 2.764030 -0.333402
v -0.391264 2.756711 -0.322068
v -0.392986 2.764010 -0.714385
v -0.358338 2.778368 -0.702960
v -0.326416 2.791601 -0.684438
v -0.298447 2.803200 -0.659531
v -0.275506 2.812721 -0.629195
v -0.258475 2.819795 -0.594596
v -0.248008 2.824152 -0.557064
v -0.244508 2.825625 -0.518042
v -0.248108 2.824157 -0.479028
v -0.258670 2.819803 -0.441523
v -0.275789 2.812732 -0.406967
v -0.298807 2.803216 -0.376688
v -0.326839 2.791619 -0.351851
v -0.358808 2.778388 -0.333409
v -0.393485 2.764030 -0.322071
v -0.396591 2.770755 -0.714390
v -0.365410 2.791600 -0.702970
v -0.336684 2.810811 -0.684452
v -0.311516 2.827651 -0.659549
v -0.290874 2.841470 -0.629216
v -0.275550 2.851740 -0.594620
v -0.266135 2.858065 -0.557089
v -0.262990 2.860203 -0.518067
v -0.266234 2.858070 -0.479053
v -0.275745 2.851748 -0.441546
v -0.291156 2.841482 -0.406988
v -0.311876 2.827666 -0.376706
v -0.337107 2.810829 -0.351865
v -0.365880 2.791620 -0.333418
v -0.397090 2.770776 -0.322076
v -0.401444 2.776668 -0.714396
v -0.374929 2.803198 -0.702983
v -0.350502 2.827649 -0.684471
v -0.329103 2.849081 -0.659572
v -0.311554 2.866670 -0.629243
v -0.298530 2.879741 -0.594650
v -0.290530 2.887790 -0.557122
v -0.287862 2.890510 -0.518100
v -0.290629 2.887794 -0.479086
v -0.298724 2.879749 -0.441577
v -0.311837 2.866682 -0.407016
v -0.329463 2.849096 -0.376730
v -0.350925 2.827667 -0.351883
v -0.375399 2.803218 -0.333431
v -0.401943 2.776689 -0.322082
v -0.407356 2.781520 -0.714404
v -0.386527 2.812716 -0.702998
v -0.367340 2.841468 -0.684493
v -0.350534 2.866668 -0.659600
v -0.336754 2.887351 -0.629277
v -0.326530 2.902720 -0.594687
v -0.320255 2.912185 -0.557161
v -0.318169 2.915382 -0.518140
v -0.320354 2.912189 -0.479125
v -0.326725 2.902728 -0.441614
v -0.337037 2.887363 -0.407049
v -0.350894 2.866683 -0.376758
v -0.367763 2.841485 -0.351905
v -0.386997 2.812736 -0.333446
v -0.407855 2.781541 -0.322090
v -0.414102 2.785126 -0.714413
v -0.399759 2.819789 -0.703015
v -0.386550 2.851736 -0.684518
v -0.374984 2.879737 -0.659632
v -0.365504 2.902718 -0.629314
v -0.358475 2.919795 -0.594729
v -0.354168 2.930312 -0.557205
v -0.352747 2.933864 -0.518185
v -0.354267 2.930316 -0.479169
v -0.358670 2.919803 -0.441655
v -0.365787 2.902730 -0.407086
v -0.375344 2.879752 -0.376790
v -0.386973 2.851753 -0.351930
v -0.400229 2.819809 -0.333464
v -0.414601 2.785147 -0.322099
v -0.421422 2.787346 -0.714422
v -0.414117 2.824145 -0.703034
v -0.407394 2.858059 -0.684545
v -0.401513 2.887785 -0.659666
v -0.396700 2.912181 -0.629354
v -0.393138 2.930310 -0.594773
v -0.390965 2.941474 -0.557252
v -0.390265 2.945245 -0.518234
v -0.391065 2.941478 -0.479216
v -0.393333 2.930318 -0.441700
v -0.396982 2.912193 -0.407126
v -0.401873 2.887800 -0.376824
v -0.407817 2.858076 -0.351957
v -0.414587 2.824164 -0.333482
v -0.421921 2.787367 -0.322108
v -0.429283 2.949088 -0.518283
v -0.429333 2.945247 -0.479265
v -0.429381 2.933868 -0.441746
v -0.429518 2.825635 -0.333501
v -0.429533 2.788117 -0.322118
v -0.429538 2.749099 -0.318273
vt 0.750000 0.125000
vt 0.718750 0.062500
vt 0.750000 0.062500
vt 0.750000 0.500000
vt 0.718750 0.562500
vt 0.718750 0.500000
vt 0.734375 0.000000
vt 0.718750 0.437500
vt 0.750000 0.437500
vt 0.750000 0.937500
vt 0.718750 0.875000
vt 0.750000 0.875000
vt 0.718750 0.375000
vt 0.750000 0.375000
vt 0.718750 0.812500
vt 0.750000 0.812500
vt 0.718750 0.312500
vt 0.750000 0.312500
vt 0.718750 0.750000
vt 0.750000 0.750000
vt 0.750000 0.250000
vt 0.718750 0.250000
vt 0.718750 0.687500
vt 0.750000 0.687500
vt 0.718750 0.187500
vt 0.750000 0.187500
vt 0.718750 0.625000
vt 0.750000 0.625000
vt 0.718750 0.125000
vt 0.750000 0.562500
vt 0.687500 0.125000
vt 0.687500 0.625000
vt 0.687500 0.562500
vt 0.687500 0.062500
vt 0.687500 0.500000
vt 0.703125 0.000000
vt 0.687500 0.437500
vt 0.718750 0.937500
vt 0.687500 0.875000
vt 0.687500 0.375000
vt 0.687500 0.812500
vt 0.687500 0.312500
vt 0.687500 0.750000
vt 0.687500 0.250000
vt 0.687500 0.687500
vt 0.687500 0.187500
vt 0.656250 0.812500
vt 0.656250 0.375000
vt 0.656250 0.312500
vt 0.656250 0.750000
vt 0.656250 0.250000
vt 0.656250 0.687500
vt 0.656250 0.187500
vt 0.656250 0.625000
vt 0.656250 0.125000
vt 0.656250 0.562500
vt 0.656250 0.062500
vt 0.656250 0.500000
vt 0.671875 0.000000
vt 0.656250 0.437500
vt 0.687500 0.937500
vt 0.656250 0.875000
vt 0.625000 0.562500
vt 0.625000 0.125000
vt 0.625000 0.062500
vt 0.625000 0.500000
vt 0.640625 0.000000
vt 0.625000 0.437500
vt 0.656250 0.937500
vt 0.625000 0.875000
vt 0.625000 0.375000
vt 0.625000 0.812500
vt 0.625000 0.312500
vt 0.625000 0.750000
vt 0.625000 0.250000
vt 0.625000 0.687500
vt 0.625000 0.187500
vt 0.625000 0.625000
vt 0.593750 0.312500
vt 0.593750 0.750000
vt 0.593750 0.250000
vt 0.593750 0.687500
vt 0.593750 0.187500
vt 0.593750 0.625000
vt 0.593750 0.125000
vt 0.593750 0.562500
vt 0.593750 0.062500
vt 0.593750 0.500000
vt 0.609375 0.000000
vt 0.593750 0.437500
vt 0.593750 0.937500
vt 0.593750 0.875000
vt 0.593750 0.375000
vt 0.593750 0.812500
vt 0.562500 0.125000
vt 0.562500 0.062500
vt 0.562500 0.562500
vt 0.562500 0.500000
vt 0.578125 0.000000
vt 0.562500 0.437500
vt 0.562500 0.875000
vt 0.562500 0.375000
vt 0.562500 0.812500
vt 0.562500 0.312500
vt 0.562500 0.750000
vt 0.562500 0.250000
vt 0.562500 0.687500
vt 0.562500 0.187500
vt 0.562500 0.625000
vt 0.531250 0.750000
vt 0.531250 0.250000
vt 0.531250 0.687500
vt 0.531250 0.187500
vt 0.531250 0.625000
vt 0.531250 0.125000
vt 0.531250 0.562500
vt 0.531250 0.062500
vt 0.531250 0.500000
vt 0.546875 0.000000
vt 0.531250 0.437500
vt 0.562500 0.937500
vt 0.531250 0.875000
vt 0.531250 0.375000
vt 0.531250 0.812500
vt 0.531250 0.312500
vt 0.500000 0.562500
vt 0.500000 0.500000
vt 0.515625 0.000000
vt 0.500000 0.062500
vt 0.500000 0.437500
vt 0.500000 0.937500
vt 0.500000 0.875000
vt 0.500000 0.375000
vt 0.500000 0.812500
vt 0.500000 0.312500
vt 0.500000 0.750000
vt 0.500000 0.250000
vt 0.500000 0.687500
vt 0.500000 0.187500
vt 0.500000 0.625000
vt 0.500000 0.125000
vt 0.468750 0.250000
vt 0.468750 0.750000
vt 0.468750 0.687500
vt 0.468750 0.187500
vt 0.468750 0.625000
vt 0.468750 0.125000
vt 0.468750 0.562500
vt 0.468750 0.062500
vt 0.468750 0.500000
vt 0.484375 0.000000
vt 0.468750 0.437500
vt 0.468750 0.937500
vt 0.468750 0.875000
vt 0.468750 0.375000
vt 0.468750 0.812500
vt 0.468750 0.312500
vt 0.453125 0.000000
vt 0.437500 0.062500
vt 0.437500 0.437500
vt 0.437500 0.875000
vt 0.437500 0.375000
vt 0.437500 0.812500
vt 0.437500 0.312500
vt 0.437500 0.750000
vt 0.437500 0.250000
vt 0.437500 0.687500
vt 0.437500 0.187500
vt 0.437500 0.625000
vt 0.437500 0.125000
vt 0.437500 0.562500
vt 0.437500 0.500000
vt 0.406250 0.250000
vt 0.406250 0.187500
vt 0.406250 0.625000
vt 0.406250 0.125000
vt 0.406250 0.562500
vt 0.406250 0.062500
vt 0.406250 0.500000
vt 0.421875 0.000000
vt 0.406250 0.437500
vt 0.406250 0.937500
vt 0.406250 0.875000
vt 0.406250 0.375000
vt 0.406250 0.812500
vt 0.406250 0.312500
vt 0.406250 0.750000
vt 0.406250 0.687500
vt 0.375000 0.875000
vt 0.375000 0.375000
vt 0.375000 0.812500
vt 0.375000 0.312500
vt 0.375000 0.750000
vt 0.375000 0.250000
vt 0.375000 0.687500
vt 0.375000 0.187500
vt 0.375000 0.625000
vt 0.375000 0.125000
vt 0.375000 0.562500
vt 0.375000 0.062500
vt 0.375000 0.500000
vt 0.390625 0.000000
vt 0.375000 0.437500
vt 0.343750 0.625000
vt 0.343750 0.187500
vt 0.343750 0.125000
vt 0.343750 0.562500
vt 0.343750 0.062500
vt 0.343750 0.500000
vt 0.359375 0.000000
vt 0.343750 0.437500
vt 0.343750 0.937500
vt 0.343750 0.875000
vt 0.343750 0.375000
vt 0.343750 0.812500
vt 0.343750 0.312500
vt 0.343750 0.750000
vt 0.343750 0.250000
vt 0.343750 0.687500
vt 0.312500 0.437500
vt 0.312500 0.375000
vt 0.312500 0.812500
vt 0.312500 0.312500
vt 0.312500 0.750000
vt 0.312500 0.250000
vt 0.312500 0.687500
vt 0.312500 0.187500
vt 0.312500 0.625000
vt 0.312500 0.125000
vt 0.312500 0.562500
vt 0.312500 0.062500
vt 0.312500 0.500000
vt 0.328125 0.000000
vt 0.312500 0.875000
vt 0.281250 0.125000
vt 0.281250 0.625000
vt 0.281250 0.562500
vt 0.281250 0.062500
vt 0.281250 0.500000
vt 0.296875 0.000000
vt 0.281250 0.437500
vt 0.312500 0.937500
vt 0.281250 0.875000
vt 0.281250 0.375000
vt 0.281250 0.812500
vt 0.281250 0.312500
vt 0.281250 0.750000
vt 0.281250 0.250000
vt 0.281250 0.687500
vt 0.281250 0.187500
vt 0.250000 0.875000
vt 0.250000 0.812500
vt 0.250000 0.312500
vt 0.250000 0.750000
vt 0.250000 0.250000
vt 0.250000 0.687500
vt 0.250000 0.187500
vt 0.250000 0.625000
vt 0.250000 0.125000
vt 0.250000 0.562500
vt 0.250000 0.062500
vt 0.250000 0.500000
vt 0.265625 0.000000
vt 0.250000 0.437500
vt 0.281250 0.937500
vt 0.250000 0.375000
vt 0.218750 0.625000
vt 0.218750 0.562500
vt 0.218750 0.062500
vt 0.218750 0.500000
vt 0.234375 0.000000
vt 0.218750 0.437500
vt 0.250000 0.937500
vt 0.218750 0.875000
vt 0.218750 0.375000
vt 0.218750 0.812500
vt 0.218750 0.312500
vt 0.218750 0.750000
vt 0.218750 0.250000
vt 0.218750 0.687500
vt 0.218750 0.187500
vt 0.218750 0.125000
vt 0.187500 0.312500
vt 0.187500 0.750000
vt 0.187500 0.250000
vt 0.187500 0.687500
vt 0.187500 0.187500
vt 0.187500 0.625000
vt 0.187500 0.125000
vt 0.187500 0.562500
vt 0.187500 0.062500
vt 0.187500 0.500000
vt 0.203125 0.000000
vt 0.187500 0.437500
vt 0.218750 0.937500
vt 0.187500 0.875000
vt 0.187500 0.375000
vt 0.187500 0.812500
vt 0.156250 0.125000
vt 0.156250 0.062500
vt 0.156250 0.562500
vt 0.156250 0.500000
vt 0.171875 0.000000
vt 0.156250 0.437500
vt 0.187500 0.937500
vt 0.156250 0.875000
vt 0.156250 0.375000
vt 0.156250 0.812500
vt 0.156250 0.312500
vt 0.156250 0.750000
vt 0.156250 0.250000
vt 0.156250 0.687500
vt 0.156250 0.187500
vt 0.156250 0.625000
vt 0.125000 0.250000
vt 0.125000 0.687500
vt 0.125000 0.187500
vt 0.125000 0.625000
vt 0.125000 0.125000
vt 0.125000 0.562500
vt 0.125000 0.062500
vt 0.125000 0.500000
vt 0.140625 0.000000
vt 0.125000 0.437500
vt 0.156250 0.937500
vt 0.125000 0.875000
vt 0.125000 0.375000
vt 0.125000 0.812500
vt 0.125000 0.312500
vt 0.125000 0.750000
vt 0.109375 0.000000
vt 0.093750 0.062500
vt 0.093750 0.437500
vt 0.093750 0.937500
vt 0.093750 0.875000
vt 0.093750 0.375000
vt 0.093750 0.812500
vt 0.093750 0.312500
vt 0.093750 0.750000
vt 0.093750 0.250000
vt 0.093750 0.687500
vt 0.093750 0.187500
vt 0.093750 0.625000
vt 0.093750 0.125000
vt 0.093750 0.562500
vt 0.093750 0.500000
vt 0.062500 0.687500
vt 0.062500 0.250000
vt 0.062500 0.187500
vt 0.062500 0.625000
vt 0.062500 0.125000
vt 0.062500 0.562500
vt 0.062500 0.062500
vt 0.062500 0.500000
vt 0.078125 0.000000
vt 0.062500 0.437500
vt 0.062500 0.875000
vt 0.062500 0.375000
vt 0.062500 0.812500
vt 0.062500 0.312500
vt 0.062500 0.750000
vt 0.031250 0.437500
vt 0.062500 0.937500
vt 0.031250 0.875000
vt 0.031250 0.375000
vt 0.031250 0.812500
vt 0.031250 0.312500
vt 0.031250 0.750000
vt 0.031250 0.250000
vt 0.031250 0.687500
vt 0.031250 0.187500
vt 0.031250 0.625000
vt 0.031250 0.125000
vt 0.031250 0.562500
vt 0.031250 0.062500
vt 0.031250 0.500000
vt 0.046875 0.000000
vt 0.000000 0.250000
vt 0.000000 0.187500
vt 0.000000 0.687500
vt 0.000000 0.625000
vt 0.000000 0.125000
vt 0.000000 0.562500
vt 0.000000 0.062500
vt 0.000000 0.500000
vt 0.015625 0.000000
vt 0.000000 0.437500
vt 0.031250 0.937500
vt 0.000000 0.875000
vt 0.000000 0.375000
vt 0.000000 0.812500
vt 0.000000 0.312500
vt 0.000000 0.750000
vt 1.000000 0.937500
vt 0.968750 0.875000
vt 1.000000 0.875000
vt 1.000000 0.375000
vt 0.968750 0.437500
vt 0.968750 0.375000
vt 0.968750 0.812500
vt 1.000000 0.812500
vt 0.968750 0.312500
vt 1.000000 0.312500
vt 0.968750 0.750000
vt 1.000000 0.750000
vt 1.000000 0.250000
vt 0.968750 0.250000
vt 0.968750 0.687500
vt 1.000000 0.687500
vt 1.000000 0.187500
vt 0.968750 0.187500
vt 1.000000 0.625000
vt 0.968750 0.625000
vt 1.000000 0.125000
vt 0.968750 0.125000
vt 1.000000 0.562500
vt 0.968750 0.562500
vt 1.000000 0.062500
vt 0.968750 0.062500
vt 1.000000 0.500000
vt 0.968750 0.500000
vt 0.984375 0.000000
vt 1.000000 0.437500
vt 0.937500 0.687500
vt 0.937500 0.625000
vt 0.937500 0.125000
vt 0.937500 0.562500
vt 0.937500 0.062500
vt 0.937500 0.500000
vt 0.953125 0.000000
vt 0.937500 0.437500
vt 0.968750 0.937500
vt 0.937500 0.875000
vt 0.937500 0.375000
vt 0.937500 0.812500
vt 0.937500 0.312500
vt 0.937500 0.750000
vt 0.937500 0.250000
vt 0.937500 0.187500
vt 0.906250 0.437500
vt 0.906250 0.375000
vt 0.906250 0.812500
vt 0.906250 0.312500
vt 0.906250 0.750000
vt 0.906250 0.250000
vt 0.906250 0.687500
vt 0.906250 0.187500
vt 0.906250 0.625000
vt 0.906250 0.125000
vt 0.906250 0.562500
vt 0.906250 0.062500
vt 0.906250 0.500000
vt 0.921875 0.000000
vt 0.937500 0.937500
vt 0.906250 0.875000
vt 0.875000 0.125000
vt 0.875000 0.625000
vt 0.875000 0.562500
vt 0.875000 0.062500
vt 0.875000 0.500000
vt 0.890625 0.000000
vt 0.875000 0.437500
vt 0.906250 0.937500
vt 0.875000 0.875000
vt 0.875000 0.375000
vt 0.875000 0.812500
vt 0.875000 0.312500
vt 0.875000 0.750000
vt 0.875000 0.250000
vt 0.875000 0.687500
vt 0.875000 0.187500
vt 0.843750 0.312500
vt 0.843750 0.750000
vt 0.843750 0.250000
vt 0.843750 0.687500
vt 0.843750 0.187500
vt 0.843750 0.625000
vt 0.843750 0.125000
vt 0.843750 0.562500
vt 0.843750 0.062500
vt 0.843750 0.500000
vt 0.859375 0.000000
vt 0.843750 0.437500
vt 0.875000 0.937500
vt 0.843750 0.875000
vt 0.843750 0.375000
vt 0.843750 0.812500
vt 0.812500 0.062500
vt 0.812500 0.562500
vt 0.812500 0.500000
vt 0.828125 0.000000
vt 0.812500 0.437500
vt 0.843750 0.937500
vt 0.812500 0.875000
vt 0.812500 0.375000
vt 0.812500 0.812500
vt 0.812500 0.312500
vt 0.812500 0.750000
vt 0.812500 0.250000
vt 0.812500 0.687500
vt 0.812500 0.187500
vt 0.812500 0.625000
vt 0.812500 0.125000
vt 0.781250 0.750000
vt 0.781250 0.250000
vt 0.781250 0.687500
vt 0.781250 0.187500
vt 0.781250 0.625000
vt 0.781250 0.125000
vt 0.781250 0.562500
vt 0.781250 0.062500
vt 0.781250 0.500000
vt 0.796875 0.000000
vt 0.781250 0.437500
vt 0.812500 0.937500
vt 0.781250 0.875000
vt 0.781250 0.375000
vt 0.781250 0.812500
vt 0.781250 0.312500
vt 0.765625 0.000000
vt 0.625000 0.937500
vt 0.531250 0.937500
vt 0.437500 0.937500
vt 0.375000 0.937500
vt 0.125000 0.937500
vt 0.000000 0.937500
vt 0.781250 0.937500
vt 0.734375 1.000000
vt 0.703125 1.000000
vt 0.671875 1.000000
vt 0.640625 1.000000
vt 0.609375 1.000000
vt 0.578125 1.000000
vt 0.546875 1.000000
vt 0.515625 1.000000
vt 0.484375 1.000000
vt 0.453125 1.000000
vt 0.421875 1.000000
vt 0.390625 1.000000
vt 0.359375 1.000000
vt 0.328125 1.000000
vt 0.296875 1.000000
vt 0.265625 1.000000
vt 0.234375 1.000000
vt 0.203125 1.000000
vt 0.171875 1.000000
vt 0.140625 1.000000
vt 0.109375 1.000000
vt 0.078125 1.000000
vt 0.046875 1.000000
vt 0.015625 1.000000
vt 0.984375 1.000000
vt 0.953125 1.000000
vt 0.921875 1.000000
vt 0.890625 1.000000
vt 0.859375 1.000000
vt 0.828125 1.000000
vt 0.796875 1.000000
vt 0.765625 1.000000
vn -0.0012 0.3879 0.9217
vn -0.0405 0.1972 0.9795
vn -0.0013 0.2010 0.9796
vn 0.0000 1.0000 -0.0000
vn -0.1911 0.9622 -0.1942
vn -0.1951 0.9808 -0.0003
vn -0.0013 0.0001 1.0000
vn -0.1916 0.9622 0.1936
vn -0.0002 0.9810 0.1939
vn 0.0012 0.2906 -0.9568
vn -0.0745 0.3804 -0.9218
vn 0.0012 0.3878 -0.9217
vn -0.1809 0.9070 0.3803
vn -0.0005 0.9248 0.3805
vn -0.1082 0.5490 -0.8288
vn 0.0011 0.5597 -0.8287
vn -0.1633 0.8174 0.5525
vn -0.0007 0.8334 0.5527
vn -0.1376 0.6965 -0.7043
vn 0.0009 0.7101 -0.7041
vn -0.0009 0.7102 0.7040
vn -0.1394 0.6965 0.7038
vn -0.1619 0.8173 -0.5530
vn 0.0007 0.8333 -0.5528
vn -0.1103 0.5491 0.8285
vn -0.0011 0.5598 0.8286
vn -0.1799 0.9070 -0.3808
vn 0.0005 0.9247 -0.3806
vn -0.0768 0.3805 0.9216
vn 0.0002 0.9810 -0.1940
vn -0.1496 0.3584 0.9215
vn -0.3534 0.8544 -0.3810
vn -0.3752 0.9063 -0.1945
vn -0.0782 0.1857 0.9795
vn -0.3827 0.9239 -0.0005
vn -0.3757 0.9064 0.1934
vn -0.0555 0.2850 -0.9569
vn -0.1473 0.3583 -0.9219
vn -0.3544 0.8544 0.3800
vn -0.2132 0.5171 -0.8289
vn -0.3196 0.7699 0.5523
vn -0.2709 0.6560 -0.7044
vn -0.2727 0.6561 0.7037
vn -0.3182 0.7699 -0.5532
vn -0.2153 0.5172 0.8283
vn -0.3099 0.4654 -0.8291
vn -0.5143 0.7689 0.3798
vn -0.4637 0.6929 0.5521
vn -0.3936 0.5904 -0.7046
vn -0.3954 0.5905 0.7035
vn -0.4623 0.6929 -0.5534
vn -0.3120 0.4655 0.8282
vn -0.5133 0.7689 -0.3812
vn -0.2167 0.3226 0.9214
vn -0.5448 0.8157 -0.1947
vn -0.1129 0.1672 0.9794
vn -0.5556 0.8315 -0.0008
vn -0.5453 0.8157 0.1932
vn -0.1100 0.2685 -0.9570
vn -0.2143 0.3225 -0.9220
vn -0.6934 0.6937 -0.1948
vn -0.2754 0.2743 0.9213
vn -0.1433 0.1422 0.9794
vn -0.7071 0.7071 -0.0009
vn -0.6939 0.6937 0.1930
vn -0.1603 0.2416 -0.9571
vn -0.2731 0.2742 -0.9221
vn -0.6544 0.6539 0.3797
vn -0.3948 0.3958 -0.8292
vn -0.5900 0.5893 0.5520
vn -0.5013 0.5021 -0.7047
vn -0.5030 0.5022 0.7034
vn -0.5886 0.5892 -0.5535
vn -0.3969 0.3959 0.8281
vn -0.6534 0.6539 -0.3814
vn -0.6936 0.4630 0.5519
vn -0.5896 0.3945 -0.7048
vn -0.5914 0.3946 0.7033
vn -0.6922 0.4630 -0.5537
vn -0.4665 0.3110 0.8280
vn -0.7684 0.5138 -0.3815
vn -0.3237 0.2155 0.9213
vn -0.8154 0.5450 -0.1950
vn -0.1683 0.1117 0.9794
vn -0.8315 0.5556 -0.0011
vn -0.8159 0.5450 0.1929
vn -0.2404 0.1614 -0.9571
vn -0.3213 0.2154 -0.9221
vn -0.7694 0.5138 0.3795
vn -0.4644 0.3110 -0.8293
vn -0.3595 0.1485 0.9212
vn -0.1869 0.0770 0.9794
vn -0.9061 0.3754 -0.1951
vn -0.9239 0.3827 -0.0012
vn -0.9066 0.3754 0.1928
vn -0.3572 0.1484 -0.9222
vn -0.8549 0.3539 0.3794
vn -0.5161 0.2142 -0.8293
vn -0.7706 0.3189 0.5518
vn -0.6552 0.2717 -0.7049
vn -0.6570 0.2718 0.7032
vn -0.7692 0.3189 -0.5538
vn -0.5182 0.2143 0.8280
vn -0.8539 0.3539 -0.3816
vn -0.6956 0.1385 -0.7050
vn -0.6974 0.1386 0.7032
vn -0.8166 0.1625 -0.5538
vn -0.5501 0.1093 0.8279
vn -0.9065 0.1804 -0.3817
vn -0.3816 0.0757 0.9212
vn -0.9619 0.1914 -0.1952
vn -0.1984 0.0393 0.9793
vn -0.9808 0.1951 -0.0013
vn -0.9624 0.1914 0.1927
vn -0.2673 0.1112 -0.9572
vn -0.3793 0.0756 -0.9222
vn -0.9075 0.1804 0.3794
vn -0.5480 0.1092 -0.8293
vn -0.8180 0.1626 0.5517
vn -0.9808 -0.0000 -0.1952
vn -1.0000 0.0000 -0.0013
vn -0.2022 0.0001 0.9793
vn -0.9813 0.0000 0.1927
vn -0.2894 -0.0001 -0.9572
vn -0.3867 -0.0000 -0.9222
vn -0.9252 0.0000 0.3794
vn -0.5587 -0.0000 -0.8294
vn -0.8340 0.0000 0.5517
vn -0.7092 -0.0000 -0.7050
vn -0.7110 0.0000 0.7032
vn -0.8326 -0.0000 -0.5538
vn -0.5608 0.0000 0.8279
vn -0.9243 -0.0000 -0.3817
vn -0.3891 0.0000 0.9212
vn -0.6974 -0.1385 0.7032
vn -0.6956 -0.1386 -0.7049
vn -0.8166 -0.1626 -0.5538
vn -0.5501 -0.1092 0.8280
vn -0.9065 -0.1804 -0.3817
vn -0.3816 -0.0756 0.9212
vn -0.9619 -0.1914 -0.1951
vn -0.1984 -0.0392 0.9793
vn -0.9808 -0.1951 -0.0012
vn -0.9624 -0.1914 0.1927
vn -0.2838 -0.0568 -0.9572
vn -0.3793 -0.0757 -0.9222
vn -0.9075 -0.1804 0.3794
vn -0.5480 -0.1093 -0.8293
vn -0.8180 -0.1625 0.5517
vn -0.1869 -0.0769 0.9794
vn -0.9066 -0.3754 0.1928
vn -0.3572 -0.1485 -0.9222
vn -0.8549 -0.3539 0.3795
vn -0.5161 -0.2143 -0.8293
vn -0.7706 -0.3189 0.5518
vn -0.6552 -0.2718 -0.7049
vn -0.6570 -0.2717 0.7032
vn -0.7692 -0.3189 -0.5537
vn -0.5182 -0.2142 0.8280
vn -0.8539 -0.3539 -0.3816
vn -0.3595 -0.1484 0.9213
vn -0.9061 -0.3754 -0.1951
vn -0.9239 -0.3827 -0.0012
vn -0.5914 -0.3945 0.7033
vn -0.4665 -0.3110 0.8281
vn -0.7684 -0.5138 -0.3815
vn -0.3237 -0.2154 0.9213
vn -0.8154 -0.5450 -0.1949
vn -0.1683 -0.1116 0.9794
vn -0.8315 -0.5556 -0.0010
vn -0.8159 -0.5450 0.1929
vn -0.2404 -0.1615 -0.9571
vn -0.3213 -0.2155 -0.9221
vn -0.7694 -0.5138 0.3796
vn -0.4644 -0.3110 -0.8292
vn -0.6936 -0.4630 0.5519
vn -0.5896 -0.3946 -0.7048
vn -0.6922 -0.4630 -0.5536
vn -0.2731 -0.2743 -0.9220
vn -0.6544 -0.6539 0.3797
vn -0.3948 -0.3959 -0.8291
vn -0.5900 -0.5892 0.5520
vn -0.5013 -0.5022 -0.7047
vn -0.5030 -0.5021 0.7034
vn -0.5886 -0.5893 -0.5535
vn -0.3969 -0.3958 0.8282
vn -0.6534 -0.6539 -0.3813
vn -0.2754 -0.2742 0.9214
vn -0.6934 -0.6937 -0.1948
vn -0.1434 -0.1421 0.9794
vn -0.7071 -0.7071 -0.0009
vn -0.6939 -0.6937 0.1931
vn -0.5133 -0.7689 -0.3811
vn -0.3120 -0.4654 0.8283
vn -0.2167 -0.3225 0.9214
vn -0.5448 -0.8157 -0.1946
vn -0.1129 -0.1670 0.9795
vn -0.5556 -0.8315 -0.0007
vn -0.5453 -0.8157 0.1933
vn -0.1603 -0.2417 -0.9570
vn -0.2143 -0.3226 -0.9220
vn -0.5143 -0.7689 0.3799
vn -0.3099 -0.4655 -0.8290
vn -0.4637 -0.6929 0.5522
vn -0.3936 -0.5905 -0.7045
vn -0.3954 -0.5904 0.7036
vn -0.4623 -0.6929 -0.5533
vn -0.3757 -0.9063 0.1935
vn -0.3544 -0.8544 0.3801
vn -0.2132 -0.5172 -0.8289
vn -0.3196 -0.7699 0.5524
vn -0.2709 -0.6561 -0.7044
vn -0.2727 -0.6560 0.7037
vn -0.3182 -0.7699 -0.5531
vn -0.2153 -0.5171 0.8284
vn -0.3534 -0.8544 -0.3809
vn -0.1496 -0.3583 0.9215
vn -0.3752 -0.9064 -0.1944
vn -0.0782 -0.1856 0.9795
vn -0.3827 -0.9239 -0.0004
vn -0.1473 -0.3584 -0.9219
vn -0.0768 -0.3804 0.9216
vn -0.1799 -0.9070 -0.3807
vn -0.1911 -0.9622 -0.1941
vn -0.0405 -0.1971 0.9796
vn -0.1951 -0.9808 -0.0002
vn -0.1916 -0.9622 0.1937
vn -0.1100 -0.2686 -0.9570
vn -0.0745 -0.3805 -0.9218
vn -0.1809 -0.9070 0.3804
vn -0.1082 -0.5491 -0.8288
vn -0.1633 -0.8173 0.5526
vn -0.1376 -0.6965 -0.7042
vn -0.1394 -0.6965 0.7039
vn -0.1619 -0.8174 -0.5529
vn -0.1103 -0.5490 0.8285
vn 0.0012 -0.3879 -0.9217
vn 0.0011 -0.5598 -0.8286
vn -0.0007 -0.8333 0.5528
vn 0.0009 -0.7102 -0.7040
vn -0.0009 -0.7101 0.7041
vn 0.0007 -0.8334 -0.5527
vn -0.0011 -0.5597 0.8287
vn 0.0005 -0.9248 -0.3805
vn -0.0012 -0.3878 0.9217
vn 0.0002 -0.9810 -0.1939
vn -0.0012 -0.2009 0.9796
vn 0.0000 -1.0000 0.0001
vn -0.0002 -0.9810 0.1940
vn -0.0555 -0.2851 -0.9569
vn -0.0005 -0.9247 0.3806
vn 0.1809 -0.9070 -0.3803
vn 0.1916 -0.9622 -0.1936
vn 0.0380 -0.1971 0.9797
vn 0.1951 -0.9808 0.0003
vn 0.1911 -0.9622 0.1942
vn 0.0012 -0.2907 -0.9568
vn 0.0768 -0.3805 -0.9216
vn 0.1799 -0.9070 0.3808
vn 0.1103 -0.5491 -0.8285
vn 0.1619 -0.8173 0.5530
vn 0.1394 -0.6965 -0.7038
vn 0.1376 -0.6965 0.7043
vn 0.1633 -0.8174 -0.5525
vn 0.1082 -0.5490 0.8288
vn 0.0745 -0.3804 0.9218
vn 0.3182 -0.7699 0.5532
vn 0.2727 -0.6561 -0.7037
vn 0.2709 -0.6560 0.7044
vn 0.3196 -0.7699 -0.5523
vn 0.2132 -0.5171 0.8289
vn 0.3544 -0.8544 -0.3800
vn 0.1473 -0.3583 0.9219
vn 0.3757 -0.9064 -0.1934
vn 0.0757 -0.1856 0.9797
vn 0.3827 -0.9239 0.0005
vn 0.3752 -0.9063 0.1945
vn 0.0579 -0.2851 -0.9567
vn 0.1496 -0.3584 -0.9215
vn 0.3534 -0.8544 0.3810
vn 0.2153 -0.5172 -0.8283
vn 0.2143 -0.3225 0.9220
vn 0.1104 -0.1670 0.9797
vn 0.5453 -0.8157 -0.1932
vn 0.5556 -0.8315 0.0008
vn 0.5448 -0.8157 0.1947
vn 0.1124 -0.2686 -0.9567
vn 0.2167 -0.3226 -0.9214
vn 0.5133 -0.7689 0.3812
vn 0.3120 -0.4655 -0.8282
vn 0.4623 -0.6929 0.5534
vn 0.3954 -0.5905 -0.7035
vn 0.3936 -0.5904 0.7046
vn 0.4637 -0.6929 -0.5521
vn 0.3099 -0.4654 0.8291
vn 0.5143 -0.7689 -0.3798
vn 0.5012 -0.5021 0.7047
vn 0.5900 -0.5893 -0.5520
vn 0.3948 -0.3958 0.8292
vn 0.6544 -0.6539 -0.3797
vn 0.2731 -0.2742 0.9221
vn 0.6939 -0.6937 -0.1930
vn 0.1409 -0.1421 0.9798
vn 0.7071 -0.7071 0.0009
vn 0.6934 -0.6937 0.1948
vn 0.1627 -0.2417 -0.9566
vn 0.2755 -0.2743 -0.9213
vn 0.6534 -0.6539 0.3814
vn 0.3969 -0.3959 -0.8281
vn 0.5886 -0.5892 0.5535
vn 0.5030 -0.5022 -0.7034
vn 0.1659 -0.1116 0.9798
vn 0.8154 -0.5450 0.1950
vn 0.2429 -0.1615 -0.9565
vn 0.3237 -0.2155 -0.9213
vn 0.7684 -0.5138 0.3815
vn 0.4665 -0.3110 -0.8280
vn 0.6922 -0.4629 0.5537
vn 0.5914 -0.3946 -0.7033
vn 0.5896 -0.3945 0.7048
vn 0.6936 -0.4630 -0.5519
vn 0.4644 -0.3110 0.8293
vn 0.7694 -0.5138 -0.3795
vn 0.3213 -0.2154 0.9221
vn 0.8159 -0.5450 -0.1929
vn 0.8315 -0.5556 0.0011
vn 0.7706 -0.3189 -0.5518
vn 0.6552 -0.2717 0.7049
vn 0.5161 -0.2142 0.8293
vn 0.8549 -0.3539 -0.3794
vn 0.3572 -0.1484 0.9222
vn 0.9066 -0.3754 -0.1928
vn 0.1844 -0.0769 0.9798
vn 0.9239 -0.3827 0.0012
vn 0.9061 -0.3754 0.1951
vn 0.3595 -0.1485 -0.9212
vn 0.8539 -0.3539 0.3816
vn 0.5182 -0.2143 -0.8280
vn 0.7692 -0.3189 0.5538
vn 0.6570 -0.2718 -0.7032
vn 0.9619 -0.1914 0.1952
vn 0.2697 -0.1113 -0.9565
vn 0.3816 -0.0757 -0.9212
vn 0.9065 -0.1804 0.3817
vn 0.5501 -0.1093 -0.8279
vn 0.8166 -0.1625 0.5538
vn 0.6974 -0.1386 -0.7032
vn 0.6956 -0.1385 0.7049
vn 0.8180 -0.1626 -0.5517
vn 0.5480 -0.1092 0.8293
vn 0.9075 -0.1804 -0.3794
vn 0.3793 -0.0756 0.9222
vn 0.9624 -0.1914 -0.1927
vn 0.1959 -0.0392 0.9798
vn 0.9808 -0.1951 0.0013
vn 0.7092 0.0000 0.7050
vn 0.5587 0.0000 0.8294
vn 0.8340 -0.0000 -0.5517
vn 0.9252 -0.0000 -0.3794
vn 0.3867 0.0000 0.9222
vn 0.9813 -0.0000 -0.1927
vn 0.1997 0.0001 0.9799
vn 1.0000 -0.0000 0.0013
vn 0.9808 0.0000 0.1952
vn 0.2863 -0.0568 -0.9565
vn 0.3891 -0.0000 -0.9212
vn 0.9243 0.0000 0.3817
vn 0.5608 -0.0000 -0.8279
vn 0.8326 0.0000 0.5538
vn 0.7110 -0.0000 -0.7032
vn 0.2918 -0.0001 -0.9565
vn 0.3816 0.0756 -0.9212
vn 0.9619 0.1914 0.1951
vn 0.9065 0.1804 0.3817
vn 0.5501 0.1092 -0.8280
vn 0.8166 0.1626 0.5538
vn 0.6974 0.1385 -0.7032
vn 0.6956 0.1386 0.7049
vn 0.8180 0.1625 -0.5517
vn 0.5480 0.1093 0.8293
vn 0.9075 0.1804 -0.3794
vn 0.3793 0.0757 0.9222
vn 0.9624 0.1914 -0.1927
vn 0.1959 0.0393 0.9798
vn 0.9808 0.1951 0.0012
vn 0.7706 0.3189 -0.5518
vn 0.8549 0.3539 -0.3795
vn 0.3572 0.1485 0.9222
vn 0.9066 0.3754 -0.1928
vn 0.1844 0.0770 0.9798
vn 0.9239 0.3827 0.0012
vn 0.9061 0.3754 0.1951
vn 0.2863 0.0566 -0.9565
vn 0.3595 0.1484 -0.9213
vn 0.8539 0.3539 0.3816
vn 0.5182 0.2142 -0.8280
vn 0.7692 0.3189 0.5537
vn 0.6570 0.2717 -0.7032
vn 0.6552 0.2718 0.7049
vn 0.5161 0.2143 0.8293
vn 0.8154 0.5450 0.1949
vn 0.7684 0.5138 0.3815
vn 0.4665 0.3109 -0.8281
vn 0.6922 0.4630 0.5536
vn 0.5914 0.3945 -0.7033
vn 0.5896 0.3946 0.7048
vn 0.6936 0.4629 -0.5519
vn 0.4644 0.3110 0.8292
vn 0.7694 0.5138 -0.3796
vn 0.3213 0.2155 0.9221
vn 0.8159 0.5450 -0.1929
vn 0.1659 0.1117 0.9798
vn 0.8315 0.5556 0.0010
vn 0.2697 0.1112 -0.9565
vn 0.3237 0.2155 -0.9213
vn 0.2731 0.2743 0.9220
vn 0.6544 0.6539 -0.3797
vn 0.6939 0.6937 -0.1931
vn 0.1409 0.1422 0.9798
vn 0.7071 0.7071 0.0009
vn 0.6934 0.6937 0.1948
vn 0.2429 0.1614 -0.9565
vn 0.2754 0.2742 -0.9214
vn 0.6534 0.6539 0.3813
vn 0.3969 0.3958 -0.8282
vn 0.5886 0.5893 0.5535
vn 0.5030 0.5021 -0.7034
vn 0.5012 0.5022 0.7047
vn 0.5900 0.5892 -0.5520
vn 0.3948 0.3959 0.8291
vn 0.4623 0.6929 0.5533
vn 0.3954 0.5904 -0.7036
vn 0.3936 0.5905 0.7045
vn 0.4637 0.6929 -0.5522
vn 0.3099 0.4655 0.8290
vn 0.5143 0.7689 -0.3799
vn 0.2143 0.3226 0.9220
vn 0.5453 0.8157 -0.1933
vn 0.1104 0.1672 0.9797
vn 0.5556 0.8315 0.0007
vn 0.5448 0.8157 0.1946
vn 0.2067 0.2055 -0.9566
vn 0.2167 0.3225 -0.9215
vn 0.5133 0.7689 0.3811
vn 0.3120 0.4654 -0.8283
vn 0.0757 0.1857 0.9797
vn 0.3757 0.9063 -0.1935
vn 0.3827 0.9239 0.0004
vn 0.3752 0.9064 0.1944
vn 0.1627 0.2416 -0.9566
vn 0.1496 0.3583 -0.9215
vn 0.3534 0.8544 0.3809
vn 0.2153 0.5171 -0.8284
vn 0.3182 0.7699 0.5531
vn 0.2727 0.6560 -0.7037
vn 0.2709 0.6561 0.7044
vn 0.3196 0.7699 -0.5524
vn 0.2132 0.5172 0.8289
vn 0.3544 0.8544 -0.3801
vn 0.1473 0.3584 0.9219
vn 0.1394 0.6965 -0.7039
vn 0.1376 0.6965 0.7042
vn 0.1633 0.8173 -0.5526
vn 0.1082 0.5491 0.8288
vn 0.1809 0.9070 -0.3804
vn 0.0745 0.3805 0.9218
vn 0.1916 0.9622 -0.1937
vn 0.0380 0.1972 0.9796
vn 0.1951 0.9808 0.0002
vn 0.1911 0.9622 0.1941
vn 0.1124 0.2685 -0.9567
vn 0.0768 0.3804 -0.9216
vn 0.1799 0.9070 0.3807
vn 0.1103 0.5490 -0.8285
vn 0.1619 0.8174 0.5529
vn -0.2043 0.2055 -0.9571
vn -0.2838 0.0566 -0.9572
vn -0.2673 -0.1113 -0.9572
vn -0.2043 -0.2056 -0.9571
vn 0.2067 -0.2056 -0.9566
vn 0.0579 0.2850 -0.9568
vn 0.0013 -0.0001 -1.0000
g LeftEye_Sphere_Material.002
usemtl Material.002
s 1
f 1463/1/984 1008/2/985 1464/3/986
f 1460/4/987 1000/5/988 1001/6/989
f 1465/7/990 1464/3/986 1008/2/985
f 1460/4/987 1002/8/991 1461/9/992
f 984/10/993 995/11/994 985/12/995
f 1461/9/992 1003/13/996 1462/14/997
f 985/12/995 996/15/998 986/16/999
f 1462/14/997 1004/17/1000 991/18/1001
f 986/16/999 997/19/1002 987/20/1003
f 992/21/1004 1004/17/1000 1005/22/1005
f 987/20/1003 998/23/1006 988/24/1007
f 992/21/1004 1006/25/1008 993/26/1009
f 988/24/1007 999/27/1010 989/28/1011
f 993/26/1009 1007/29/1012 1463/1/984
f 989/28/1011 1000/5/988 990/30/1013
f 1006/25/1008 1022/31/1014 1007/29/1012
f 1000/5/988 1014/32/1015 1015/33/1016
f 1007/29/1012 1023/34/1017 1008/2/985
f 1001/6/989 1015/33/1016 1016/35/1018
f 1465/36/990 1008/2/985 1023/34/1017
f 1001/6/989 1017/37/1019 1002/8/991
f 994/38/1020 1010/39/1021 995/11/994
f 1002/8/991 1018/40/1022 1003/13/996
f 995/11/994 1011/41/1023 996/15/998
f 1003/13/996 1019/42/1024 1004/17/1000
f 996/15/998 1012/43/1025 997/19/1002
f 1004/17/1000 1020/44/1026 1005/22/1005
f 998/23/1006 1012/43/1025 1013/45/1027
f 1005/22/1005 1021/46/1028 1006/25/1008
f 998/23/1006 1014/32/1015 999/27/1010
f 1010/39/1021 1026/47/1029 1011/41/1023
f 1019/42/1024 1033/48/1030 1034/49/1031
f 1011/41/1023 1027/50/1032 1012/43/1025
f 1019/42/1024 1035/51/1033 1020/44/1026
f 1012/43/1025 1028/52/1034 1013/45/1027
f 1020/44/1026 1036/53/1035 1021/46/1028
f 1013/45/1027 1029/54/1036 1014/32/1015
f 1021/46/1028 1037/55/1037 1022/31/1014
f 1014/32/1015 1030/56/1038 1015/33/1016
f 1022/31/1014 1038/57/1039 1023/34/1017
f 1015/33/1016 1031/58/1040 1016/35/1018
f 1465/59/990 1023/34/1017 1038/57/1039
f 1016/35/1018 1032/60/1041 1017/37/1019
f 1009/61/1042 1025/62/1043 1010/39/1021
f 1017/37/1019 1033/48/1030 1018/40/1022
f 1029/54/1036 1045/63/1044 1030/56/1038
f 1038/57/1039 1052/64/1045 1053/65/1046
f 1031/58/1040 1045/63/1044 1046/66/1047
f 1465/67/990 1038/57/1039 1053/65/1046
f 1031/58/1040 1047/68/1048 1032/60/1041
f 1024/69/1049 1040/70/1050 1025/62/1043
f 1033/48/1030 1047/68/1048 1048/71/1051
f 1026/47/1029 1040/70/1050 1041/72/1052
f 1034/49/1031 1048/71/1051 1049/73/1053
f 1026/47/1029 1042/74/1054 1027/50/1032
f 1035/51/1033 1049/73/1053 1050/75/1055
f 1027/50/1032 1043/76/1056 1028/52/1034
f 1036/53/1035 1050/75/1055 1051/77/1057
f 1028/52/1034 1044/78/1058 1029/54/1036
f 1036/53/1035 1052/64/1045 1037/55/1037
f 1048/71/1051 1064/79/1059 1049/73/1053
f 1041/72/1052 1057/80/1060 1042/74/1054
f 1049/73/1053 1065/81/1061 1050/75/1055
f 1043/76/1056 1057/80/1060 1058/82/1062
f 1051/77/1057 1065/81/1061 1066/83/1063
f 1043/76/1056 1059/84/1064 1044/78/1058
f 1052/64/1045 1066/83/1063 1067/85/1065
f 1044/78/1058 1060/86/1066 1045/63/1044
f 1052/64/1045 1068/87/1067 1053/65/1046
f 1046/66/1047 1060/86/1066 1061/88/1068
f 1465/89/990 1053/65/1046 1068/87/1067
f 1046/66/1047 1062/90/1069 1047/68/1048
f 1040/70/1050 1054/91/1070 1055/92/1071
f 1048/71/1051 1062/90/1069 1063/93/1072
f 1040/70/1050 1056/94/1073 1041/72/1052
f 1068/87/1067 1082/95/1074 1083/96/1075
f 1061/88/1068 1075/97/1076 1076/98/1077
f 1465/99/990 1068/87/1067 1083/96/1075
f 1061/88/1068 1077/100/1078 1062/90/1069
f 1054/91/1070 1070/101/1079 1055/92/1071
f 1062/90/1069 1078/102/1080 1063/93/1072
f 1055/92/1071 1071/103/1081 1056/94/1073
f 1063/93/1072 1079/104/1082 1064/79/1059
f 1056/94/1073 1072/105/1083 1057/80/1060
f 1064/79/1059 1080/106/1084 1065/81/1061
f 1057/80/1060 1073/107/1085 1058/82/1062
f 1066/83/1063 1080/106/1084 1081/108/1086
f 1058/82/1062 1074/109/1087 1059/84/1064
f 1067/85/1065 1081/108/1086 1082/95/1074
f 1060/86/1066 1074/109/1087 1075/97/1076
f 1071/103/1081 1087/110/1088 1072/105/1083
f 1079/104/1082 1095/111/1089 1080/106/1084
f 1073/107/1085 1087/110/1088 1088/112/1090
f 1081/108/1086 1095/111/1089 1096/113/1091
f 1073/107/1085 1089/114/1092 1074/109/1087
f 1082/95/1074 1096/113/1091 1097/115/1093
f 1075/97/1076 1089/114/1092 1090/116/1094
f 1082/95/1074 1098/117/1095 1083/96/1075
f 1076/98/1077 1090/116/1094 1091/118/1096
f 1465/119/990 1083/96/1075 1098/117/1095
f 1076/98/1077 1092/120/1097 1077/100/1078
f 1069/121/1098 1085/122/1099 1070/101/1079
f 1078/102/1080 1092/120/1097 1093/123/1100
f 1070/101/1079 1086/124/1101 1071/103/1081
f 1078/102/1080 1094/125/1102 1079/104/1082
f 1091/118/1096 1105/126/1103 1106/127/1104
f 1465/128/990 1098/117/1095 1113/129/1105
f 1091/118/1096 1107/130/1106 1092/120/1097
f 1085/122/1099 1099/131/1107 1100/132/1108
f 1093/123/1100 1107/130/1106 1108/133/1109
f 1085/122/1099 1101/134/1110 1086/124/1101
f 1093/123/1100 1109/135/1111 1094/125/1102
f 1086/124/1101 1102/136/1112 1087/110/1088
f 1094/125/1102 1110/137/1113 1095/111/1089
f 1088/112/1090 1102/136/1112 1103/138/1114
f 1096/113/1091 1110/137/1113 1111/139/1115
f 1088/112/1090 1104/140/1116 1089/114/1092
f 1096/113/1091 1112/141/1117 1097/115/1093
f 1090/116/1094 1104/140/1116 1105/126/1103
f 1097/115/1093 1113/129/1105 1098/117/1095
f 1109/135/1111 1125/142/1118 1110/137/1113
f 1103/138/1114 1117/143/1119 1118/144/1120
f 1111/139/1115 1125/142/1118 1126/145/1121
f 1103/138/1114 1119/146/1122 1104/140/1116
f 1111/139/1115 1127/147/1123 1112/141/1117
f 1105/126/1103 1119/146/1122 1120/148/1124
f 1112/141/1117 1128/149/1125 1113/129/1105
f 1106/127/1104 1120/148/1124 1121/150/1126
f 1465/151/990 1113/129/1105 1128/149/1125
f 1106/127/1104 1122/152/1127 1107/130/1106
f 1100/132/1108 1114/153/1128 1115/154/1129
f 1108/133/1109 1122/152/1127 1123/155/1130
f 1101/134/1110 1115/154/1129 1116/156/1131
f 1108/133/1109 1124/157/1132 1109/135/1111
f 1101/134/1110 1117/143/1119 1102/136/1112
f 1465/158/990 1128/149/1125 1143/159/1133
f 1121/150/1126 1137/160/1134 1122/152/1127
f 1114/153/1128 1130/161/1135 1115/154/1129
f 1123/155/1130 1137/160/1134 1138/162/1136
f 1116/156/1131 1130/161/1135 1131/163/1137
f 1123/155/1130 1139/164/1138 1124/157/1132
f 1116/156/1131 1132/165/1139 1117/143/1119
f 1124/157/1132 1140/166/1140 1125/142/1118
f 1117/143/1119 1133/167/1141 1118/144/1120
f 1126/145/1121 1140/166/1140 1141/168/1142
f 1118/144/1120 1134/169/1143 1119/146/1122
f 1127/147/1123 1141/168/1142 1142/170/1144
f 1120/148/1124 1134/169/1143 1135/171/1145
f 1127/147/1123 1143/159/1133 1128/149/1125
f 1121/150/1126 1135/171/1145 1136/172/1146
f 1141/168/1142 1155/173/1147 1156/174/1148
f 1133/167/1141 1149/175/1149 1134/169/1143
f 1141/168/1142 1157/176/1150 1142/170/1144
f 1135/171/1145 1149/175/1149 1150/177/1151
f 1143/159/1133 1157/176/1150 1158/178/1152
f 1136/172/1146 1150/177/1151 1151/179/1153
f 1465/180/990 1143/159/1133 1158/178/1152
f 1136/172/1146 1152/181/1154 1137/160/1134
f 1130/161/1135 1144/182/1155 1145/183/1156
f 1138/162/1136 1152/181/1154 1153/184/1157
f 1130/161/1135 1146/185/1158 1131/163/1137
f 1138/162/1136 1154/186/1159 1139/164/1138
f 1131/163/1137 1147/187/1160 1132/165/1139
f 1139/164/1138 1155/173/1147 1140/166/1140
f 1132/165/1139 1148/188/1161 1133/167/1141
f 1144/182/1155 1160/189/1162 1145/183/1156
f 1152/181/1154 1168/190/1163 1153/184/1157
f 1145/183/1156 1161/191/1164 1146/185/1158
f 1153/184/1157 1169/192/1165 1154/186/1159
f 1146/185/1158 1162/193/1166 1147/187/1160
f 1155/173/1147 1169/192/1165 1170/194/1167
f 1148/188/1161 1162/193/1166 1163/195/1168
f 1155/173/1147 1171/196/1169 1156/174/1148
f 1148/188/1161 1164/197/1170 1149/175/1149
f 1156/174/1148 1172/198/1171 1157/176/1150
f 1149/175/1149 1165/199/1172 1150/177/1151
f 1157/176/1150 1173/200/1173 1158/178/1152
f 1151/179/1153 1165/199/1172 1166/201/1174
f 1465/202/990 1158/178/1152 1173/200/1173
f 1151/179/1153 1167/203/1175 1152/181/1154
f 1163/195/1168 1179/204/1176 1164/197/1170
f 1172/198/1171 1186/205/1177 1187/206/1178
f 1165/199/1172 1179/204/1176 1180/207/1179
f 1172/198/1171 1188/208/1180 1173/200/1173
f 1166/201/1174 1180/207/1179 1181/209/1181
f 1465/210/990 1173/200/1173 1188/208/1180
f 1166/201/1174 1182/211/1182 1167/203/1175
f 1160/189/1162 1174/212/1183 1175/213/1184
f 1167/203/1175 1183/214/1185 1168/190/1163
f 1160/189/1162 1176/215/1186 1161/191/1164
f 1168/190/1163 1184/216/1187 1169/192/1165
f 1161/191/1164 1177/217/1188 1162/193/1166
f 1169/192/1165 1185/218/1189 1170/194/1167
f 1163/195/1168 1177/217/1188 1178/219/1190
f 1171/196/1169 1185/218/1189 1186/205/1177
f 1183/214/1185 1197/220/1191 1198/221/1192
f 1175/213/1184 1191/222/1193 1176/215/1186
f 1183/214/1185 1199/223/1194 1184/216/1187
f 1176/215/1186 1192/224/1195 1177/217/1188
f 1184/216/1187 1200/225/1196 1185/218/1189
f 1178/219/1190 1192/224/1195 1193/226/1197
f 1186/205/1177 1200/225/1196 1201/227/1198
f 1178/219/1190 1194/228/1199 1179/204/1176
f 1186/205/1177 1202/229/1200 1187/206/1178
f 1180/207/1179 1194/228/1199 1195/230/1201
f 1188/208/1180 1202/229/1200 1203/231/1202
f 1181/209/1181 1195/230/1201 1196/232/1203
f 1465/233/990 1188/208/1180 1203/231/1202
f 1181/209/1181 1197/220/1191 1182/211/1182
f 1174/212/1183 1190/234/1204 1175/213/1184
f 1201/227/1198 1217/235/1205 1202/229/1200
f 1195/230/1201 1209/236/1206 1210/237/1207
f 1203/231/1202 1217/235/1205 1218/238/1208
f 1196/232/1203 1210/237/1207 1211/239/1209
f 1465/240/990 1203/231/1202 1218/238/1208
f 1196/232/1203 1212/241/1210 1197/220/1191
f 1189/242/1211 1205/243/1212 1190/234/1204
f 1198/221/1192 1212/241/1210 1213/244/1213
f 1191/222/1193 1205/243/1212 1206/245/1214
f 1198/221/1192 1214/246/1215 1199/223/1194
f 1191/222/1193 1207/247/1216 1192/224/1195
f 1199/223/1194 1215/248/1217 1200/225/1196
f 1193/226/1197 1207/247/1216 1208/249/1218
f 1201/227/1198 1215/248/1217 1216/250/1219
f 1193/226/1197 1209/236/1206 1194/228/1199
f 1206/245/1214 1220/251/1220 1221/252/1221
f 1213/244/1213 1229/253/1222 1214/246/1215
f 1206/245/1214 1222/254/1223 1207/247/1216
f 1214/246/1215 1230/255/1224 1215/248/1217
f 1208/249/1218 1222/254/1223 1223/256/1225
f 1216/250/1219 1230/255/1224 1231/257/1226
f 1208/249/1218 1224/258/1227 1209/236/1206
f 1216/250/1219 1232/259/1228 1217/235/1205
f 1210/237/1207 1224/258/1227 1225/260/1229
f 1218/238/1208 1232/259/1228 1233/261/1230
f 1211/239/1209 1225/260/1229 1226/262/1231
f 1465/263/990 1218/238/1208 1233/261/1230
f 1211/239/1209 1227/264/1232 1212/241/1210
f 1204/265/1233 1220/251/1220 1205/243/1212
f 1213/244/1213 1227/264/1232 1228/266/1234
f 1225/260/1229 1239/267/1235 1240/268/1236
f 1232/259/1228 1248/269/1237 1233/261/1230
f 1226/262/1231 1240/268/1236 1241/270/1238
f 1465/271/990 1233/261/1230 1248/269/1237
f 1226/262/1231 1242/272/1239 1227/264/1232
f 1219/273/1240 1235/274/1241 1220/251/1220
f 1228/266/1234 1242/272/1239 1243/275/1242
f 1220/251/1220 1236/276/1243 1221/252/1221
f 1228/266/1234 1244/277/1244 1229/253/1222
f 1221/252/1221 1237/278/1245 1222/254/1223
f 1230/255/1224 1244/277/1244 1245/279/1246
f 1223/256/1225 1237/278/1245 1238/280/1247
f 1231/257/1226 1245/279/1246 1246/281/1248
f 1223/256/1225 1239/267/1235 1224/258/1227
f 1231/257/1226 1247/282/1249 1232/259/1228
f 1243/275/1242 1259/283/1250 1244/277/1244
f 1236/276/1243 1252/284/1251 1237/278/1245
f 1244/277/1244 1260/285/1252 1245/279/1246
f 1238/280/1247 1252/284/1251 1253/286/1253
f 1246/281/1248 1260/285/1252 1261/287/1254
f 1238/280/1247 1254/288/1255 1239/267/1235
f 1246/281/1248 1262/289/1256 1247/282/1249
f 1240/268/1236 1254/288/1255 1255/290/1257
f 1247/282/1249 1263/291/1258 1248/269/1237
f 1241/270/1238 1255/290/1257 1256/292/1259
f 1465/293/990 1248/269/1237 1263/291/1258
f 1241/270/1238 1257/294/1260 1242/272/1239
f 1234/295/1261 1250/296/1262 1235/274/1241
f 1243/275/1242 1257/294/1260 1258/297/1263
f 1235/274/1241 1251/298/1264 1236/276/1243
f 1263/291/1258 1277/299/1265 1278/300/1266
f 1256/292/1259 1270/301/1267 1271/302/1268
f 1465/303/990 1263/291/1258 1278/300/1266
f 1256/292/1259 1272/304/1269 1257/294/1260
f 1249/305/1270 1265/306/1271 1250/296/1262
f 1258/297/1263 1272/304/1269 1273/307/1272
f 1250/296/1262 1266/308/1273 1251/298/1264
f 1258/297/1263 1274/309/1274 1259/283/1250
f 1251/298/1264 1267/310/1275 1252/284/1251
f 1259/283/1250 1275/311/1276 1260/285/1252
f 1253/286/1253 1267/310/1275 1268/312/1277
f 1261/287/1254 1275/311/1276 1276/313/1278
f 1254/288/1255 1268/312/1277 1269/314/1279
f 1261/287/1254 1277/299/1265 1262/289/1256
f 1255/290/1257 1269/314/1279 1270/301/1267
f 1274/309/1274 1290/315/1280 1275/311/1276
f 1267/310/1275 1283/316/1281 1268/312/1277
f 1276/313/1278 1290/315/1280 1291/317/1282
f 1269/314/1279 1283/316/1281 1284/318/1283
f 1276/313/1278 1292/319/1284 1277/299/1265
f 1270/301/1267 1284/318/1283 1285/320/1285
f 1277/299/1265 1293/321/1286 1278/300/1266
f 1271/302/1268 1285/320/1285 1286/322/1287
f 1465/323/990 1278/300/1266 1293/321/1286
f 1271/302/1268 1287/324/1288 1272/304/1269
f 1264/325/1289 1280/326/1290 1265/306/1271
f 1273/307/1272 1287/324/1288 1288/327/1291
f 1265/306/1271 1281/328/1292 1266/308/1273
f 1273/307/1272 1289/329/1293 1274/309/1274
f 1266/308/1273 1282/330/1294 1267/310/1275
f 1465/331/990 1293/321/1286 1308/332/1295
f 1286/322/1287 1302/333/1296 1287/324/1288
f 1280/326/1290 1294/334/1297 1295/335/1298
f 1288/327/1291 1302/333/1296 1303/336/1299
f 1281/328/1292 1295/335/1298 1296/337/1300
f 1288/327/1291 1304/338/1301 1289/329/1293
f 1281/328/1292 1297/339/1302 1282/330/1294
f 1289/329/1293 1305/340/1303 1290/315/1280
f 1282/330/1294 1298/341/1304 1283/316/1281
f 1291/317/1282 1305/340/1303 1306/342/1305
f 1284/318/1283 1298/341/1304 1299/343/1306
f 1292/319/1284 1306/342/1305 1307/344/1307
f 1285/320/1285 1299/343/1306 1300/345/1308
f 1292/319/1284 1308/332/1295 1293/321/1286
f 1286/322/1287 1300/345/1308 1301/346/1309
f 1297/339/1302 1314/347/1310 1298/341/1304
f 1306/342/1305 1321/348/1311 1322/349/1312
f 1299/343/1306 1314/347/1310 1315/350/1313
f 1306/342/1305 1323/351/1314 1307/344/1307
f 1300/345/1308 1315/350/1313 1316/352/1315
f 1307/344/1307 1324/353/1316 1308/332/1295
f 1301/346/1309 1316/352/1315 1317/354/1317
f 1465/355/990 1308/332/1295 1324/353/1316
f 1301/346/1309 1318/356/1318 1302/333/1296
f 1294/334/1297 1311/357/1319 1295/335/1298
f 1303/336/1299 1318/356/1318 1319/358/1320
f 1295/335/1298 1312/359/1321 1296/337/1300
f 1303/336/1299 1320/360/1322 1304/338/1301
f 1296/337/1300 1313/361/1323 1297/339/1302
f 1304/338/1301 1321/348/1311 1305/340/1303
f 1317/354/1317 1333/362/1324 1318/356/1318
f 1310/363/1325 1326/364/1326 1311/357/1319
f 1319/358/1320 1333/362/1324 1334/365/1327
f 1311/357/1319 1327/366/1328 1312/359/1321
f 1319/358/1320 1335/367/1329 1320/360/1322
f 1312/359/1321 1328/368/1330 1313/361/1323
f 1320/360/1322 1336/369/1331 1321/348/1311
f 1313/361/1323 1329/370/1332 1314/347/1310
f 1321/348/1311 1337/371/1333 1322/349/1312
f 1315/350/1313 1329/370/1332 1330/372/1334
f 1322/349/1312 1338/373/1335 1323/351/1314
f 1316/352/1315 1330/372/1334 1331/374/1336
f 1324/353/1316 1338/373/1335 1339/375/1337
f 1317/354/1317 1331/374/1336 1332/376/1338
f 1465/377/990 1324/353/1316 1339/375/1337
f 1337/371/1333 1351/378/1339 1352/379/1340
f 1330/372/1334 1344/380/1341 1345/381/1342
f 1338/373/1335 1352/379/1340 1353/382/1343
f 1331/374/1336 1345/381/1342 1346/383/1344
f 1339/375/1337 1353/382/1343 1354/384/1345
f 1332/376/1338 1346/383/1344 1347/385/1346
f 1465/386/990 1339/375/1337 1354/384/1345
f 1332/376/1338 1348/387/1347 1333/362/1324
f 1325/388/1348 1341/389/1349 1326/364/1326
f 1334/365/1327 1348/387/1347 1349/390/1350
f 1326/364/1326 1342/391/1351 1327/366/1328
f 1334/365/1327 1350/392/1352 1335/367/1329
f 1327/366/1328 1343/393/1353 1328/368/1330
f 1335/367/1329 1351/378/1339 1336/369/1331
f 1329/370/1332 1343/393/1353 1344/380/1341
f 1340/394/1354 1356/395/1355 1341/396/1349
f 1349/397/1350 1363/398/1356 1364/399/1357
f 1341/396/1349 1357/400/1358 1342/401/1351
f 1349/397/1350 1365/402/1359 1350/403/1352
f 1342/401/1351 1358/404/1360 1343/405/1353
f 1351/406/1339 1365/402/1359 1366/407/1361
f 1343/405/1353 1359/408/1362 1344/409/1341
f 1352/410/1340 1366/407/1361 1367/411/1363
f 1345/412/1342 1359/408/1362 1360/413/1364
f 1353/414/1343 1367/411/1363 1368/415/1365
f 1346/416/1344 1360/413/1364 1361/417/1366
f 1354/418/1345 1368/415/1365 1369/419/1367
f 1347/420/1346 1361/417/1366 1362/421/1368
f 1465/422/990 1354/418/1345 1369/419/1367
f 1347/420/1346 1363/398/1356 1348/423/1347
f 1360/413/1364 1374/424/1369 1375/425/1370
f 1367/411/1363 1383/426/1371 1368/415/1365
f 1361/417/1366 1375/425/1370 1376/427/1372
f 1368/415/1365 1384/428/1373 1369/419/1367
f 1362/421/1368 1376/427/1372 1377/429/1374
f 1465/430/990 1369/419/1367 1384/428/1373
f 1362/421/1368 1378/431/1375 1363/398/1356
f 1355/432/1376 1371/433/1377 1356/395/1355
f 1364/399/1357 1378/431/1375 1379/434/1378
f 1356/395/1355 1372/435/1379 1357/400/1358
f 1364/399/1357 1380/436/1380 1365/402/1359
f 1357/400/1358 1373/437/1381 1358/404/1360
f 1365/402/1359 1381/438/1382 1366/407/1361
f 1358/404/1360 1374/424/1369 1359/408/1362
f 1367/411/1363 1381/438/1382 1382/439/1383
f 1379/434/1378 1393/440/1384 1394/441/1385
f 1371/433/1377 1387/442/1386 1372/435/1379
f 1379/434/1378 1395/443/1387 1380/436/1380
f 1372/435/1379 1388/444/1388 1373/437/1381
f 1380/436/1380 1396/445/1389 1381/438/1382
f 1374/424/1369 1388/444/1388 1389/446/1390
f 1382/439/1383 1396/445/1389 1397/447/1391
f 1375/425/1370 1389/446/1390 1390/448/1392
f 1383/426/1371 1397/447/1391 1398/449/1393
f 1376/427/1372 1390/448/1392 1391/450/1394
f 1383/426/1371 1399/451/1395 1384/428/1373
f 1377/429/1374 1391/450/1394 1392/452/1396
f 1465/453/990 1384/428/1373 1399/451/1395
f 1377/429/1374 1393/440/1384 1378/431/1375
f 1370/454/1397 1386/455/1398 1371/433/1377
f 1397/447/1391 1413/456/1399 1398/449/1393
f 1391/450/1394 1405/457/1400 1406/458/1401
f 1399/451/1395 1413/456/1399 1414/459/1402
f 1392/452/1396 1406/458/1401 1407/460/1403
f 1465/461/990 1399/451/1395 1414/459/1402
f 1392/452/1396 1408/462/1404 1393/440/1384
f 1385/463/1405 1401/464/1406 1386/455/1398
f 1393/440/1384 1409/465/1407 1394/441/1385
f 1386/455/1398 1402/466/1408 1387/442/1386
f 1394/441/1385 1410/467/1409 1395/443/1387
f 1387/442/1386 1403/468/1410 1388/444/1388
f 1395/443/1387 1411/469/1411 1396/445/1389
f 1388/444/1388 1404/470/1412 1389/446/1390
f 1397/447/1391 1411/469/1411 1412/471/1413
f 1390/448/1392 1404/470/1412 1405/457/1400
f 1409/465/1407 1425/472/1414 1410/467/1409
f 1402/466/1408 1418/473/1415 1403/468/1410
f 1410/467/1409 1426/474/1416 1411/469/1411
f 1403/468/1410 1419/475/1417 1404/470/1412
f 1412/471/1413 1426/474/1416 1427/476/1418
f 1405/457/1400 1419/475/1417 1420/477/1419
f 1412/471/1413 1428/478/1420 1413/456/1399
f 1406/458/1401 1420/477/1419 1421/479/1421
f 1414/459/1402 1428/478/1420 1429/480/1422
f 1407/460/1403 1421/479/1421 1422/481/1423
f 1465/482/990 1414/459/1402 1429/480/1422
f 1407/460/1403 1423/483/1424 1408/462/1404
f 1400/484/1425 1416/485/1426 1401/464/1406
f 1408/462/1404 1424/486/1427 1409/465/1407
f 1402/466/1408 1416/485/1426 1417/487/1428
f 1428/478/1420 1444/488/1429 1429/480/1422
f 1422/481/1423 1436/489/1430 1437/490/1431
f 1465/491/990 1429/480/1422 1444/488/1429
f 1422/481/1423 1438/492/1432 1423/483/1424
f 1415/493/1433 1431/494/1434 1416/485/1426
f 1423/483/1424 1439/495/1435 1424/486/1427
f 1416/485/1426 1432/496/1436 1417/487/1428
f 1424/486/1427 1440/497/1437 1425/472/1414
f 1417/487/1428 1433/498/1438 1418/473/1415
f 1425/472/1414 1441/499/1439 1426/474/1416
f 1419/475/1417 1433/498/1438 1434/500/1440
f 1427/476/1418 1441/499/1439 1442/501/1441
f 1420/477/1419 1434/500/1440 1435/502/1442
f 1427/476/1418 1443/503/1443 1428/478/1420
f 1421/479/1421 1435/502/1442 1436/489/1430
f 1432/496/1436 1448/504/1444 1433/498/1438
f 1440/497/1437 1456/505/1445 1441/499/1439
f 1433/498/1438 1449/506/1446 1434/500/1440
f 1442/501/1441 1456/505/1445 1457/507/1447
f 1435/502/1442 1449/506/1446 1450/508/1448
f 1442/501/1441 1458/509/1449 1443/503/1443
f 1436/489/1430 1450/508/1448 1451/510/1450
f 1443/503/1443 1459/511/1451 1444/488/1429
f 1437/490/1431 1451/510/1450 1452/512/1452
f 1465/513/990 1444/488/1429 1459/511/1451
f 1437/490/1431 1453/514/1453 1438/492/1432
f 1430/515/1454 1446/516/1455 1431/494/1434
f 1438/492/1432 1454/517/1456 1439/495/1435
f 1431/494/1434 1447/518/1457 1432/496/1436
f 1439/495/1435 1455/519/1458 1440/497/1437
f 1452/512/1452 990/30/1013 1460/4/987
f 1465/520/990 1459/511/1451 1464/3/986
f 1452/512/1452 1461/9/992 1453/514/1453
f 1446/516/1455 984/10/993 985/12/995
f 1453/514/1453 1462/14/997 1454/517/1456
f 1447/518/1457 985/12/995 986/16/999
f 1454/517/1456 991/18/1001 1455/519/1458
f 1448/504/1444 986/16/999 987/20/1003
f 1455/519/1458 992/21/1004 1456/505/1445
f 1449/506/1446 987/20/1003 988/24/1007
f 1456/505/1445 993/26/1009 1457/507/1447
f 1450/508/1448 988/24/1007 989/28/1011
f 1457/507/1447 1463/1/984 1458/509/1449
f 1451/510/1450 989/28/1011 990/30/1013
f 1458/509/1449 1464/3/986 1459/511/1451
f 1463/1/984 1007/29/1012 1008/2/985
f 1460/4/987 990/30/1013 1000/5/988
f 1460/4/987 1001/6/989 1002/8/991
f 984/10/993 994/38/1020 995/11/994
f 1461/9/992 1002/8/991 1003/13/996
f 985/12/995 995/11/994 996/15/998
f 1462/14/997 1003/13/996 1004/17/1000
f 986/16/999 996/15/998 997/19/1002
f 992/21/1004 991/18/1001 1004/17/1000
f 987/20/1003 997/19/1002 998/23/1006
f 992/21/1004 1005/22/1005 1006/25/1008
f 988/24/1007 998/23/1006 999/27/1010
f 993/26/1009 1006/25/1008 1007/29/1012
f 989/28/1011 999/27/1010 1000/5/988
f 1006/25/1008 1021/46/1028 1022/31/1014
f 1000/5/988 999/27/1010 1014/32/1015
f 1007/29/1012 1022/31/1014 1023/34/1017
f 1001/6/989 1000/5/988 1015/33/1016
f 1001/6/989 1016/35/1018 1017/37/1019
f 994/38/1020 1009/61/1042 1010/39/1021
f 1002/8/991 1017/37/1019 1018/40/1022
f 995/11/994 1010/39/1021 1011/41/1023
f 1003/13/996 1018/40/1022 1019/42/1024
f 996/15/998 1011/41/1023 1012/43/1025
f 1004/17/1000 1019/42/1024 1020/44/1026
f 998/23/1006 997/19/1002 1012/43/1025
f 1005/22/1005 1020/44/1026 1021/46/1028
f 998/23/1006 1013/45/1027 1014/32/1015
f 1010/39/1021 1025/62/1043 1026/47/1029
f 1019/42/1024 1018/40/1022 1033/48/1030
f 1011/41/1023 1026/47/1029 1027/50/1032
f 1019/42/1024 1034/49/1031 1035/51/1033
f 1012/43/1025 1027/50/1032 1028/52/1034
f 1020/44/1026 1035/51/1033 1036/53/1035
f 1013/45/1027 1028/52/1034 1029/54/1036
f 1021/46/1028 1036/53/1035 1037/55/1037
f 1014/32/1015 1029/54/1036 1030/56/1038
f 1022/31/1014 1037/55/1037 1038/57/1039
f 1015/33/1016 1030/56/1038 1031/58/1040
f 1016/35/1018 1031/58/1040 1032/60/1041
f 1009/61/1042 1024/69/1049 1025/62/1043
f 1017/37/1019 1032/60/1041 1033/48/1030
f 1029/54/1036 1044/78/1058 1045/63/1044
f 1038/57/1039 1037/55/1037 1052/64/1045
f 1031/58/1040 1030/56/1038 1045/63/1044
f 1031/58/1040 1046/66/1047 1047/68/1048
f 1024/69/1049 1039/521/1459 1040/70/1050
f 1033/48/1030 1032/60/1041 1047/68/1048
f 1026/47/1029 1025/62/1043 1040/70/1050
f 1034/49/1031 1033/48/1030 1048/71/1051
f 1026/47/1029 1041/72/1052 1042/74/1054
f 1035/51/1033 1034/49/1031 1049/73/1053
f 1027/50/1032 1042/74/1054 1043/76/1056
f 1036/53/1035 1035/51/1033 1050/75/1055
f 1028/52/1034 1043/76/1056 1044/78/1058
f 1036/53/1035 1051/77/1057 1052/64/1045
f 1048/71/1051 1063/93/1072 1064/79/1059
f 1041/72/1052 1056/94/1073 1057/80/1060
f 1049/73/1053 1064/79/1059 1065/81/1061
f 1043/76/1056 1042/74/1054 1057/80/1060
f 1051/77/1057 1050/75/1055 1065/81/1061
f 1043/76/1056 1058/82/1062 1059/84/1064
f 1052/64/1045 1051/77/1057 1066/83/1063
f 1044/78/1058 1059/84/1064 1060/86/1066
f 1052/64/1045 1067/85/1065 1068/87/1067
f 1046/66/1047 1045/63/1044 1060/86/1066
f 1046/66/1047 1061/88/1068 1062/90/1069
f 1040/70/1050 1039/521/1459 1054/91/1070
f 1048/71/1051 1047/68/1048 1062/90/1069
f 1040/70/1050 1055/92/1071 1056/94/1073
f 1068/87/1067 1067/85/1065 1082/95/1074
f 1061/88/1068 1060/86/1066 1075/97/1076
f 1061/88/1068 1076/98/1077 1077/100/1078
f 1054/91/1070 1069/121/1098 1070/101/1079
f 1062/90/1069 1077/100/1078 1078/102/1080
f 1055/92/1071 1070/101/1079 1071/103/1081
f 1063/93/1072 1078/102/1080 1079/104/1082
f 1056/94/1073 1071/103/1081 1072/105/1083
f 1064/79/1059 1079/104/1082 1080/106/1084
f 1057/80/1060 1072/105/1083 1073/107/1085
f 1066/83/1063 1065/81/1061 1080/106/1084
f 1058/82/1062 1073/107/1085 1074/109/1087
f 1067/85/1065 1066/83/1063 1081/108/1086
f 1060/86/1066 1059/84/1064 1074/109/1087
f 1071/103/1081 1086/124/1101 1087/110/1088
f 1079/104/1082 1094/125/1102 1095/111/1089
f 1073/107/1085 1072/105/1083 1087/110/1088
f 1081/108/1086 1080/106/1084 1095/111/1089
f 1073/107/1085 1088/112/1090 1089/114/1092
f 1082/95/1074 1081/108/1086 1096/113/1091
f 1075/97/1076 1074/109/1087 1089/114/1092
f 1082/95/1074 1097/115/1093 1098/117/1095
f 1076/98/1077 1075/97/1076 1090/116/1094
f 1076/98/1077 1091/118/1096 1092/120/1097
f 1069/121/1098 1084/522/1460 1085/122/1099
f 1078/102/1080 1077/100/1078 1092/120/1097
f 1070/101/1079 1085/122/1099 1086/124/1101
f 1078/102/1080 1093/123/1100 1094/125/1102
f 1091/118/1096 1090/116/1094 1105/126/1103
f 1091/118/1096 1106/127/1104 1107/130/1106
f 1085/122/1099 1084/522/1460 1099/131/1107
f 1093/123/1100 1092/120/1097 1107/130/1106
f 1085/122/1099 1100/132/1108 1101/134/1110
f 1093/123/1100 1108/133/1109 1109/135/1111
f 1086/124/1101 1101/134/1110 1102/136/1112
f 1094/125/1102 1109/135/1111 1110/137/1113
f 1088/112/1090 1087/110/1088 1102/136/1112
f 1096/113/1091 1095/111/1089 1110/137/1113
f 1088/112/1090 1103/138/1114 1104/140/1116
f 1096/113/1091 1111/139/1115 1112/141/1117
f 1090/116/1094 1089/114/1092 1104/140/1116
f 1097/115/1093 1112/141/1117 1113/129/1105
f 1109/135/1111 1124/157/1132 1125/142/1118
f 1103/138/1114 1102/136/1112 1117/143/1119
f 1111/139/1115 1110/137/1113 1125/142/1118
f 1103/138/1114 1118/144/1120 1119/146/1122
f 1111/139/1115 1126/145/1121 1127/147/1123
f 1105/126/1103 1104/140/1116 1119/146/1122
f 1112/141/1117 1127/147/1123 1128/149/1125
f 1106/127/1104 1105/126/1103 1120/148/1124
f 1106/127/1104 1121/150/1126 1122/152/1127
f 1100/132/1108 1099/131/1107 1114/153/1128
f 1108/133/1109 1107/130/1106 1122/152/1127
f 1101/134/1110 1100/132/1108 1115/154/1129
f 1108/133/1109 1123/155/1130 1124/157/1132
f 1101/134/1110 1116/156/1131 1117/143/1119
f 1121/150/1126 1136/172/1146 1137/160/1134
f 1114/153/1128 1129/523/1461 1130/161/1135
f 1123/155/1130 1122/152/1127 1137/160/1134
f 1116/156/1131 1115/154/1129 1130/161/1135
f 1123/155/1130 1138/162/1136 1139/164/1138
f 1116/156/1131 1131/163/1137 1132/165/1139
f 1124/157/1132 1139/164/1138 1140/166/1140
f 1117/143/1119 1132/165/1139 1133/167/1141
f 1126/145/1121 1125/142/1118 1140/166/1140
f 1118/144/1120 1133/167/1141 1134/169/1143
f 1127/147/1123 1126/145/1121 1141/168/1142
f 1120/148/1124 1119/146/1122 1134/169/1143
f 1127/147/1123 1142/170/1144 1143/159/1133
f 1121/150/1126 1120/148/1124 1135/171/1145
f 1141/168/1142 1140/166/1140 1155/173/1147
f 1133/167/1141 1148/188/1161 1149/175/1149
f 1141/168/1142 1156/174/1148 1157/176/1150
f 1135/171/1145 1134/169/1143 1149/175/1149
f 1143/159/1133 1142/170/1144 1157/176/1150
f 1136/172/1146 1135/171/1145 1150/177/1151
f 1136/172/1146 1151/179/1153 1152/181/1154
f 1130/161/1135 1129/523/1461 1144/182/1155
f 1138/162/1136 1137/160/1134 1152/181/1154
f 1130/161/1135 1145/183/1156 1146/185/1158
f 1138/162/1136 1153/184/1157 1154/186/1159
f 1131/163/1137 1146/185/1158 1147/187/1160
f 1139/164/1138 1154/186/1159 1155/173/1147
f 1132/165/1139 1147/187/1160 1148/188/1161
f 1144/182/1155 1159/524/1462 1160/189/1162
f 1152/181/1154 1167/203/1175 1168/190/1163
f 1145/183/1156 1160/189/1162 1161/191/1164
f 1153/184/1157 1168/190/1163 1169/192/1165
f 1146/185/1158 1161/191/1164 1162/193/1166
f 1155/173/1147 1154/186/1159 1169/192/1165
f 1148/188/1161 1147/187/1160 1162/193/1166
f 1155/173/1147 1170/194/1167 1171/196/1169
f 1148/188/1161 1163/195/1168 1164/197/1170
f 1156/174/1148 1171/196/1169 1172/198/1171
f 1149/175/1149 1164/197/1170 1165/199/1172
f 1157/176/1150 1172/198/1171 1173/200/1173
f 1151/179/1153 1150/177/1151 1165/199/1172
f 1151/179/1153 1166/201/1174 1167/203/1175
f 1163/195/1168 1178/219/1190 1179/204/1176
f 1172/198/1171 1171/196/1169 1186/205/1177
f 1165/199/1172 1164/197/1170 1179/204/1176
f 1172/198/1171 1187/206/1178 1188/208/1180
f 1166/201/1174 1165/199/1172 1180/207/1179
f 1166/201/1174 1181/209/1181 1182/211/1182
f 1160/189/1162 1159/524/1462 1174/212/1183
f 1167/203/1175 1182/211/1182 1183/214/1185
f 1160/189/1162 1175/213/1184 1176/215/1186
f 1168/190/1163 1183/214/1185 1184/216/1187
f 1161/191/1164 1176/215/1186 1177/217/1188
f 1169/192/1165 1184/216/1187 1185/218/1189
f 1163/195/1168 1162/193/1166 1177/217/1188
f 1171/196/1169 1170/194/1167 1185/218/1189
f 1183/214/1185 1182/211/1182 1197/220/1191
f 1175/213/1184 1190/234/1204 1191/222/1193
f 1183/214/1185 1198/221/1192 1199/223/1194
f 1176/215/1186 1191/222/1193 1192/224/1195
f 1184/216/1187 1199/223/1194 1200/225/1196
f 1178/219/1190 1177/217/1188 1192/224/1195
f 1186/205/1177 1185/218/1189 1200/225/1196
f 1178/219/1190 1193/226/1197 1194/228/1199
f 1186/205/1177 1201/227/1198 1202/229/1200
f 1180/207/1179 1179/204/1176 1194/228/1199
f 1188/208/1180 1187/206/1178 1202/229/1200
f 1181/209/1181 1180/207/1179 1195/230/1201
f 1181/209/1181 1196/232/1203 1197/220/1191
f 1174/212/1183 1189/242/1211 1190/234/1204
f 1201/227/1198 1216/250/1219 1217/235/1205
f 1195/230/1201 1194/228/1199 1209/236/1206
f 1203/231/1202 1202/229/1200 1217/235/1205
f 1196/232/1203 1195/230/1201 1210/237/1207
f 1196/232/1203 1211/239/1209 1212/241/1210
f 1189/242/1211 1204/265/1233 1205/243/1212
f 1198/221/1192 1197/220/1191 1212/241/1210
f 1191/222/1193 1190/234/1204 1205/243/1212
f 1198/221/1192 1213/244/1213 1214/246/1215
f 1191/222/1193 1206/245/1214 1207/247/1216
f 1199/223/1194 1214/246/1215 1215/248/1217
f 1193/226/1197 1192/224/1195 1207/247/1216
f 1201/227/1198 1200/225/1196 1215/248/1217
f 1193/226/1197 1208/249/1218 1209/236/1206
f 1206/245/1214 1205/243/1212 1220/251/1220
f 1213/244/1213 1228/266/1234 1229/253/1222
f 1206/245/1214 1221/252/1221 1222/254/1223
f 1214/246/1215 1229/253/1222 1230/255/1224
f 1208/249/1218 1207/247/1216 1222/254/1223
f 1216/250/1219 1215/248/1217 1230/255/1224
f 1208/249/1218 1223/256/1225 1224/258/1227
f 1216/250/1219 1231/257/1226 1232/259/1228
f 1210/237/1207 1209/236/1206 1224/258/1227
f 1218/238/1208 1217/235/1205 1232/259/1228
f 1211/239/1209 1210/237/1207 1225/260/1229
f 1211/239/1209 1226/262/1231 1227/264/1232
f 1204/265/1233 1219/273/1240 1220/251/1220
f 1213/244/1213 1212/241/1210 1227/264/1232
f 1225/260/1229 1224/258/1227 1239/267/1235
f 1232/259/1228 1247/282/1249 1248/269/1237
f 1226/262/1231 1225/260/1229 1240/268/1236
f 1226/262/1231 1241/270/1238 1242/272/1239
f 1219/273/1240 1234/295/1261 1235/274/1241
f 1228/266/1234 1227/264/1232 1242/272/1239
f 1220/251/1220 1235/274/1241 1236/276/1243
f 1228/266/1234 1243/275/1242 1244/277/1244
f 1221/252/1221 1236/276/1243 1237/278/1245
f 1230/255/1224 1229/253/1222 1244/277/1244
f 1223/256/1225 1222/254/1223 1237/278/1245
f 1231/257/1226 1230/255/1224 1245/279/1246
f 1223/256/1225 1238/280/1247 1239/267/1235
f 1231/257/1226 1246/281/1248 1247/282/1249
f 1243/275/1242 1258/297/1263 1259/283/1250
f 1236/276/1243 1251/298/1264 1252/284/1251
f 1244/277/1244 1259/283/1250 1260/285/1252
f 1238/280/1247 1237/278/1245 1252/284/1251
f 1246/281/1248 1245/279/1246 1260/285/1252
f 1238/280/1247 1253/286/1253 1254/288/1255
f 1246/281/1248 1261/287/1254 1262/289/1256
f 1240/268/1236 1239/267/1235 1254/288/1255
f 1247/282/1249 1262/289/1256 1263/291/1258
f 1241/270/1238 1240/268/1236 1255/290/1257
f 1241/270/1238 1256/292/1259 1257/294/1260
f 1234/295/1261 1249/305/1270 1250/296/1262
f 1243/275/1242 1242/272/1239 1257/294/1260
f 1235/274/1241 1250/296/1262 1251/298/1264
f 1263/291/1258 1262/289/1256 1277/299/1265
f 1256/292/1259 1255/290/1257 1270/301/1267
f 1256/292/1259 1271/302/1268 1272/304/1269
f 1249/305/1270 1264/325/1289 1265/306/1271
f 1258/297/1263 1257/294/1260 1272/304/1269
f 1250/296/1262 1265/306/1271 1266/308/1273
f 1258/297/1263 1273/307/1272 1274/309/1274
f 1251/298/1264 1266/308/1273 1267/310/1275
f 1259/283/1250 1274/309/1274 1275/311/1276
f 1253/286/1253 1252/284/1251 1267/310/1275
f 1261/287/1254 1260/285/1252 1275/311/1276
f 1254/288/1255 1253/286/1253 1268/312/1277
f 1261/287/1254 1276/313/1278 1277/299/1265
f 1255/290/1257 1254/288/1255 1269/314/1279
f 1274/309/1274 1289/329/1293 1290/315/1280
f 1267/310/1275 1282/330/1294 1283/316/1281
f 1276/313/1278 1275/311/1276 1290/315/1280
f 1269/314/1279 1268/312/1277 1283/316/1281
f 1276/313/1278 1291/317/1282 1292/319/1284
f 1270/301/1267 1269/314/1279 1284/318/1283
f 1277/299/1265 1292/319/1284 1293/321/1286
f 1271/302/1268 1270/301/1267 1285/320/1285
f 1271/302/1268 1286/322/1287 1287/324/1288
f 1264/325/1289 1279/525/1463 1280/326/1290
f 1273/307/1272 1272/304/1269 1287/324/1288
f 1265/306/1271 1280/326/1290 1281/328/1292
f 1273/307/1272 1288/327/1291 1289/329/1293
f 1266/308/1273 1281/328/1292 1282/330/1294
f 1286/322/1287 1301/346/1309 1302/333/1296
f 1280/326/1290 1279/525/1463 1294/334/1297
f 1288/327/1291 1287/324/1288 1302/333/1296
f 1281/328/1292 1280/326/1290 1295/335/1298
f 1288/327/1291 1303/336/1299 1304/338/1301
f 1281/328/1292 1296/337/1300 1297/339/1302
f 1289/329/1293 1304/338/1301 1305/340/1303
f 1282/330/1294 1297/339/1302 1298/341/1304
f 1291/317/1282 1290/315/1280 1305/340/1303
f 1284/318/1283 1283/316/1281 1298/341/1304
f 1292/319/1284 1291/317/1282 1306/342/1305
f 1285/320/1285 1284/318/1283 1299/343/1306
f 1292/319/1284 1307/344/1307 1308/332/1295
f 1286/322/1287 1285/320/1285 1300/345/1308
f 1297/339/1302 1313/361/1323 1314/347/1310
f 1306/342/1305 1305/340/1303 1321/348/1311
f 1299/343/1306 1298/341/1304 1314/347/1310
f 1306/342/1305 1322/349/1312 1323/351/1314
f 1300/345/1308 1299/343/1306 1315/350/1313
f 1307/344/1307 1323/351/1314 1324/353/1316
f 1301/346/1309 1300/345/1308 1316/352/1315
f 1301/346/1309 1317/354/1317 1318/356/1318
f 1294/334/1297 1310/363/1325 1311/357/1319
f 1303/336/1299 1302/333/1296 1318/356/1318
f 1295/335/1298 1311/357/1319 1312/359/1321
f 1303/336/1299 1319/358/1320 1320/360/1322
f 1296/337/1300 1312/359/1321 1313/361/1323
f 1304/338/1301 1320/360/1322 1321/348/1311
f 1317/354/1317 1332/376/1338 1333/362/1324
f 1310/363/1325 1325/388/1348 1326/364/1326
f 1319/358/1320 1318/356/1318 1333/362/1324
f 1311/357/1319 1326/364/1326 1327/366/1328
f 1319/358/1320 1334/365/1327 1335/367/1329
f 1312/359/1321 1327/366/1328 1328/368/1330
f 1320/360/1322 1335/367/1329 1336/369/1331
f 1313/361/1323 1328/368/1330 1329/370/1332
f 1321/348/1311 1336/369/1331 1337/371/1333
f 1315/350/1313 1314/347/1310 1329/370/1332
f 1322/349/1312 1337/371/1333 1338/373/1335
f 1316/352/1315 1315/350/1313 1330/372/1334
f 1324/353/1316 1323/351/1314 1338/373/1335
f 1317/354/1317 1316/352/1315 1331/374/1336
f 1337/371/1333 1336/369/1331 1351/378/1339
f 1330/372/1334 1329/370/1332 1344/380/1341
f 1338/373/1335 1337/371/1333 1352/379/1340
f 1331/374/1336 1330/372/1334 1345/381/1342
f 1339/375/1337 1338/373/1335 1353/382/1343
f 1332/376/1338 1331/374/1336 1346/383/1344
f 1332/376/1338 1347/385/1346 1348/387/1347
f 1325/388/1348 1340/526/1354 1341/389/1349
f 1334/365/1327 1333/362/1324 1348/387/1347
f 1326/364/1326 1341/389/1349 1342/391/1351
f 1334/365/1327 1349/390/1350 1350/392/1352
f 1327/366/1328 1342/391/1351 1343/393/1353
f 1335/367/1329 1350/392/1352 1351/378/1339
f 1329/370/1332 1328/368/1330 1343/393/1353
f 1340/394/1354 1355/432/1376 1356/395/1355
f 1349/397/1350 1348/423/1347 1363/398/1356
f 1341/396/1349 1356/395/1355 1357/400/1358
f 1349/397/1350 1364/399/1357 1365/402/1359
f 1342/401/1351 1357/400/1358 1358/404/1360
f 1351/406/1339 1350/403/1352 1365/402/1359
f 1343/405/1353 1358/404/1360 1359/408/1362
f 1352/410/1340 1351/406/1339 1366/407/1361
f 1345/412/1342 1344/409/1341 1359/408/1362
f 1353/414/1343 1352/410/1340 1367/411/1363
f 1346/416/1344 1345/412/1342 1360/413/1364
f 1354/418/1345 1353/414/1343 1368/415/1365
f 1347/420/1346 1346/416/1344 1361/417/1366
f 1347/420/1346 1362/421/1368 1363/398/1356
f 1360/413/1364 1359/408/1362 1374/424/1369
f 1367/411/1363 1382/439/1383 1383/426/1371
f 1361/417/1366 1360/413/1364 1375/425/1370
f 1368/415/1365 1383/426/1371 1384/428/1373
f 1362/421/1368 1361/417/1366 1376/427/1372
f 1362/421/1368 1377/429/1374 1378/431/1375
f 1355/432/1376 1370/454/1397 1371/433/1377
f 1364/399/1357 1363/398/1356 1378/431/1375
f 1356/395/1355 1371/433/1377 1372/435/1379
f 1364/399/1357 1379/434/1378 1380/436/1380
f 1357/400/1358 1372/435/1379 1373/437/1381
f 1365/402/1359 1380/436/1380 1381/438/1382
f 1358/404/1360 1373/437/1381 1374/424/1369
f 1367/411/1363 1366/407/1361 1381/438/1382
f 1379/434/1378 1378/431/1375 1393/440/1384
f 1371/433/1377 1386/455/1398 1387/442/1386
f 1379/434/1378 1394/441/1385 1395/443/1387
f 1372/435/1379 1387/442/1386 1388/444/1388
f 1380/436/1380 1395/443/1387 1396/445/1389
f 1374/424/1369 1373/437/1381 1388/444/1388
f 1382/439/1383 1381/438/1382 1396/445/1389
f 1375/425/1370 1374/424/1369 1389/446/1390
f 1383/426/1371 1382/439/1383 1397/447/1391
f 1376/427/1372 1375/425/1370 1390/448/1392
f 1383/426/1371 1398/449/1393 1399/451/1395
f 1377/429/1374 1376/427/1372 1391/450/1394
f 1377/429/1374 1392/452/1396 1393/440/1384
f 1370/454/1397 1385/463/1405 1386/455/1398
f 1397/447/1391 1412/471/1413 1413/456/1399
f 1391/450/1394 1390/448/1392 1405/457/1400
f 1399/451/1395 1398/449/1393 1413/456/1399
f 1392/452/1396 1391/450/1394 1406/458/1401
f 1392/452/1396 1407/460/1403 1408/462/1404
f 1385/463/1405 1400/484/1425 1401/464/1406
f 1393/440/1384 1408/462/1404 1409/465/1407
f 1386/455/1398 1401/464/1406 1402/466/1408
f 1394/441/1385 1409/465/1407 1410/467/1409
f 1387/442/1386 1402/466/1408 1403/468/1410
f 1395/443/1387 1410/467/1409 1411/469/1411
f 1388/444/1388 1403/468/1410 1404/470/1412
f 1397/447/1391 1396/445/1389 1411/469/1411
f 1390/448/1392 1389/446/1390 1404/470/1412
f 1409/465/1407 1424/486/1427 1425/472/1414
f 1402/466/1408 1417/487/1428 1418/473/1415
f 1410/467/1409 1425/472/1414 1426/474/1416
f 1403/468/1410 1418/473/1415 1419/475/1417
f 1412/471/1413 1411/469/1411 1426/474/1416
f 1405/457/1400 1404/470/1412 1419/475/1417
f 1412/471/1413 1427/476/1418 1428/478/1420
f 1406/458/1401 1405/457/1400 1420/477/1419
f 1414/459/1402 1413/456/1399 1428/478/1420
f 1407/460/1403 1406/458/1401 1421/479/1421
f 1407/460/1403 1422/481/1423 1423/483/1424
f 1400/484/1425 1415/493/1433 1416/485/1426
f 1408/462/1404 1423/483/1424 1424/486/1427
f 1402/466/1408 1401/464/1406 1416/485/1426
f 1428/478/1420 1443/503/1443 1444/488/1429
f 1422/481/1423 1421/479/1421 1436/489/1430
f 1422/481/1423 1437/490/1431 1438/492/1432
f 1415/493/1433 1430/515/1454 1431/494/1434
f 1423/483/1424 1438/492/1432 1439/495/1435
f 1416/485/1426 1431/494/1434 1432/496/1436
f 1424/486/1427 1439/495/1435 1440/497/1437
f 1417/487/1428 1432/496/1436 1433/498/1438
f 1425/472/1414 1440/497/1437 1441/499/1439
f 1419/475/1417 1418/473/1415 1433/498/1438
f 1427/476/1418 1426/474/1416 1441/499/1439
f 1420/477/1419 1419/475/1417 1434/500/1440
f 1427/476/1418 1442/501/1441 1443/503/1443
f 1421/479/1421 1420/477/1419 1435/502/1442
f 1432/496/1436 1447/518/1457 1448/504/1444
f 1440/497/1437 1455/519/1458 1456/505/1445
f 1433/498/1438 1448/504/1444 1449/506/1446
f 1442/501/1441 1441/499/1439 1456/505/1445
f 1435/502/1442 1434/500/1440 1449/506/1446
f 1442/501/1441 1457/507/1447 1458/509/1449
f 1436/489/1430 1435/502/1442 1450/508/1448
f 1443/503/1443 1458/509/1449 1459/511/1451
f 1437/490/1431 1436/489/1430 1451/510/1450
f 1437/490/1431 1452/512/1452 1453/514/1453
f 1430/515/1454 1445/527/1464 1446/516/1455
f 1438/492/1432 1453/514/1453 1454/517/1456
f 1431/494/1434 1446/516/1455 1447/518/1457
f 1439/495/1435 1454/517/1456 1455/519/1458
f 1452/512/1452 1451/510/1450 990/30/1013
f 1452/512/1452 1460/4/987 1461/9/992
f 1446/516/1455 1445/527/1464 984/10/993
f 1453/514/1453 1461/9/992 1462/14/997
f 1447/518/1457 1446/516/1455 985/12/995
f 1454/517/1456 1462/14/997 991/18/1001
f 1448/504/1444 1447/518/1457 986/16/999
f 1455/519/1458 991/18/1001 992/21/1004
f 1449/506/1446 1448/504/1444 987/20/1003
f 1456/505/1445 992/21/1004 993/26/1009
f 1450/508/1448 1449/506/1446 988/24/1007
f 1457/507/1447 993/26/1009 1463/1/984
f 1451/510/1450 1450/508/1448 989/28/1011
f 1458/509/1449 1463/1/984 1464/3/986
g LeftEye_Sphere_Material.001
usemtl Material.001
f 984/10/993 1309/528/1465 994/38/1020
f 994/38/1020 1309/529/1465 1009/61/1042
f 1009/61/1042 1309/530/1465 1024/69/1049
f 1024/69/1049 1309/531/1465 1039/521/1459
f 1039/521/1459 1309/532/1465 1054/91/1070
f 1054/91/1070 1309/533/1465 1069/121/1098
f 1069/121/1098 1309/534/1465 1084/522/1460
f 1084/522/1460 1309/535/1465 1099/131/1107
f 1099/131/1107 1309/536/1465 1114/153/1128
f 1114/153/1128 1309/537/1465 1129/523/1461
f 1129/523/1461 1309/538/1465 1144/182/1155
f 1144/182/1155 1309/539/1465 1159/524/1462
f 1159/524/1462 1309/540/1465 1174/212/1183
f 1174/212/1183 1309/541/1465 1189/242/1211
f 1189/242/1211 1309/542/1465 1204/265/1233
f 1204/265/1233 1309/543/1465 1219/273/1240
f 1219/273/1240 1309/544/1465 1234/295/1261
f 1234/295/1261 1309/545/1465 1249/305/1270
f 1249/305/1270 1309/546/1465 1264/325/1289
f 1264/325/1289 1309/547/1465 1279/525/1463
f 1279/525/1463 1309/548/1465 1294/334/1297
f 1294/334/1297 1309/549/1465 1310/363/1325
f 1310/363/1325 1309/550/1465 1325/388/1348
f 1325/388/1348 1309/551/1465 1340/526/1354
f 1340/394/1354 1309/552/1465 1355/432/1376
f 1355/432/1376 1309/553/1465 1370/454/1397
f 1370/454/1397 1309/554/1465 1385/463/1405
f 1385/463/1405 1309/555/1465 1400/484/1425
f 1400/484/1425 1309/556/1465 1415/493/1433
f 1415/493/1433 1309/557/1465 1430/515/1454
f 1430/515/1454 1309/558/1465 1445/527/1464
f 1445/527/1464 1309/559/1465 984/10/993
o RightEye_Sphere.002
v 0.240894 2.788096 -0.714432
v 0.240891 2.825615 -0.703053
v 0.240886 2.860194 -0.684573
v 0.240880 2.890502 -0.659702
v 0.240873 2.915376 -0.629396
v 0.240864 2.933860 -0.594819
v 0.240855 2.945244 -0.557301
v 0.240818 2.915388 -0.407168
v 0.240810 2.890517 -0.376859
v 0.240804 2.860211 -0.351985
v 0.233282 2.787346 -0.714434
v 0.225959 2.824145 -0.703056
v 0.219209 2.858059 -0.684578
v 0.213290 2.887785 -0.659708
v 0.208430 2.912181 -0.629404
v 0.204816 2.930310 -0.594828
v 0.202586 2.941474 -0.557311
v 0.201827 2.945246 -0.518293
v 0.202567 2.941478 -0.479274
v 0.204778 2.930318 -0.441755
v 0.208375 2.912193 -0.407176
v 0.213220 2.887800 -0.376866
v 0.219127 2.858076 -0.351990
v 0.225868 2.824164 -0.333505
v 0.233184 2.787367 -0.322120
v 0.225962 2.785126 -0.714435
v 0.211602 2.819789 -0.703060
v 0.198365 2.851736 -0.684583
v 0.186761 2.879737 -0.659715
v 0.177235 2.902718 -0.629411
v 0.170153 2.919795 -0.594836
v 0.165789 2.930312 -0.557319
v 0.164308 2.933864 -0.518302
v 0.165769 2.930316 -0.479283
v 0.170115 2.919803 -0.441763
v 0.177180 2.902730 -0.407183
v 0.186690 2.879752 -0.376872
v 0.198282 2.851753 -0.351995
v 0.211510 2.819809 -0.333508
v 0.225865 2.785147 -0.322121
v 0.219217 2.781520 -0.714437
v 0.198369 2.812717 -0.703063
v 0.179155 2.841468 -0.684587
v 0.162311 2.866668 -0.659720
v 0.148485 2.887351 -0.629417
v 0.138208 2.902720 -0.594843
v 0.131876 2.912185 -0.557327
v 0.129731 2.915382 -0.518309
v 0.131856 2.912189 -0.479290
v 0.138170 2.902728 -0.441770
v 0.148430 2.887363 -0.407189
v 0.162240 2.866683 -0.376877
v 0.179072 2.841485 -0.351999
v 0.198278 2.812736 -0.333511
v 0.219119 2.781541 -0.322123
v 0.213304 2.776668 -0.714438
v 0.186771 2.803198 -0.703065
v 0.162317 2.827649 -0.684590
v 0.140880 2.849081 -0.659724
v 0.123285 2.866670 -0.629422
v 0.110208 2.879741 -0.594849
v 0.102151 2.887790 -0.557333
v 0.099424 2.890510 -0.518315
v 0.102131 2.887794 -0.479297
v 0.110170 2.879749 -0.441776
v 0.123230 2.866682 -0.407194
v 0.140810 2.849096 -0.376882
v 0.162234 2.827667 -0.352003
v 0.186680 2.803218 -0.333513
v 0.213206 2.776689 -0.322124
v 0.208451 2.770755 -0.714439
v 0.177253 2.791600 -0.703067
v 0.148498 2.810811 -0.684593
v 0.123293 2.827651 -0.659728
v 0.102604 2.841470 -0.629426
v 0.087229 2.851740 -0.594853
v 0.077756 2.858065 -0.557337
v 0.074551 2.860203 -0.518320
v 0.077737 2.858070 -0.479301
v 0.087191 2.851748 -0.441780
v 0.102549 2.841482 -0.407198
v 0.123222 2.827666 -0.376885
v 0.148416 2.810829 -0.352005
v 0.177161 2.791620 -0.333515
v 0.208354 2.770776 -0.322125
v 0.204846 2.764010 -0.714440
v 0.170180 2.778368 -0.703068
v 0.138230 2.791601 -0.684594
v 0.110224 2.803201 -0.659729
v 0.087237 2.812721 -0.629428
v 0.070153 2.819795 -0.594856
v 0.059629 2.824152 -0.557340
v 0.056069 2.825625 -0.518323
v 0.059610 2.824157 -0.479304
v 0.070115 2.819803 -0.441782
v 0.087182 2.812732 -0.407200
v 0.110154 2.803216 -0.376887
v 0.138148 2.791619 -0.352007
v 0.170089 2.778388 -0.333516
v 0.204748 2.764030 -0.322126
v 0.202625 2.756690 -0.714440
v 0.165825 2.764010 -0.703068
v 0.131907 2.770757 -0.684595
v 0.102176 2.776671 -0.659730
v 0.077774 2.781525 -0.629429
v 0.059639 2.785132 -0.594856
v 0.048467 2.787355 -0.557341
v 0.044688 2.788106 -0.518324
v 0.048448 2.787359 -0.479305
v 0.059601 2.785141 -0.441783
v 0.077719 2.781537 -0.407201
v 0.102106 2.776686 -0.376887
v 0.131825 2.770775 -0.352007
v 0.165733 2.764030 -0.333516
v 0.202528 2.756711 -0.322126
v 0.201876 2.749078 -0.714440
v 0.164354 2.749079 -0.703068
v 0.129772 2.749080 -0.684594
v 0.099459 2.749081 -0.659729
v 0.074579 2.749083 -0.629428
v 0.056088 2.749084 -0.594855
v 0.044698 2.749086 -0.557340
v 0.040845 2.749089 -0.518322
v 0.044678 2.749091 -0.479303
v 0.056050 2.749093 -0.441782
v 0.074524 2.749094 -0.407200
v 0.099389 2.749096 -0.376887
v 0.129690 2.749097 -0.352006
v 0.164263 2.749098 -0.333516
v 0.201778 2.749099 -0.322125
v 0.202625 2.741466 -0.714439
v 0.165825 2.734147 -0.703067
v 0.131907 2.727402 -0.684593
v 0.102176 2.721491 -0.659727
v 0.077774 2.716640 -0.629426
v 0.059639 2.713037 -0.594853
v 0.048467 2.710818 -0.557337
v 0.044688 2.710070 -0.518319
v 0.048448 2.710822 -0.479300
v 0.059601 2.713045 -0.441779
v 0.077719 2.716652 -0.407198
v 0.102106 2.721506 -0.376884
v 0.131825 2.727420 -0.352005
v 0.165733 2.734167 -0.333515
v 0.202528 2.741487 -0.322125
v 0.204846 2.734147 -0.714438
v 0.170180 2.719789 -0.703065
v 0.138230 2.706558 -0.684590
v 0.110224 2.694961 -0.659724
v 0.087237 2.685445 -0.629422
v 0.070153 2.678374 -0.594848
v 0.059629 2.674020 -0.557332
v 0.056069 2.672552 -0.518315
v 0.059610 2.674025 -0.479296
v 0.070115 2.678382 -0.441775
v 0.087182 2.685457 -0.407194
v 0.110154 2.694976 -0.376881
v 0.138148 2.706576 -0.352002
v 0.170089 2.719809 -0.333513
v 0.204748 2.734167 -0.322124
v 0.208451 2.727401 -0.714437
v 0.177253 2.706557 -0.703062
v 0.148499 2.687348 -0.684586
v 0.123293 2.670511 -0.659719
v 0.102604 2.656695 -0.629416
v 0.087229 2.646429 -0.594842
v 0.077756 2.640107 -0.557326
v 0.074551 2.637975 -0.518308
v 0.077737 2.640112 -0.479289
v 0.087191 2.646437 -0.441769
v 0.102549 2.656707 -0.407188
v 0.123222 2.670527 -0.376877
v 0.148416 2.687366 -0.351999
v 0.177161 2.706577 -0.333510
v 0.208354 2.727422 -0.322123
v 0.213304 2.721488 -0.714435
v 0.186771 2.694959 -0.703059
v 0.162317 2.670510 -0.684582
v 0.140880 2.649081 -0.659714
v 0.123285 2.631495 -0.629410
v 0.110208 2.618428 -0.594835
v 0.102151 2.610383 -0.557318
v 0.099424 2.607667 -0.518300
v 0.102132 2.610387 -0.479282
v 0.110170 2.618436 -0.441762
v 0.123230 2.631507 -0.407182
v 0.140810 2.649096 -0.376871
v 0.162234 2.670528 -0.351994
v 0.186680 2.694979 -0.333508
v 0.213206 2.721509 -0.322121
v 0.219217 2.716636 -0.714433
v 0.198369 2.685441 -0.703056
v 0.179155 2.656692 -0.684577
v 0.162311 2.631494 -0.659707
v 0.148485 2.610814 -0.629402
v 0.138208 2.595449 -0.594827
v 0.131876 2.585988 -0.557309
v 0.129731 2.582795 -0.518292
v 0.131856 2.585992 -0.479273
v 0.138170 2.595457 -0.441753
v 0.148430 2.610826 -0.407174
v 0.162241 2.631509 -0.376865
v 0.179072 2.656709 -0.351989
v 0.198278 2.685460 -0.333504
v 0.219119 2.716657 -0.322119
v 0.225962 2.713030 -0.714432
v 0.211602 2.678368 -0.703052
v 0.198365 2.646424 -0.684572
v 0.186761 2.618425 -0.659701
v 0.177235 2.595447 -0.629394
v 0.170153 2.578374 -0.594818
v 0.165789 2.567861 -0.557300
v 0.164309 2.564313 -0.518282
v 0.165769 2.567865 -0.479264
v 0.170115 2.578382 -0.441745
v 0.177180 2.595459 -0.407166
v 0.186690 2.618440 -0.376858
v 0.198282 2.646441 -0.351984
v 0.211510 2.678388 -0.333500
v 0.225865 2.713051 -0.322118
v 0.233282 2.710810 -0.714430
v 0.225959 2.674013 -0.703048
v 0.219209 2.640101 -0.684566
v 0.213290 2.610377 -0.659694
v 0.208430 2.585984 -0.629386
v 0.204816 2.567859 -0.594809
v 0.202586 2.556699 -0.557290
v 0.201827 2.552932 -0.518272
v 0.202567 2.556703 -0.479254
v 0.204778 2.567867 -0.441735
v 0.208375 2.585996 -0.407158
v 0.213220 2.610392 -0.376851
v 0.219127 2.640118 -0.351979
v 0.225868 2.674032 -0.333497
v 0.233184 2.710831 -0.322116
v 0.240894 2.710060 -0.714428
v 0.240891 2.672542 -0.703045
v 0.240886 2.637966 -0.684561
v 0.240880 2.607660 -0.659687
v 0.240873 2.582789 -0.629378
v 0.240864 2.564309 -0.594800
v 0.240855 2.552929 -0.557280
v 0.240845 2.549089 -0.518262
v 0.240835 2.552934 -0.479244
v 0.240826 2.564317 -0.441726
v 0.240818 2.582801 -0.407150
v 0.240810 2.607675 -0.376844
v 0.240804 2.637983 -0.351973
v 0.240799 2.672562 -0.333493
v 0.240796 2.710081 -0.322114
v 0.248506 2.710810 -0.714426
v 0.255823 2.674013 -0.703041
v 0.262564 2.640101 -0.684556
v 0.268470 2.610377 -0.659680
v 0.273315 2.585984 -0.629370
v 0.276912 2.567859 -0.594791
v 0.279123 2.556699 -0.557271
v 0.279863 2.552932 -0.518253
v 0.279104 2.556703 -0.479235
v 0.276874 2.567867 -0.441718
v 0.273260 2.585996 -0.407142
v 0.268400 2.610392 -0.376837
v 0.262481 2.640118 -0.351968
v 0.255731 2.674032 -0.333489
v 0.248408 2.710831 -0.322112
v 0.255825 2.713030 -0.714424
v 0.270180 2.678368 -0.703038
v 0.283408 2.646424 -0.684551
v 0.295000 2.618425 -0.659674
v 0.304511 2.595447 -0.629363
v 0.311575 2.578374 -0.594783
v 0.315921 2.567861 -0.557263
v 0.317382 2.564313 -0.518244
v 0.315901 2.567865 -0.479226
v 0.311537 2.578382 -0.441710
v 0.304455 2.595459 -0.407135
v 0.294930 2.618440 -0.376831
v 0.283325 2.646441 -0.351963
v 0.270089 2.678388 -0.333486
v 0.255728 2.713051 -0.322110
v 0.262571 2.716636 -0.714423
v 0.283413 2.685441 -0.703035
v 0.302618 2.656692 -0.684546
v 0.319450 2.631494 -0.659668
v 0.333261 2.610814 -0.629357
v 0.343520 2.595449 -0.594776
v 0.349834 2.585988 -0.557255
v 0.351959 2.582795 -0.518236
v 0.349814 2.585992 -0.479219
v 0.343482 2.595457 -0.441702
v 0.333205 2.610826 -0.407129
v 0.319379 2.631509 -0.376826
v 0.302535 2.656709 -0.351959
v 0.283321 2.685460 -0.333483
v 0.262474 2.716657 -0.322109
v 0.268484 2.721488 -0.714422
v 0.295011 2.694959 -0.703032
v 0.319456 2.670510 -0.684543
v 0.340880 2.649081 -0.659664
v 0.358460 2.631495 -0.629351
v 0.371520 2.618428 -0.594770
v 0.379559 2.610383 -0.557249
v 0.382266 2.607667 -0.518230
v 0.379539 2.610387 -0.479213
v 0.371482 2.618436 -0.441697
v 0.358405 2.631507 -0.407123
v 0.340810 2.649096 -0.376821
v 0.319373 2.670528 -0.351955
v 0.294919 2.694979 -0.333481
v 0.268386 2.721509 -0.322107
v 0.273336 2.727401 -0.714421
v 0.304529 2.706557 -0.703031
v 0.333274 2.687348 -0.684541
v 0.358468 2.670511 -0.659661
v 0.379141 2.656695 -0.629348
v 0.394500 2.646429 -0.594766
v 0.403953 2.640107 -0.557245
v 0.407139 2.637975 -0.518226
v 0.403934 2.640112 -0.479208
v 0.394462 2.646437 -0.441693
v 0.379086 2.656707 -0.407120
v 0.358398 2.670527 -0.376818
v 0.333192 2.687366 -0.351953
v 0.304437 2.706577 -0.333479
v 0.273239 2.727422 -0.322107
v 0.240897 2.749077 -0.726569
v 0.276942 2.734147 -0.714420
v 0.311602 2.719789 -0.703030
v 0.343542 2.706558 -0.684539
v 0.371536 2.694961 -0.659659
v 0.394508 2.685445 -0.629345
v 0.411575 2.678374 -0.594763
v 0.422080 2.674021 -0.557242
v 0.425621 2.672552 -0.518223
v 0.422061 2.674025 -0.479206
v 0.411537 2.678382 -0.441690
v 0.394453 2.685457 -0.407117
v 0.371466 2.694976 -0.376816
v 0.343460 2.706576 -0.351951
v 0.311510 2.719809 -0.333478
v 0.276844 2.734167 -0.322106
v 0.279162 2.741466 -0.714420
v 0.315957 2.734147 -0.703029
v 0.349865 2.727402 -0.684538
v 0.379584 2.721491 -0.659658
v 0.403971 2.716640 -0.629345
v 0.422090 2.713037 -0.594763
v 0.433243 2.710818 -0.557241
v 0.437002 2.710071 -0.518222
v 0.433223 2.710822 -0.479205
v 0.422052 2.713045 -0.441689
v 0.403916 2.716652 -0.407117
v 0.379514 2.721506 -0.376816
v 0.349783 2.727420 -0.351951
v 0.315865 2.734167 -0.333477
v 0.279065 2.741487 -0.322106
v 0.279912 2.749078 -0.714420
v 0.317428 2.749079 -0.703030
v 0.352000 2.749080 -0.684539
v 0.382302 2.749081 -0.659659
v 0.407167 2.749083 -0.629346
v 0.425640 2.749084 -0.594764
v 0.437012 2.749086 -0.557242
v 0.440845 2.749089 -0.518223
v 0.436992 2.749091 -0.479206
v 0.425602 2.749093 -0.441690
v 0.407111 2.749094 -0.407117
v 0.382231 2.749096 -0.376816
v 0.351918 2.749097 -0.351951
v 0.317336 2.749098 -0.333478
v 0.279814 2.749099 -0.322106
v 0.279162 2.756690 -0.714421
v 0.315957 2.764010 -0.703031
v 0.349865 2.770757 -0.684541
v 0.379584 2.776671 -0.659661
v 0.403971 2.781525 -0.629348
v 0.422090 2.785132 -0.594766
v 0.433243 2.787355 -0.557245
v 0.437002 2.788107 -0.518226
v 0.433223 2.787359 -0.479209
v 0.422052 2.785141 -0.441693
v 0.403916 2.781537 -0.407120
v 0.379514 2.776686 -0.376819
v 0.349783 2.770775 -0.351953
v 0.315865 2.764030 -0.333479
v 0.279065 2.756711 -0.322107
v 0.276942 2.764010 -0.714422
v 0.311602 2.778368 -0.703033
v 0.343542 2.791601 -0.684543
v 0.371536 2.803200 -0.659665
v 0.394508 2.812721 -0.629352
v 0.411575 2.819795 -0.594771
v 0.422080 2.824152 -0.557250
v 0.425621 2.825625 -0.518231
v 0.422061 2.824157 -0.479214
v 0.411537 2.819803 -0.441698
v 0.394453 2.812732 -0.407124
v 0.371466 2.803216 -0.376822
v 0.343460 2.791619 -0.351956
v 0.311510 2.778388 -0.333481
v 0.276844 2.764030 -0.322108
v 0.273336 2.770755 -0.714423
v 0.304529 2.791600 -0.703035
v 0.333274 2.810811 -0.684547
v 0.358468 2.827651 -0.659669
v 0.379141 2.841470 -0.629357
v 0.394500 2.851740 -0.594777
v 0.403953 2.858065 -0.557256
v 0.407139 2.860203 -0.518237
v 0.403934 2.858070 -0.479220
v 0.394462 2.851748 -0.441703
v 0.379086 2.841482 -0.407129
v 0.358398 2.827666 -0.376826
v 0.333192 2.810829 -0.351959
v 0.304437 2.791620 -0.333483
v 0.273239 2.770776 -0.322109
v 0.268484 2.776668 -0.714424
v 0.295011 2.803198 -0.703038
v 0.319456 2.827649 -0.684551
v 0.340880 2.849081 -0.659675
v 0.358460 2.866670 -0.629364
v 0.371520 2.879741 -0.594784
v 0.379559 2.887790 -0.557264
v 0.382266 2.890510 -0.518245
v 0.379539 2.887794 -0.479228
v 0.371482 2.879749 -0.441711
v 0.358405 2.866682 -0.407136
v 0.340810 2.849096 -0.376832
v 0.319373 2.827667 -0.351964
v 0.294919 2.803218 -0.333486
v 0.268386 2.776689 -0.322110
v 0.262571 2.781520 -0.714426
v 0.283412 2.812716 -0.703041
v 0.302618 2.841468 -0.684556
v 0.319450 2.866668 -0.659681
v 0.333261 2.887351 -0.629371
v 0.343520 2.902720 -0.594792
v 0.349834 2.912185 -0.557272
v 0.351959 2.915382 -0.518254
v 0.349814 2.912189 -0.479236
v 0.343482 2.902728 -0.441719
v 0.333205 2.887363 -0.407143
v 0.319379 2.866683 -0.376838
v 0.302535 2.841485 -0.351968
v 0.283321 2.812736 -0.333490
v 0.262474 2.781541 -0.322112
v 0.255825 2.785126 -0.714428
v 0.270180 2.819789 -0.703045
v 0.283408 2.851736 -0.684562
v 0.295000 2.879737 -0.659688
v 0.304511 2.902718 -0.629379
v 0.311575 2.919795 -0.594801
v 0.315921 2.930312 -0.557282
v 0.317382 2.933864 -0.518264
v 0.315901 2.930316 -0.479246
v 0.311537 2.919803 -0.441728
v 0.304455 2.902730 -0.407151
v 0.294930 2.879752 -0.376845
v 0.283325 2.851753 -0.351974
v 0.270089 2.819809 -0.333493
v 0.255728 2.785147 -0.322114
v 0.248506 2.787346 -0.714430
v 0.255823 2.824145 -0.703049
v 0.262564 2.858059 -0.684567
v 0.268470 2.887785 -0.659695
v 0.273315 2.912181 -0.629387
v 0.276912 2.930310 -0.594810
v 0.279123 2.941474 -0.557292
v 0.279863 2.945245 -0.518274
v 0.279104 2.941478 -0.479255
v 0.276874 2.930318 -0.441737
v 0.273260 2.912193 -0.407159
v 0.268400 2.887800 -0.376852
v 0.262481 2.858076 -0.351979
v 0.255731 2.824164 -0.333497
v 0.248408 2.787367 -0.322116
v 0.240845 2.949088 -0.518283
v 0.240835 2.945247 -0.479265
v 0.240826 2.933868 -0.441746
v 0.240799 2.825635 -0.333501
v 0.240796 2.788117 -0.322118
v 0.240795 2.749099 -0.318273
vt 0.750000 0.125000
vt 0.718750 0.062500
vt 0.750000 0.062500
vt 0.750000 0.500000
vt 0.718750 0.562500
vt 0.718750 0.500000
vt 0.734375 0.000000
vt 0.718750 0.437500
vt 0.750000 0.437500
vt 0.750000 0.937500
vt 0.718750 0.875000
vt 0.750000 0.875000
vt 0.718750 0.375000
vt 0.750000 0.375000
vt 0.718750 0.812500
vt 0.750000 0.812500
vt 0.718750 0.312500
vt 0.750000 0.312500
vt 0.718750 0.750000
vt 0.750000 0.750000
vt 0.750000 0.250000
vt 0.718750 0.250000
vt 0.718750 0.687500
vt 0.750000 0.687500
vt 0.718750 0.187500
vt 0.750000 0.187500
vt 0.718750 0.625000
vt 0.750000 0.625000
vt 0.718750 0.125000
vt 0.750000 0.562500
vt 0.687500 0.125000
vt 0.687500 0.625000
vt 0.687500 0.562500
vt 0.687500 0.062500
vt 0.687500 0.500000
vt 0.703125 0.000000
vt 0.687500 0.437500
vt 0.718750 0.937500
vt 0.687500 0.875000
vt 0.687500 0.375000
vt 0.687500 0.812500
vt 0.687500 0.312500
vt 0.687500 0.750000
vt 0.687500 0.250000
vt 0.687500 0.687500
vt 0.687500 0.187500
vt 0.656250 0.812500
vt 0.656250 0.375000
vt 0.656250 0.312500
vt 0.656250 0.750000
vt 0.656250 0.250000
vt 0.656250 0.687500
vt 0.656250 0.187500
vt 0.656250 0.625000
vt 0.656250 0.125000
vt 0.656250 0.562500
vt 0.656250 0.062500
vt 0.656250 0.500000
vt 0.671875 0.000000
vt 0.656250 0.437500
vt 0.687500 0.937500
vt 0.656250 0.875000
vt 0.625000 0.562500
vt 0.625000 0.125000
vt 0.625000 0.062500
vt 0.625000 0.500000
vt 0.640625 0.000000
vt 0.625000 0.437500
vt 0.656250 0.937500
vt 0.625000 0.875000
vt 0.625000 0.375000
vt 0.625000 0.812500
vt 0.625000 0.312500
vt 0.625000 0.750000
vt 0.625000 0.250000
vt 0.625000 0.687500
vt 0.625000 0.187500
vt 0.625000 0.625000
vt 0.593750 0.312500
vt 0.593750 0.750000
vt 0.593750 0.250000
vt 0.593750 0.687500
vt 0.593750 0.187500
vt 0.593750 0.625000
vt 0.593750 0.125000
vt 0.593750 0.562500
vt 0.593750 0.062500
vt 0.593750 0.500000
vt 0.609375 0.000000
vt 0.593750 0.437500
vt 0.593750 0.937500
vt 0.593750 0.875000
vt 0.593750 0.375000
vt 0.593750 0.812500
vt 0.562500 0.125000
vt 0.562500 0.062500
vt 0.562500 0.562500
vt 0.562500 0.500000
vt 0.578125 0.000000
vt 0.562500 0.437500
vt 0.562500 0.875000
vt 0.562500 0.375000
vt 0.562500 0.812500
vt 0.562500 0.312500
vt 0.562500 0.750000
vt 0.562500 0.250000
vt 0.562500 0.687500
vt 0.562500 0.187500
vt 0.562500 0.625000
vt 0.531250 0.750000
vt 0.531250 0.250000
vt 0.531250 0.687500
vt 0.531250 0.187500
vt 0.531250 0.625000
vt 0.531250 0.125000
vt 0.531250 0.562500
vt 0.531250 0.062500
vt 0.531250 0.500000
vt 0.546875 0.000000
vt 0.531250 0.437500
vt 0.562500 0.937500
vt 0.531250 0.875000
vt 0.531250 0.375000
vt 0.531250 0.812500
vt 0.531250 0.312500
vt 0.500000 0.562500
vt 0.500000 0.500000
vt 0.515625 0.000000
vt 0.500000 0.062500
vt 0.500000 0.437500
vt 0.500000 0.937500
vt 0.500000 0.875000
vt 0.500000 0.375000
vt 0.500000 0.812500
vt 0.500000 0.312500
vt 0.500000 0.750000
vt 0.500000 0.250000
vt 0.500000 0.687500
vt 0.500000 0.187500
vt 0.500000 0.625000
vt 0.500000 0.125000
vt 0.468750 0.250000
vt 0.468750 0.750000
vt 0.468750 0.687500
vt 0.468750 0.187500
vt 0.468750 0.625000
vt 0.468750 0.125000
vt 0.468750 0.562500
vt 0.468750 0.062500
vt 0.468750 0.500000
vt 0.484375 0.000000
vt 0.468750 0.437500
vt 0.468750 0.937500
vt 0.468750 0.875000
vt 0.468750 0.375000
vt 0.468750 0.812500
vt 0.468750 0.312500
vt 0.453125 0.000000
vt 0.437500 0.062500
vt 0.437500 0.437500
vt 0.437500 0.875000
vt 0.437500 0.375000
vt 0.437500 0.812500
vt 0.437500 0.312500
vt 0.437500 0.750000
vt 0.437500 0.250000
vt 0.437500 0.687500
vt 0.437500 0.187500
vt 0.437500 0.625000
vt 0.437500 0.125000
vt 0.437500 0.562500
vt 0.437500 0.500000
vt 0.406250 0.250000
vt 0.406250 0.187500
vt 0.406250 0.625000
vt 0.406250 0.125000
vt 0.406250 0.562500
vt 0.406250 0.062500
vt 0.406250 0.500000
vt 0.421875 0.000000
vt 0.406250 0.437500
vt 0.406250 0.937500
vt 0.406250 0.875000
vt 0.406250 0.375000
vt 0.406250 0.812500
vt 0.406250 0.312500
vt 0.406250 0.750000
vt 0.406250 0.687500
vt 0.375000 0.875000
vt 0.375000 0.375000
vt 0.375000 0.812500
vt 0.375000 0.312500
vt 0.375000 0.750000
vt 0.375000 0.250000
vt 0.375000 0.687500
vt 0.375000 0.187500
vt 0.375000 0.625000
vt 0.375000 0.125000
vt 0.375000 0.562500
vt 0.375000 0.062500
vt 0.375000 0.500000
vt 0.390625 0.000000
vt 0.375000 0.437500
vt 0.343750 0.625000
vt 0.343750 0.187500
vt 0.343750 0.125000
vt 0.343750 0.562500
vt 0.343750 0.062500
vt 0.343750 0.500000
vt 0.359375 0.000000
vt 0.343750 0.437500
vt 0.343750 0.937500
vt 0.343750 0.875000
vt 0.343750 0.375000
vt 0.343750 0.812500
vt 0.343750 0.312500
vt 0.343750 0.750000
vt 0.343750 0.250000
vt 0.343750 0.687500
vt 0.312500 0.437500
vt 0.312500 0.375000
vt 0.312500 0.812500
vt 0.312500 0.312500
vt 0.312500 0.750000
vt 0.312500 0.250000
vt 0.312500 0.687500
vt 0.312500 0.187500
vt 0.312500 0.625000
vt 0.312500 0.125000
vt 0.312500 0.562500
vt 0.312500 0.062500
vt 0.312500 0.500000
vt 0.328125 0.000000
vt 0.312500 0.875000
vt 0.281250 0.125000
vt 0.281250 0.625000
vt 0.281250 0.562500
vt 0.281250 0.062500
vt 0.281250 0.500000
vt 0.296875 0.000000
vt 0.281250 0.437500
vt 0.312500 0.937500
vt 0.281250 0.875000
vt 0.281250 0.375000
vt 0.281250 0.812500
vt 0.281250 0.312500
vt 0.281250 0.750000
vt 0.281250 0.250000
vt 0.281250 0.687500
vt 0.281250 0.187500
vt 0.250000 0.875000
vt 0.250000 0.812500
vt 0.250000 0.312500
vt 0.250000 0.750000
vt 0.250000 0.250000
vt 0.250000 0.687500
vt 0.250000 0.187500
vt 0.250000 0.625000
vt 0.250000 0.125000
vt 0.250000 0.562500
vt 0.250000 0.062500
vt 0.250000 0.500000
vt 0.265625 0.000000
vt 0.250000 0.437500
vt 0.281250 0.937500
vt 0.250000 0.375000
vt 0.218750 0.625000
vt 0.218750 0.562500
vt 0.218750 0.062500
vt 0.218750 0.500000
vt 0.234375 0.000000
vt 0.218750 0.437500
vt 0.250000 0.937500
vt 0.218750 0.875000
vt 0.218750 0.375000
vt 0.218750 0.812500
vt 0.218750 0.312500
vt 0.218750 0.750000
vt 0.218750 0.250000
vt 0.218750 0.687500
vt 0.218750 0.187500
vt 0.218750 0.125000
vt 0.187500 0.312500
vt 0.187500 0.750000
vt 0.187500 0.250000
vt 0.187500 0.687500
vt 0.187500 0.187500
vt 0.187500 0.625000
vt 0.187500 0.125000
vt 0.187500 0.562500
vt 0.187500 0.062500
vt 0.187500 0.500000
vt 0.203125 0.000000
vt 0.187500 0.437500
vt 0.218750 0.937500
vt 0.187500 0.875000
vt 0.187500 0.375000
vt 0.187500 0.812500
vt 0.156250 0.125000
vt 0.156250 0.062500
vt 0.156250 0.562500
vt 0.156250 0.500000
vt 0.171875 0.000000
vt 0.156250 0.437500
vt 0.187500 0.937500
vt 0.156250 0.875000
vt 0.156250 0.375000
vt 0.156250 0.812500
vt 0.156250 0.312500
vt 0.156250 0.750000
vt 0.156250 0.250000
vt 0.156250 0.687500
vt 0.156250 0.187500
vt 0.156250 0.625000
vt 0.125000 0.250000
vt 0.125000 0.687500
vt 0.125000 0.187500
vt 0.125000 0.625000
vt 0.125000 0.125000
vt 0.125000 0.562500
vt 0.125000 0.062500
vt 0.125000 0.500000
vt 0.140625 0.000000
vt 0.125000 0.437500
vt 0.156250 0.937500
vt 0.125000 0.875000
vt 0.125000 0.375000
vt 0.125000 0.812500
vt 0.125000 0.312500
vt 0.125000 0.750000
vt 0.109375 0.000000
vt 0.093750 0.062500
vt 0.093750 0.437500
vt 0.093750 0.937500
vt 0.093750 0.875000
vt 0.093750 0.375000
vt 0.093750 0.812500
vt 0.093750 0.312500
vt 0.093750 0.750000
vt 0.093750 0.250000
vt 0.093750 0.687500
vt 0.093750 0.187500
vt 0.093750 0.625000
vt 0.093750 0.125000
vt 0.093750 0.562500
vt 0.093750 0.500000
vt 0.062500 0.687500
vt 0.062500 0.250000
vt 0.062500 0.187500
vt 0.062500 0.625000
vt 0.062500 0.125000
vt 0.062500 0.562500
vt 0.062500 0.062500
vt 0.062500 0.500000
vt 0.078125 0.000000
vt 0.062500 0.437500
vt 0.062500 0.875000
vt 0.062500 0.375000
vt 0.062500 0.812500
vt 0.062500 0.312500
vt 0.062500 0.750000
vt 0.031250 0.437500
vt 0.062500 0.937500
vt 0.031250 0.875000
vt 0.031250 0.375000
vt 0.031250 0.812500
vt 0.031250 0.312500
vt 0.031250 0.750000
vt 0.031250 0.250000
vt 0.031250 0.687500
vt 0.031250 0.187500
vt 0.031250 0.625000
vt 0.031250 0.125000
vt 0.031250 0.562500
vt 0.031250 0.062500
vt 0.031250 0.500000
vt 0.046875 0.000000
vt 0.000000 0.250000
vt 0.000000 0.187500
vt 0.000000 0.687500
vt 0.000000 0.625000
vt 0.000000 0.125000
vt 0.000000 0.562500
vt 0.000000 0.062500
vt 0.000000 0.500000
vt 0.015625 0.000000
vt 0.000000 0.437500
vt 0.031250 0.937500
vt 0.000000 0.875000
vt 0.000000 0.375000
vt 0.000000 0.812500
vt 0.000000 0.312500
vt 0.000000 0.750000
vt 1.000000 0.937500
vt 0.968750 0.875000
vt 1.000000 0.875000
vt 1.000000 0.375000
vt 0.968750 0.437500
vt 0.968750 0.375000
vt 0.968750 0.812500
vt 1.000000 0.812500
vt 0.968750 0.312500
vt 1.000000 0.312500
vt 0.968750 0.750000
vt 1.000000 0.750000
vt 1.000000 0.250000
vt 0.968750 0.250000
vt 0.968750 0.687500
vt 1.000000 0.687500
vt 1.000000 0.187500
vt 0.968750 0.187500
vt 1.000000 0.625000
vt 0.968750 0.625000
vt 1.000000 0.125000
vt 0.968750 0.125000
vt 1.000000 0.562500
vt 0.968750 0.562500
vt 1.000000 0.062500
vt 0.968750 0.062500
vt 1.000000 0.500000
vt 0.968750 0.500000
vt 0.984375 0.000000
vt 1.000000 0.437500
vt 0.937500 0.687500
vt 0.937500 0.625000
vt 0.937500 0.125000
vt 0.937500 0.562500
vt 0.937500 0.062500
vt 0.937500 0.500000
vt 0.953125 0.000000
vt 0.937500 0.437500
vt 0.968750 0.937500
vt 0.937500 0.875000
vt 0.937500 0.375000
vt 0.937500 0.812500
vt 0.937500 0.312500
vt 0.937500 0.750000
vt 0.937500 0.250000
vt 0.937500 0.187500
vt 0.906250 0.437500
vt 0.906250 0.375000
vt 0.906250 0.812500
vt 0.906250 0.312500
vt 0.906250 0.750000
vt 0.906250 0.250000
vt 0.906250 0.687500
vt 0.906250 0.187500
vt 0.906250 0.625000
vt 0.906250 0.125000
vt 0.906250 0.562500
vt 0.906250 0.062500
vt 0.906250 0.500000
vt 0.921875 0.000000
vt 0.937500 0.937500
vt 0.906250 0.875000
vt 0.875000 0.125000
vt 0.875000 0.625000
vt 0.875000 0.562500
vt 0.875000 0.062500
vt 0.875000 0.500000
vt 0.890625 0.000000
vt 0.875000 0.437500
vt 0.906250 0.937500
vt 0.875000 0.875000
vt 0.875000 0.375000
vt 0.875000 0.812500
vt 0.875000 0.312500
vt 0.875000 0.750000
vt 0.875000 0.250000
vt 0.875000 0.687500
vt 0.875000 0.187500
vt 0.843750 0.312500
vt 0.843750 0.750000
vt 0.843750 0.250000
vt 0.843750 0.687500
vt 0.843750 0.187500
vt 0.843750 0.625000
vt 0.843750 0.125000
vt 0.843750 0.562500
vt 0.843750 0.062500
vt 0.843750 0.500000
vt 0.859375 0.000000
vt 0.843750 0.437500
vt 0.875000 0.937500
vt 0.843750 0.875000
vt 0.843750 0.375000
vt 0.843750 0.812500
vt 0.812500 0.062500
vt 0.812500 0.562500
vt 0.812500 0.500000
vt 0.828125 0.000000
vt 0.812500 0.437500
vt 0.843750 0.937500
vt 0.812500 0.875000
vt 0.812500 0.375000
vt 0.812500 0.812500
vt 0.812500 0.312500
vt 0.812500 0.750000
vt 0.812500 0.250000
vt 0.812500 0.687500
vt 0.812500 0.187500
vt 0.812500 0.625000
vt 0.812500 0.125000
vt 0.781250 0.750000
vt 0.781250 0.250000
vt 0.781250 0.687500
vt 0.781250 0.187500
vt 0.781250 0.625000
vt 0.781250 0.125000
vt 0.781250 0.562500
vt 0.781250 0.062500
vt 0.781250 0.500000
vt 0.796875 0.000000
vt 0.781250 0.437500
vt 0.812500 0.937500
vt 0.781250 0.875000
vt 0.781250 0.375000
vt 0.781250 0.812500
vt 0.781250 0.312500
vt 0.765625 0.000000
vt 0.625000 0.937500
vt 0.531250 0.937500
vt 0.437500 0.937500
vt 0.375000 0.937500
vt 0.125000 0.937500
vt 0.000000 0.937500
vt 0.781250 0.937500
vt 0.734375 1.000000
vt 0.703125 1.000000
vt 0.671875 1.000000
vt 0.640625 1.000000
vt 0.609375 1.000000
vt 0.578125 1.000000
vt 0.546875 1.000000
vt 0.515625 1.000000
vt 0.484375 1.000000
vt 0.453125 1.000000
vt 0.421875 1.000000
vt 0.390625 1.000000
vt 0.359375 1.000000
vt 0.328125 1.000000
vt 0.296875 1.000000
vt 0.265625 1.000000
vt 0.234375 1.000000
vt 0.203125 1.000000
vt 0.171875 1.000000
vt 0.140625 1.000000
vt 0.109375 1.000000
vt 0.078125 1.000000
vt 0.046875 1.000000
vt 0.015625 1.000000
vt 0.984375 1.000000
vt 0.953125 1.000000
vt 0.921875 1.000000
vt 0.890625 1.000000
vt 0.859375 1.000000
vt 0.828125 1.000000
vt 0.796875 1.000000
vt 0.765625 1.000000
vn -0.0002 0.3879 0.9217
vn -0.0394 0.1972 0.9796
vn -0.0002 0.2010 0.9796
vn 0.0000 1.0000 -0.0001
vn -0.1913 0.9622 -0.1940
vn -0.1951 0.9808 -0.0001
vn -0.0002 0.0001 1.0000
vn -0.1914 0.9622 0.1938
vn -0.0000 0.9810 0.1939
vn 0.0002 0.2934 -0.9560
vn -0.0754 0.3804 -0.9217
vn 0.0002 0.3878 -0.9217
vn -0.1805 0.9070 0.3804
vn -0.0001 0.9248 0.3805
vn -0.1090 0.5490 -0.8287
vn 0.0002 0.5597 -0.8287
vn -0.1627 0.8174 0.5527
vn -0.0001 0.8334 0.5527
vn -0.1384 0.6965 -0.7041
vn 0.0002 0.7101 -0.7041
vn -0.0002 0.7102 0.7040
vn -0.1387 0.6965 0.7040
vn -0.1624 0.8173 -0.5528
vn 0.0001 0.8333 -0.5528
vn -0.1094 0.5491 0.8286
vn -0.0002 0.5598 0.8286
vn -0.1803 0.9070 -0.3806
vn 0.0001 0.9247 -0.3806
vn -0.0759 0.3805 0.9217
vn 0.0001 0.9810 -0.1940
vn -0.1487 0.3584 0.9217
vn -0.3538 0.8544 -0.3807
vn -0.3754 0.9063 -0.1941
vn -0.0771 0.1857 0.9796
vn -0.3827 0.9239 -0.0001
vn -0.3755 0.9063 0.1938
vn -0.0570 0.2878 -0.9560
vn -0.1482 0.3583 -0.9218
vn -0.3540 0.8544 0.3804
vn -0.2140 0.5171 -0.8287
vn -0.3190 0.7699 0.5526
vn -0.2716 0.6560 -0.7042
vn -0.2719 0.6561 0.7040
vn -0.3188 0.7699 -0.5529
vn -0.2144 0.5172 0.8286
vn -0.3108 0.4654 -0.8287
vn -0.5139 0.7689 0.3804
vn -0.4631 0.6929 0.5526
vn -0.3944 0.5904 -0.7042
vn -0.3947 0.5905 0.7039
vn -0.4628 0.6929 -0.5529
vn -0.3112 0.4655 0.8285
vn -0.5137 0.7689 -0.3807
vn -0.2157 0.3226 0.9216
vn -0.5450 0.8157 -0.1941
vn -0.1119 0.1672 0.9796
vn -0.5556 0.8315 -0.0002
vn -0.5451 0.8157 0.1938
vn -0.1121 0.2711 -0.9560
vn -0.2153 0.3225 -0.9218
vn -0.6936 0.6937 -0.1941
vn -0.2745 0.2743 0.9216
vn -0.1424 0.1422 0.9796
vn -0.7071 0.7071 -0.0002
vn -0.6937 0.6937 0.1937
vn -0.1628 0.2440 -0.9560
vn -0.2740 0.2742 -0.9218
vn -0.6540 0.6539 0.3803
vn -0.3956 0.3958 -0.8288
vn -0.5894 0.5893 0.5526
vn -0.5020 0.5021 -0.7042
vn -0.5023 0.5022 0.7039
vn -0.5891 0.5892 -0.5529
vn -0.3960 0.3959 0.8285
vn -0.6538 0.6539 -0.3807
vn -0.6930 0.4630 0.5526
vn -0.5903 0.3945 -0.7042
vn -0.5906 0.3946 0.7039
vn -0.6928 0.4629 -0.5530
vn -0.4656 0.3110 0.8285
vn -0.7688 0.5138 -0.3808
vn -0.3227 0.2155 0.9216
vn -0.8156 0.5450 -0.1942
vn -0.1673 0.1117 0.9796
vn -0.8315 0.5556 -0.0002
vn -0.8157 0.5450 0.1937
vn -0.2438 0.1630 -0.9560
vn -0.3223 0.2154 -0.9218
vn -0.7690 0.5138 0.3803
vn -0.4652 0.3110 -0.8288
vn -0.3586 0.1485 0.9216
vn -0.1859 0.0770 0.9795
vn -0.9063 0.3754 -0.1942
vn -0.9239 0.3827 -0.0003
vn -0.9064 0.3754 0.1937
vn -0.3581 0.1484 -0.9218
vn -0.8545 0.3539 0.3803
vn -0.5170 0.2142 -0.8288
vn -0.7700 0.3189 0.5526
vn -0.6559 0.2717 -0.7042
vn -0.6563 0.2718 0.7039
vn -0.7698 0.3189 -0.5530
vn -0.5174 0.2143 0.8285
vn -0.8543 0.3539 -0.3808
vn -0.6963 0.1385 -0.7042
vn -0.6967 0.1386 0.7039
vn -0.8172 0.1625 -0.5530
vn -0.5492 0.1092 0.8285
vn -0.9069 0.1804 -0.3808
vn -0.3807 0.0757 0.9216
vn -0.9621 0.1914 -0.1942
vn -0.1974 0.0393 0.9795
vn -0.9808 0.1951 -0.0003
vn -0.9622 0.1914 0.1937
vn -0.2709 0.1123 -0.9560
vn -0.3802 0.0756 -0.9218
vn -0.9071 0.1804 0.3803
vn -0.5488 0.1092 -0.8288
vn -0.8175 0.1626 0.5526
vn -0.9810 -0.0000 -0.1942
vn -1.0000 -0.0000 -0.0002
vn -0.2012 0.0001 0.9795
vn -0.9811 0.0000 0.1937
vn -0.2932 -0.0001 -0.9560
vn -0.3877 -0.0001 -0.9218
vn -0.9249 0.0000 0.3803
vn -0.5596 -0.0000 -0.8288
vn -0.8335 0.0000 0.5526
vn -0.7100 -0.0000 -0.7042
vn -0.7103 0.0000 0.7039
vn -0.8332 -0.0000 -0.5530
vn -0.5600 0.0000 0.8285
vn -0.9247 -0.0000 -0.3808
vn -0.3881 0.0000 0.9216
vn -0.6967 -0.1385 0.7039
vn -0.6963 -0.1386 -0.7042
vn -0.8172 -0.1626 -0.5530
vn -0.5492 -0.1092 0.8285
vn -0.9069 -0.1804 -0.3808
vn -0.3807 -0.0756 0.9216
vn -0.9621 -0.1914 -0.1942
vn -0.1973 -0.0392 0.9796
vn -0.9808 -0.1951 -0.0002
vn -0.9622 -0.1914 0.1937
vn -0.2876 -0.0573 -0.9560
vn -0.3802 -0.0757 -0.9218
vn -0.9071 -0.1804 0.3803
vn -0.5488 -0.1093 -0.8288
vn -0.8175 -0.1625 0.5526
vn -0.1859 -0.0769 0.9796
vn -0.9064 -0.3754 0.1937
vn -0.3581 -0.1485 -0.9218
vn -0.8545 -0.3539 0.3803
vn -0.5170 -0.2143 -0.8288
vn -0.7700 -0.3189 0.5526
vn -0.6559 -0.2718 -0.7042
vn -0.6563 -0.2717 0.7039
vn -0.7698 -0.3189 -0.5529
vn -0.5174 -0.2142 0.8285
vn -0.8543 -0.3539 -0.3807
vn -0.3586 -0.1484 0.9216
vn -0.9063 -0.3754 -0.1941
vn -0.9239 -0.3827 -0.0002
vn -0.5906 -0.3945 0.7039
vn -0.4656 -0.3110 0.8285
vn -0.7688 -0.5138 -0.3807
vn -0.3227 -0.2154 0.9216
vn -0.8156 -0.5450 -0.1941
vn -0.1673 -0.1116 0.9796
vn -0.8315 -0.5556 -0.0002
vn -0.8157 -0.5450 0.1938
vn -0.2438 -0.1631 -0.9560
vn -0.3223 -0.2155 -0.9218
vn -0.7690 -0.5138 0.3804
vn -0.4652 -0.3110 -0.8287
vn -0.6930 -0.4629 0.5526
vn -0.5903 -0.3946 -0.7042
vn -0.6928 -0.4630 -0.5529
vn -0.2740 -0.2743 -0.9218
vn -0.6540 -0.6539 0.3804
vn -0.3956 -0.3959 -0.8287
vn -0.5894 -0.5892 0.5526
vn -0.5020 -0.5022 -0.7042
vn -0.5023 -0.5021 0.7040
vn -0.5891 -0.5893 -0.5529
vn -0.3960 -0.3958 0.8286
vn -0.6538 -0.6539 -0.3807
vn -0.2745 -0.2742 0.9217
vn -0.6936 -0.6937 -0.1941
vn -0.1423 -0.1421 0.9796
vn -0.7071 -0.7071 -0.0001
vn -0.6937 -0.6937 0.1938
vn -0.5137 -0.7689 -0.3806
vn -0.3112 -0.4654 0.8286
vn -0.2157 -0.3225 0.9217
vn -0.5450 -0.8157 -0.1940
vn -0.1119 -0.1670 0.9796
vn -0.5556 -0.8315 -0.0001
vn -0.5451 -0.8157 0.1938
vn -0.1628 -0.2441 -0.9560
vn -0.2153 -0.3226 -0.9217
vn -0.5139 -0.7689 0.3804
vn -0.3108 -0.4655 -0.8287
vn -0.4631 -0.6929 0.5527
vn -0.3944 -0.5905 -0.7041
vn -0.3947 -0.5904 0.7040
vn -0.4628 -0.6929 -0.5528
vn -0.3755 -0.9063 0.1939
vn -0.3540 -0.8544 0.3805
vn -0.2140 -0.5172 -0.8287
vn -0.3190 -0.7699 0.5527
vn -0.2716 -0.6561 -0.7041
vn -0.2719 -0.6560 0.7040
vn -0.3188 -0.7699 -0.5528
vn -0.2144 -0.5171 0.8286
vn -0.3538 -0.8544 -0.3806
vn -0.1487 -0.3583 0.9217
vn -0.3754 -0.9064 -0.1940
vn -0.0771 -0.1856 0.9796
vn -0.3827 -0.9239 -0.0000
vn -0.1482 -0.3584 -0.9217
vn -0.0759 -0.3804 0.9217
vn -0.1803 -0.9070 -0.3805
vn -0.1913 -0.9622 -0.1939
vn -0.0395 -0.1971 0.9796
vn -0.1951 -0.9808 0.0000
vn -0.1914 -0.9622 0.1939
vn -0.1121 -0.2712 -0.9560
vn -0.0754 -0.3805 -0.9217
vn -0.1805 -0.9070 0.3805
vn -0.1090 -0.5491 -0.8286
vn -0.1627 -0.8173 0.5528
vn -0.1384 -0.6965 -0.7041
vn -0.1387 -0.6965 0.7041
vn -0.1624 -0.8174 -0.5528
vn -0.1094 -0.5490 0.8286
vn 0.0002 -0.3879 -0.9217
vn 0.0002 -0.5598 -0.8286
vn -0.0001 -0.8333 0.5528
vn 0.0002 -0.7102 -0.7040
vn -0.0002 -0.7101 0.7041
vn 0.0001 -0.8334 -0.5527
vn -0.0002 -0.5597 0.8287
vn 0.0001 -0.9248 -0.3805
vn -0.0002 -0.3878 0.9217
vn 0.0000 -0.9810 -0.1939
vn -0.0002 -0.2009 0.9796
vn 0.0000 -1.0000 0.0001
vn -0.0000 -0.9810 0.1940
vn -0.0570 -0.2879 -0.9560
vn -0.0001 -0.9247 0.3806
vn 0.1805 -0.9070 -0.3804
vn 0.1914 -0.9622 -0.1938
vn 0.0390 -0.1971 0.9796
vn 0.1951 -0.9808 0.0001
vn 0.1913 -0.9622 0.1940
vn 0.0002 -0.2935 -0.9560
vn 0.0759 -0.3805 -0.9217
vn 0.1803 -0.9070 0.3806
vn 0.1094 -0.5491 -0.8286
vn 0.1624 -0.8173 0.5528
vn 0.1387 -0.6965 -0.7040
vn 0.1384 -0.6965 0.7041
vn 0.1627 -0.8174 -0.5527
vn 0.1090 -0.5490 0.8287
vn 0.0754 -0.3804 0.9217
vn 0.3188 -0.7699 0.5529
vn 0.2719 -0.6561 -0.7040
vn 0.2716 -0.6560 0.7042
vn 0.3190 -0.7699 -0.5526
vn 0.2140 -0.5171 0.8287
vn 0.3540 -0.8544 -0.3804
vn 0.1482 -0.3583 0.9218
vn 0.3755 -0.9064 -0.1938
vn 0.0767 -0.1856 0.9796
vn 0.3827 -0.9239 0.0001
vn 0.3754 -0.9063 0.1941
vn 0.0575 -0.2879 -0.9559
vn 0.1487 -0.3584 -0.9216
vn 0.3538 -0.8544 0.3807
vn 0.2144 -0.5172 -0.8286
vn 0.2153 -0.3225 0.9218
vn 0.1114 -0.1670 0.9796
vn 0.5451 -0.8157 -0.1938
vn 0.5556 -0.8315 0.0002
vn 0.5450 -0.8157 0.1941
vn 0.1125 -0.2712 -0.9559
vn 0.2157 -0.3226 -0.9216
vn 0.5137 -0.7689 0.3807
vn 0.3112 -0.4655 -0.8285
vn 0.4628 -0.6929 0.5529
vn 0.3947 -0.5905 -0.7039
vn 0.3944 -0.5904 0.7042
vn 0.4631 -0.6929 -0.5526
vn 0.3108 -0.4654 0.8287
vn 0.5139 -0.7689 -0.3804
vn 0.5020 -0.5021 0.7042
vn 0.5894 -0.5893 -0.5526
vn 0.3956 -0.3958 0.8288
vn 0.6540 -0.6539 -0.3803
vn 0.2740 -0.2742 0.9218
vn 0.6937 -0.6937 -0.1937
vn 0.1419 -0.1421 0.9796
vn 0.7071 -0.7071 0.0002
vn 0.6936 -0.6937 0.1941
vn 0.1633 -0.2441 -0.9559
vn 0.2745 -0.2743 -0.9216
vn 0.6538 -0.6539 0.3807
vn 0.3960 -0.3959 -0.8285
vn 0.5891 -0.5892 0.5529
vn 0.5023 -0.5022 -0.7039
vn 0.1669 -0.1116 0.9796
vn 0.8156 -0.5450 0.1942
vn 0.2443 -0.1631 -0.9559
vn 0.3227 -0.2155 -0.9216
vn 0.7688 -0.5138 0.3808
vn 0.4656 -0.3110 -0.8285
vn 0.6928 -0.4629 0.5530
vn 0.5906 -0.3946 -0.7039
vn 0.5903 -0.3945 0.7042
vn 0.6930 -0.4630 -0.5526
vn 0.4652 -0.3110 0.8288
vn 0.7690 -0.5138 -0.3803
vn 0.3223 -0.2154 0.9218
vn 0.8157 -0.5450 -0.1937
vn 0.8315 -0.5556 0.0002
vn 0.7700 -0.3189 -0.5526
vn 0.6559 -0.2717 0.7042
vn 0.5170 -0.2142 0.8288
vn 0.8545 -0.3539 -0.3803
vn 0.3581 -0.1484 0.9218
vn 0.9064 -0.3754 -0.1937
vn 0.1854 -0.0769 0.9796
vn 0.9239 -0.3827 0.0002
vn 0.9063 -0.3754 0.1942
vn 0.3586 -0.1485 -0.9216
vn 0.8543 -0.3539 0.3808
vn 0.5174 -0.2143 -0.8285
vn 0.7698 -0.3189 0.5530
vn 0.6563 -0.2718 -0.7039
vn 0.9621 -0.1914 0.1942
vn 0.2714 -0.1124 -0.9559
vn 0.3807 -0.0757 -0.9216
vn 0.9069 -0.1804 0.3808
vn 0.5492 -0.1093 -0.8285
vn 0.8172 -0.1625 0.5530
vn 0.6967 -0.1386 -0.7039
vn 0.6963 -0.1385 0.7042
vn 0.8175 -0.1626 -0.5525
vn 0.5488 -0.1092 0.8288
vn 0.9071 -0.1804 -0.3803
vn 0.3802 -0.0756 0.9218
vn 0.9622 -0.1914 -0.1937
vn 0.1969 -0.0392 0.9796
vn 0.9808 -0.1951 0.0003
vn 0.7100 0.0000 0.7042
vn 0.5596 0.0000 0.8288
vn 0.8335 -0.0000 -0.5526
vn 0.9249 -0.0000 -0.3803
vn 0.3877 0.0000 0.9218
vn 0.9811 -0.0000 -0.1937
vn 0.2007 0.0001 0.9796
vn 1.0000 0.0000 0.0002
vn 0.9810 0.0000 0.1942
vn 0.2881 -0.0573 -0.9559
vn 0.3881 -0.0000 -0.9216
vn 0.9247 0.0000 0.3808
vn 0.5600 -0.0000 -0.8285
vn 0.8332 0.0000 0.5530
vn 0.7103 -0.0000 -0.7039
vn 0.2937 -0.0000 -0.9559
vn 0.3807 0.0756 -0.9216
vn 0.9621 0.1914 0.1942
vn 0.9069 0.1804 0.3808
vn 0.5492 0.1092 -0.8285
vn 0.8172 0.1626 0.5530
vn 0.6967 0.1385 -0.7039
vn 0.6963 0.1386 0.7042
vn 0.8175 0.1625 -0.5526
vn 0.5488 0.1093 0.8288
vn 0.9071 0.1804 -0.3803
vn 0.3802 0.0757 0.9218
vn 0.9622 0.1914 -0.1937
vn 0.1969 0.0393 0.9796
vn 0.9808 0.1951 0.0002
vn 0.7700 0.3189 -0.5526
vn 0.8545 0.3539 -0.3803
vn 0.3581 0.1485 0.9218
vn 0.9064 0.3754 -0.1937
vn 0.1854 0.0770 0.9796
vn 0.9239 0.3827 0.0002
vn 0.9063 0.3754 0.1941
vn 0.2881 0.0572 -0.9559
vn 0.3586 0.1484 -0.9216
vn 0.8543 0.3539 0.3807
vn 0.5174 0.2142 -0.8285
vn 0.7698 0.3189 0.5529
vn 0.6563 0.2717 -0.7039
vn 0.6559 0.2718 0.7042
vn 0.5170 0.2143 0.8288
vn 0.8156 0.5450 0.1941
vn 0.7688 0.5138 0.3807
vn 0.4656 0.3109 -0.8285
vn 0.6928 0.4630 0.5529
vn 0.5906 0.3945 -0.7039
vn 0.5903 0.3946 0.7042
vn 0.6930 0.4629 -0.5526
vn 0.4652 0.3110 0.8287
vn 0.7690 0.5138 -0.3804
vn 0.3223 0.2155 0.9218
vn 0.8157 0.5450 -0.1938
vn 0.1669 0.1117 0.9796
vn 0.8315 0.5556 0.0002
vn 0.2714 0.1123 -0.9559
vn 0.3227 0.2154 -0.9216
vn 0.2741 0.2743 0.9218
vn 0.6540 0.6539 -0.3804
vn 0.6937 0.6937 -0.1938
vn 0.1419 0.1422 0.9796
vn 0.7071 0.7071 0.0001
vn 0.6936 0.6937 0.1941
vn 0.2443 0.1630 -0.9559
vn 0.2745 0.2742 -0.9217
vn 0.6538 0.6539 0.3807
vn 0.3960 0.3958 -0.8286
vn 0.5891 0.5893 0.5529
vn 0.5023 0.5021 -0.7040
vn 0.5020 0.5022 0.7042
vn 0.5894 0.5892 -0.5526
vn 0.3956 0.3959 0.8287
vn 0.4628 0.6929 0.5528
vn 0.3947 0.5904 -0.7040
vn 0.3944 0.5905 0.7041
vn 0.4631 0.6929 -0.5527
vn 0.3108 0.4655 0.8287
vn 0.5139 0.7689 -0.3804
vn 0.2153 0.3226 0.9217
vn 0.5451 0.8157 -0.1938
vn 0.1114 0.1672 0.9796
vn 0.5556 0.8315 0.0001
vn 0.5450 0.8157 0.1940
vn 0.2078 0.2075 -0.9559
vn 0.2157 0.3225 -0.9217
vn 0.5137 0.7689 0.3806
vn 0.3112 0.4654 -0.8286
vn 0.0767 0.1857 0.9796
vn 0.3755 0.9063 -0.1939
vn 0.3827 0.9239 0.0000
vn 0.3754 0.9064 0.1940
vn 0.1633 0.2440 -0.9559
vn 0.1487 0.3583 -0.9217
vn 0.3538 0.8544 0.3806
vn 0.2144 0.5171 -0.8286
vn 0.3188 0.7699 0.5528
vn 0.2719 0.6560 -0.7040
vn 0.2716 0.6561 0.7041
vn 0.3190 0.7699 -0.5527
vn 0.2140 0.5172 0.8287
vn 0.3540 0.8544 -0.3805
vn 0.1482 0.3584 0.9217
vn 0.1387 0.6965 -0.7041
vn 0.1384 0.6965 0.7041
vn 0.1627 0.8173 -0.5528
vn 0.1090 0.5491 0.8286
vn 0.1805 0.9070 -0.3805
vn 0.0754 0.3805 0.9217
vn 0.1914 0.9622 -0.1939
vn 0.0390 0.1972 0.9796
vn 0.1951 0.9808 -0.0000
vn 0.1913 0.9622 0.1939
vn 0.1125 0.2711 -0.9560
vn 0.0759 0.3804 -0.9217
vn 0.1803 0.9070 0.3805
vn 0.1094 0.5490 -0.8286
vn 0.1624 0.8174 0.5528
vn -0.2073 0.2075 -0.9560
vn -0.2876 0.0572 -0.9560
vn -0.2709 -0.1124 -0.9560
vn -0.2073 -0.2076 -0.9560
vn 0.2078 -0.2076 -0.9559
vn 0.0575 0.2878 -0.9560
vn 0.0002 -0.0001 -1.0000
g RightEye_Sphere.002_Material.002
usemtl Material.002
s 1
f 1945/560/1466 1490/561/1467 1946/562/1468
f 1942/563/1469 1482/564/1470 1483/565/1471
f 1947/566/1472 1946/562/1468 1490/561/1467
f 1942/563/1469 1484/567/1473 1943/568/1474
f 1466/569/1475 1477/570/1476 1467/571/1477
f 1943/568/1474 1485/572/1478 1944/573/1479
f 1467/571/1477 1478/574/1480 1468/575/1481
f 1944/573/1479 1486/576/1482 1473/577/1483
f 1468/575/1481 1479/578/1484 1469/579/1485
f 1474/580/1486 1486/576/1482 1487/581/1487
f 1469/579/1485 1480/582/1488 1470/583/1489
f 1474/580/1486 1488/584/1490 1475/585/1491
f 1470/583/1489 1481/586/1492 1471/587/1493
f 1475/585/1491 1489/588/1494 1945/560/1466
f 1471/587/1493 1482/564/1470 1472/589/1495
f 1488/584/1490 1504/590/1496 1489/588/1494
f 1482/564/1470 1496/591/1497 1497/592/1498
f 1489/588/1494 1505/593/1499 1490/561/1467
f 1483/565/1471 1497/592/1498 1498/594/1500
f 1947/595/1472 1490/561/1467 1505/593/1499
f 1483/565/1471 1499/596/1501 1484/567/1473
f 1476/597/1502 1492/598/1503 1477/570/1476
f 1484/567/1473 1500/599/1504 1485/572/1478
f 1477/570/1476 1493/600/1505 1478/574/1480
f 1485/572/1478 1501/601/1506 1486/576/1482
f 1478/574/1480 1494/602/1507 1479/578/1484
f 1486/576/1482 1502/603/1508 1487/581/1487
f 1480/582/1488 1494/602/1507 1495/604/1509
f 1487/581/1487 1503/605/1510 1488/584/1490
f 1480/582/1488 1496/591/1497 1481/586/1492
f 1492/598/1503 1508/606/1511 1493/600/1505
f 1501/601/1506 1515/607/1512 1516/608/1513
f 1493/600/1505 1509/609/1514 1494/602/1507
f 1501/601/1506 1517/610/1515 1502/603/1508
f 1494/602/1507 1510/611/1516 1495/604/1509
f 1502/603/1508 1518/612/1517 1503/605/1510
f 1495/604/1509 1511/613/1518 1496/591/1497
f 1503/605/1510 1519/614/1519 1504/590/1496
f 1496/591/1497 1512/615/1520 1497/592/1498
f 1504/590/1496 1520/616/1521 1505/593/1499
f 1497/592/1498 1513/617/1522 1498/594/1500
f 1947/618/1472 1505/593/1499 1520/616/1521
f 1498/594/1500 1514/619/1523 1499/596/1501
f 1491/620/1524 1507/621/1525 1492/598/1503
f 1499/596/1501 1515/607/1512 1500/599/1504
f 1511/613/1518 1527/622/1526 1512/615/1520
f 1520/616/1521 1534/623/1527 1535/624/1528
f 1513/617/1522 1527/622/1526 1528/625/1529
f 1947/626/1472 1520/616/1521 1535/624/1528
f 1513/617/1522 1529/627/1530 1514/619/1523
f 1506/628/1531 1522/629/1532 1507/621/1525
f 1515/607/1512 1529/627/1530 1530/630/1533
f 1508/606/1511 1522/629/1532 1523/631/1534
f 1516/608/1513 1530/630/1533 1531/632/1535
f 1508/606/1511 1524/633/1536 1509/609/1514
f 1517/610/1515 1531/632/1535 1532/634/1537
f 1509/609/1514 1525/635/1538 1510/611/1516
f 1518/612/1517 1532/634/1537 1533/636/1539
f 1510/611/1516 1526/637/1540 1511/613/1518
f 1518/612/1517 1534/623/1527 1519/614/1519
f 1530/630/1533 1546/638/1541 1531/632/1535
f 1523/631/1534 1539/639/1542 1524/633/1536
f 1531/632/1535 1547/640/1543 1532/634/1537
f 1525/635/1538 1539/639/1542 1540/641/1544
f 1533/636/1539 1547/640/1543 1548/642/1545
f 1525/635/1538 1541/643/1546 1526/637/1540
f 1534/623/1527 1548/642/1545 1549/644/1547
f 1526/637/1540 1542/645/1548 1527/622/1526
f 1534/623/1527 1550/646/1549 1535/624/1528
f 1528/625/1529 1542/645/1548 1543/647/1550
f 1947/648/1472 1535/624/1528 1550/646/1549
f 1528/625/1529 1544/649/1551 1529/627/1530
f 1522/629/1532 1536/650/1552 1537/651/1553
f 1530/630/1533 1544/649/1551 1545/652/1554
f 1522/629/1532 1538/653/1555 1523/631/1534
f 1550/646/1549 1564/654/1556 1565/655/1557
f 1543/647/1550 1557/656/1558 1558/657/1559
f 1947/658/1472 1550/646/1549 1565/655/1557
f 1543/647/1550 1559/659/1560 1544/649/1551
f 1536/650/1552 1552/660/1561 1537/651/1553
f 1544/649/1551 1560/661/1562 1545/652/1554
f 1537/651/1553 1553/662/1563 1538/653/1555
f 1545/652/1554 1561/663/1564 1546/638/1541
f 1538/653/1555 1554/664/1565 1539/639/1542
f 1546/638/1541 1562/665/1566 1547/640/1543
f 1539/639/1542 1555/666/1567 1540/641/1544
f 1548/642/1545 1562/665/1566 1563/667/1568
f 1540/641/1544 1556/668/1569 1541/643/1546
f 1549/644/1547 1563/667/1568 1564/654/1556
f 1542/645/1548 1556/668/1569 1557/656/1558
f 1553/662/1563 1569/669/1570 1554/664/1565
f 1561/663/1564 1577/670/1571 1562/665/1566
f 1555/666/1567 1569/669/1570 1570/671/1572
f 1563/667/1568 1577/670/1571 1578/672/1573
f 1555/666/1567 1571/673/1574 1556/668/1569
f 1564/654/1556 1578/672/1573 1579/674/1575
f 1557/656/1558 1571/673/1574 1572/675/1576
f 1564/654/1556 1580/676/1577 1565/655/1557
f 1558/657/1559 1572/675/1576 1573/677/1578
f 1947/678/1472 1565/655/1557 1580/676/1577
f 1558/657/1559 1574/679/1579 1559/659/1560
f 1551/680/1580 1567/681/1581 1552/660/1561
f 1560/661/1562 1574/679/1579 1575/682/1582
f 1552/660/1561 1568/683/1583 1553/662/1563
f 1560/661/1562 1576/684/1584 1561/663/1564
f 1573/677/1578 1587/685/1585 1588/686/1586
f 1947/687/1472 1580/676/1577 1595/688/1587
f 1573/677/1578 1589/689/1588 1574/679/1579
f 1567/681/1581 1581/690/1589 1582/691/1590
f 1575/682/1582 1589/689/1588 1590/692/1591
f 1567/681/1581 1583/693/1592 1568/683/1583
f 1575/682/1582 1591/694/1593 1576/684/1584
f 1568/683/1583 1584/695/1594 1569/669/1570
f 1576/684/1584 1592/696/1595 1577/670/1571
f 1570/671/1572 1584/695/1594 1585/697/1596
f 1578/672/1573 1592/696/1595 1593/698/1597
f 1570/671/1572 1586/699/1598 1571/673/1574
f 1578/672/1573 1594/700/1599 1579/674/1575
f 1572/675/1576 1586/699/1598 1587/685/1585
f 1579/674/1575 1595/688/1587 1580/676/1577
f 1591/694/1593 1607/701/1600 1592/696/1595
f 1585/697/1596 1599/702/1601 1600/703/1602
f 1593/698/1597 1607/701/1600 1608/704/1603
f 1585/697/1596 1601/705/1604 1586/699/1598
f 1593/698/1597 1609/706/1605 1594/700/1599
f 1587/685/1585 1601/705/1604 1602/707/1606
f 1594/700/1599 1610/708/1607 1595/688/1587
f 1588/686/1586 1602/707/1606 1603/709/1608
f 1947/710/1472 1595/688/1587 1610/708/1607
f 1588/686/1586 1604/711/1609 1589/689/1588
f 1582/691/1590 1596/712/1610 1597/713/1611
f 1590/692/1591 1604/711/1609 1605/714/1612
f 1583/693/1592 1597/713/1611 1598/715/1613
f 1590/692/1591 1606/716/1614 1591/694/1593
f 1583/693/1592 1599/702/1601 1584/695/1594
f 1947/717/1472 1610/708/1607 1625/718/1615
f 1603/709/1608 1619/719/1616 1604/711/1609
f 1596/712/1610 1612/720/1617 1597/713/1611
f 1605/714/1612 1619/719/1616 1620/721/1618
f 1598/715/1613 1612/720/1617 1613/722/1619
f 1605/714/1612 1621/723/1620 1606/716/1614
f 1598/715/1613 1614/724/1621 1599/702/1601
f 1606/716/1614 1622/725/1622 1607/701/1600
f 1599/702/1601 1615/726/1623 1600/703/1602
f 1608/704/1603 1622/725/1622 1623/727/1624
f 1600/703/1602 1616/728/1625 1601/705/1604
f 1609/706/1605 1623/727/1624 1624/729/1626
f 1602/707/1606 1616/728/1625 1617/730/1627
f 1609/706/1605 1625/718/1615 1610/708/1607
f 1603/709/1608 1617/730/1627 1618/731/1628
f 1623/727/1624 1637/732/1629 1638/733/1630
f 1615/726/1623 1631/734/1631 1616/728/1625
f 1623/727/1624 1639/735/1632 1624/729/1626
f 1617/730/1627 1631/734/1631 1632/736/1633
f 1625/718/1615 1639/735/1632 1640/737/1634
f 1618/731/1628 1632/736/1633 1633/738/1635
f 1947/739/1472 1625/718/1615 1640/737/1634
f 1618/731/1628 1634/740/1636 1619/719/1616
f 1612/720/1617 1626/741/1637 1627/742/1638
f 1620/721/1618 1634/740/1636 1635/743/1639
f 1612/720/1617 1628/744/1640 1613/722/1619
f 1620/721/1618 1636/745/1641 1621/723/1620
f 1613/722/1619 1629/746/1642 1614/724/1621
f 1621/723/1620 1637/732/1629 1622/725/1622
f 1614/724/1621 1630/747/1643 1615/726/1623
f 1626/741/1637 1642/748/1644 1627/742/1638
f 1634/740/1636 1650/749/1645 1635/743/1639
f 1627/742/1638 1643/750/1646 1628/744/1640
f 1635/743/1639 1651/751/1647 1636/745/1641
f 1628/744/1640 1644/752/1648 1629/746/1642
f 1637/732/1629 1651/751/1647 1652/753/1649
f 1630/747/1643 1644/752/1648 1645/754/1650
f 1637/732/1629 1653/755/1651 1638/733/1630
f 1630/747/1643 1646/756/1652 1631/734/1631
f 1638/733/1630 1654/757/1653 1639/735/1632
f 1631/734/1631 1647/758/1654 1632/736/1633
f 1639/735/1632 1655/759/1655 1640/737/1634
f 1633/738/1635 1647/758/1654 1648/760/1656
f 1947/761/1472 1640/737/1634 1655/759/1655
f 1633/738/1635 1649/762/1657 1634/740/1636
f 1645/754/1650 1661/763/1658 1646/756/1652
f 1654/757/1653 1668/764/1659 1669/765/1660
f 1647/758/1654 1661/763/1658 1662/766/1661
f 1654/757/1653 1670/767/1662 1655/759/1655
f 1648/760/1656 1662/766/1661 1663/768/1663
f 1947/769/1472 1655/759/1655 1670/767/1662
f 1648/760/1656 1664/770/1664 1649/762/1657
f 1642/748/1644 1656/771/1665 1657/772/1666
f 1649/762/1657 1665/773/1667 1650/749/1645
f 1642/748/1644 1658/774/1668 1643/750/1646
f 1650/749/1645 1666/775/1669 1651/751/1647
f 1643/750/1646 1659/776/1670 1644/752/1648
f 1651/751/1647 1667/777/1671 1652/753/1649
f 1645/754/1650 1659/776/1670 1660/778/1672
f 1653/755/1651 1667/777/1671 1668/764/1659
f 1665/773/1667 1679/779/1673 1680/780/1674
f 1657/772/1666 1673/781/1675 1658/774/1668
f 1665/773/1667 1681/782/1676 1666/775/1669
f 1658/774/1668 1674/783/1677 1659/776/1670
f 1666/775/1669 1682/784/1678 1667/777/1671
f 1660/778/1672 1674/783/1677 1675/785/1679
f 1668/764/1659 1682/784/1678 1683/786/1680
f 1660/778/1672 1676/787/1681 1661/763/1658
f 1668/764/1659 1684/788/1682 1669/765/1660
f 1662/766/1661 1676/787/1681 1677/789/1683
f 1670/767/1662 1684/788/1682 1685/790/1684
f 1663/768/1663 1677/789/1683 1678/791/1685
f 1947/792/1472 1670/767/1662 1685/790/1684
f 1663/768/1663 1679/779/1673 1664/770/1664
f 1656/771/1665 1672/793/1686 1657/772/1666
f 1683/786/1680 1699/794/1687 1684/788/1682
f 1677/789/1683 1691/795/1688 1692/796/1689
f 1685/790/1684 1699/794/1687 1700/797/1690
f 1678/791/1685 1692/796/1689 1693/798/1691
f 1947/799/1472 1685/790/1684 1700/797/1690
f 1678/791/1685 1694/800/1692 1679/779/1673
f 1671/801/1693 1687/802/1694 1672/793/1686
f 1680/780/1674 1694/800/1692 1695/803/1695
f 1673/781/1675 1687/802/1694 1688/804/1696
f 1680/780/1674 1696/805/1697 1681/782/1676
f 1673/781/1675 1689/806/1698 1674/783/1677
f 1681/782/1676 1697/807/1699 1682/784/1678
f 1675/785/1679 1689/806/1698 1690/808/1700
f 1683/786/1680 1697/807/1699 1698/809/1701
f 1675/785/1679 1691/795/1688 1676/787/1681
f 1688/804/1696 1702/810/1702 1703/811/1703
f 1695/803/1695 1711/812/1704 1696/805/1697
f 1688/804/1696 1704/813/1705 1689/806/1698
f 1696/805/1697 1712/814/1706 1697/807/1699
f 1690/808/1700 1704/813/1705 1705/815/1707
f 1698/809/1701 1712/814/1706 1713/816/1708
f 1690/808/1700 1706/817/1709 1691/795/1688
f 1698/809/1701 1714/818/1710 1699/794/1687
f 1692/796/1689 1706/817/1709 1707/819/1711
f 1700/797/1690 1714/818/1710 1715/820/1712
f 1693/798/1691 1707/819/1711 1708/821/1713
f 1947/822/1472 1700/797/1690 1715/820/1712
f 1693/798/1691 1709/823/1714 1694/800/1692
f 1686/824/1715 1702/810/1702 1687/802/1694
f 1695/803/1695 1709/823/1714 1710/825/1716
f 1707/819/1711 1721/826/1717 1722/827/1718
f 1714/818/1710 1730/828/1719 1715/820/1712
f 1708/821/1713 1722/827/1718 1723/829/1720
f 1947/830/1472 1715/820/1712 1730/828/1719
f 1708/821/1713 1724/831/1721 1709/823/1714
f 1701/832/1722 1717/833/1723 1702/810/1702
f 1710/825/1716 1724/831/1721 1725/834/1724
f 1702/810/1702 1718/835/1725 1703/811/1703
f 1710/825/1716 1726/836/1726 1711/812/1704
f 1703/811/1703 1719/837/1727 1704/813/1705
f 1712/814/1706 1726/836/1726 1727/838/1728
f 1705/815/1707 1719/837/1727 1720/839/1729
f 1713/816/1708 1727/838/1728 1728/840/1730
f 1705/815/1707 1721/826/1717 1706/817/1709
f 1713/816/1708 1729/841/1731 1714/818/1710
f 1725/834/1724 1741/842/1732 1726/836/1726
f 1718/835/1725 1734/843/1733 1719/837/1727
f 1726/836/1726 1742/844/1734 1727/838/1728
f 1720/839/1729 1734/843/1733 1735/845/1735
f 1728/840/1730 1742/844/1734 1743/846/1736
f 1720/839/1729 1736/847/1737 1721/826/1717
f 1728/840/1730 1744/848/1738 1729/841/1731
f 1722/827/1718 1736/847/1737 1737/849/1739
f 1729/841/1731 1745/850/1740 1730/828/1719
f 1723/829/1720 1737/849/1739 1738/851/1741
f 1947/852/1472 1730/828/1719 1745/850/1740
f 1723/829/1720 1739/853/1742 1724/831/1721
f 1716/854/1743 1732/855/1744 1717/833/1723
f 1725/834/1724 1739/853/1742 1740/856/1745
f 1717/833/1723 1733/857/1746 1718/835/1725
f 1745/850/1740 1759/858/1747 1760/859/1748
f 1738/851/1741 1752/860/1749 1753/861/1750
f 1947/862/1472 1745/850/1740 1760/859/1748
f 1738/851/1741 1754/863/1751 1739/853/1742
f 1731/864/1752 1747/865/1753 1732/855/1744
f 1740/856/1745 1754/863/1751 1755/866/1754
f 1732/855/1744 1748/867/1755 1733/857/1746
f 1740/856/1745 1756/868/1756 1741/842/1732
f 1733/857/1746 1749/869/1757 1734/843/1733
f 1741/842/1732 1757/870/1758 1742/844/1734
f 1735/845/1735 1749/869/1757 1750/871/1759
f 1743/846/1736 1757/870/1758 1758/872/1760
f 1736/847/1737 1750/871/1759 1751/873/1761
f 1743/846/1736 1759/858/1747 1744/848/1738
f 1737/849/1739 1751/873/1761 1752/860/1749
f 1756/868/1756 1772/874/1762 1757/870/1758
f 1749/869/1757 1765/875/1763 1750/871/1759
f 1758/872/1760 1772/874/1762 1773/876/1764
f 1751/873/1761 1765/875/1763 1766/877/1765
f 1758/872/1760 1774/878/1766 1759/858/1747
f 1752/860/1749 1766/877/1765 1767/879/1767
f 1759/858/1747 1775/880/1768 1760/859/1748
f 1753/861/1750 1767/879/1767 1768/881/1769
f 1947/882/1472 1760/859/1748 1775/880/1768
f 1753/861/1750 1769/883/1770 1754/863/1751
f 1746/884/1771 1762/885/1772 1747/865/1753
f 1755/866/1754 1769/883/1770 1770/886/1773
f 1747/865/1753 1763/887/1774 1748/867/1755
f 1755/866/1754 1771/888/1775 1756/868/1756
f 1748/867/1755 1764/889/1776 1749/869/1757
f 1947/890/1472 1775/880/1768 1790/891/1777
f 1768/881/1769 1784/892/1778 1769/883/1770
f 1762/885/1772 1776/893/1779 1777/894/1780
f 1770/886/1773 1784/892/1778 1785/895/1781
f 1763/887/1774 1777/894/1780 1778/896/1782
f 1770/886/1773 1786/897/1783 1771/888/1775
f 1763/887/1774 1779/898/1784 1764/889/1776
f 1771/888/1775 1787/899/1785 1772/874/1762
f 1764/889/1776 1780/900/1786 1765/875/1763
f 1773/876/1764 1787/899/1785 1788/901/1787
f 1766/877/1765 1780/900/1786 1781/902/1788
f 1774/878/1766 1788/901/1787 1789/903/1789
f 1767/879/1767 1781/902/1788 1782/904/1790
f 1774/878/1766 1790/891/1777 1775/880/1768
f 1768/881/1769 1782/904/1790 1783/905/1791
f 1779/898/1784 1796/906/1792 1780/900/1786
f 1788/901/1787 1803/907/1793 1804/908/1794
f 1781/902/1788 1796/906/1792 1797/909/1795
f 1788/901/1787 1805/910/1796 1789/903/1789
f 1782/904/1790 1797/909/1795 1798/911/1797
f 1789/903/1789 1806/912/1798 1790/891/1777
f 1783/905/1791 1798/911/1797 1799/913/1799
f 1947/914/1472 1790/891/1777 1806/912/1798
f 1783/905/1791 1800/915/1800 1784/892/1778
f 1776/893/1779 1793/916/1801 1777/894/1780
f 1785/895/1781 1800/915/1800 1801/917/1802
f 1777/894/1780 1794/918/1803 1778/896/1782
f 1785/895/1781 1802/919/1804 1786/897/1783
f 1778/896/1782 1795/920/1805 1779/898/1784
f 1786/897/1783 1803/907/1793 1787/899/1785
f 1799/913/1799 1815/921/1806 1800/915/1800
f 1792/922/1807 1808/923/1808 1793/916/1801
f 1801/917/1802 1815/921/1806 1816/924/1809
f 1793/916/1801 1809/925/1810 1794/918/1803
f 1801/917/1802 1817/926/1811 1802/919/1804
f 1794/918/1803 1810/927/1812 1795/920/1805
f 1802/919/1804 1818/928/1813 1803/907/1793
f 1795/920/1805 1811/929/1814 1796/906/1792
f 1803/907/1793 1819/930/1815 1804/908/1794
f 1797/909/1795 1811/929/1814 1812/931/1816
f 1804/908/1794 1820/932/1817 1805/910/1796
f 1798/911/1797 1812/931/1816 1813/933/1818
f 1806/912/1798 1820/932/1817 1821/934/1819
f 1799/913/1799 1813/933/1818 1814/935/1820
f 1947/936/1472 1806/912/1798 1821/934/1819
f 1819/930/1815 1833/937/1821 1834/938/1822
f 1812/931/1816 1826/939/1823 1827/940/1824
f 1820/932/1817 1834/938/1822 1835/941/1825
f 1813/933/1818 1827/940/1824 1828/942/1826
f 1821/934/1819 1835/941/1825 1836/943/1827
f 1814/935/1820 1828/942/1826 1829/944/1828
f 1947/945/1472 1821/934/1819 1836/943/1827
f 1814/935/1820 1830/946/1829 1815/921/1806
f 1807/947/1830 1823/948/1831 1808/923/1808
f 1816/924/1809 1830/946/1829 1831/949/1832
f 1808/923/1808 1824/950/1833 1809/925/1810
f 1816/924/1809 1832/951/1834 1817/926/1811
f 1809/925/1810 1825/952/1835 1810/927/1812
f 1817/926/1811 1833/937/1821 1818/928/1813
f 1811/929/1814 1825/952/1835 1826/939/1823
f 1822/953/1836 1838/954/1837 1823/955/1831
f 1831/956/1832 1845/957/1838 1846/958/1839
f 1823/955/1831 1839/959/1840 1824/960/1833
f 1831/956/1832 1847/961/1841 1832/962/1834
f 1824/960/1833 1840/963/1842 1825/964/1835
f 1833/965/1821 1847/961/1841 1848/966/1843
f 1825/964/1835 1841/967/1844 1826/968/1823
f 1834/969/1822 1848/966/1843 1849/970/1845
f 1827/971/1824 1841/967/1844 1842/972/1846
f 1835/973/1825 1849/970/1845 1850/974/1847
f 1828/975/1826 1842/972/1846 1843/976/1848
f 1836/977/1827 1850/974/1847 1851/978/1849
f 1829/979/1828 1843/976/1848 1844/980/1850
f 1947/981/1472 1836/977/1827 1851/978/1849
f 1829/979/1828 1845/957/1838 1830/982/1829
f 1842/972/1846 1856/983/1851 1857/984/1852
f 1849/970/1845 1865/985/1853 1850/974/1847
f 1843/976/1848 1857/984/1852 1858/986/1854
f 1850/974/1847 1866/987/1855 1851/978/1849
f 1844/980/1850 1858/986/1854 1859/988/1856
f 1947/989/1472 1851/978/1849 1866/987/1855
f 1844/980/1850 1860/990/1857 1845/957/1838
f 1837/991/1858 1853/992/1859 1838/954/1837
f 1846/958/1839 1860/990/1857 1861/993/1860
f 1838/954/1837 1854/994/1861 1839/959/1840
f 1846/958/1839 1862/995/1862 1847/961/1841
f 1839/959/1840 1855/996/1863 1840/963/1842
f 1847/961/1841 1863/997/1864 1848/966/1843
f 1840/963/1842 1856/983/1851 1841/967/1844
f 1849/970/1845 1863/997/1864 1864/998/1865
f 1861/993/1860 1875/999/1866 1876/1000/1867
f 1853/992/1859 1869/1001/1868 1854/994/1861
f 1861/993/1860 1877/1002/1869 1862/995/1862
f 1854/994/1861 1870/1003/1870 1855/996/1863
f 1862/995/1862 1878/1004/1871 1863/997/1864
f 1856/983/1851 1870/1003/1870 1871/1005/1872
f 1864/998/1865 1878/1004/1871 1879/1006/1873
f 1857/984/1852 1871/1005/1872 1872/1007/1874
f 1865/985/1853 1879/1006/1873 1880/1008/1875
f 1858/986/1854 1872/1007/1874 1873/1009/1876
f 1865/985/1853 1881/1010/1877 1866/987/1855
f 1859/988/1856 1873/1009/1876 1874/1011/1878
f 1947/1012/1472 1866/987/1855 1881/1010/1877
f 1859/988/1856 1875/999/1866 1860/990/1857
f 1852/1013/1879 1868/1014/1880 1853/992/1859
f 1879/1006/1873 1895/1015/1881 1880/1008/1875
f 1873/1009/1876 1887/1016/1882 1888/1017/1883
f 1881/1010/1877 1895/1015/1881 1896/1018/1884
f 1874/1011/1878 1888/1017/1883 1889/1019/1885
f 1947/1020/1472 1881/1010/1877 1896/1018/1884
f 1874/1011/1878 1890/1021/1886 1875/999/1866
f 1867/1022/1887 1883/1023/1888 1868/1014/1880
f 1875/999/1866 1891/1024/1889 1876/1000/1867
f 1868/1014/1880 1884/1025/1890 1869/1001/1868
f 1876/1000/1867 1892/1026/1891 1877/1002/1869
f 1869/1001/1868 1885/1027/1892 1870/1003/1870
f 1877/1002/1869 1893/1028/1893 1878/1004/1871
f 1870/1003/1870 1886/1029/1894 1871/1005/1872
f 1879/1006/1873 1893/1028/1893 1894/1030/1895
f 1872/1007/1874 1886/1029/1894 1887/1016/1882
f 1891/1024/1889 1907/1031/1896 1892/1026/1891
f 1884/1025/1890 1900/1032/1897 1885/1027/1892
f 1892/1026/1891 1908/1033/1898 1893/1028/1893
f 1885/1027/1892 1901/1034/1899 1886/1029/1894
f 1894/1030/1895 1908/1033/1898 1909/1035/1900
f 1887/1016/1882 1901/1034/1899 1902/1036/1901
f 1894/1030/1895 1910/1037/1902 1895/1015/1881
f 1888/1017/1883 1902/1036/1901 1903/1038/1903
f 1896/1018/1884 1910/1037/1902 1911/1039/1904
f 1889/1019/1885 1903/1038/1903 1904/1040/1905
f 1947/1041/1472 1896/1018/1884 1911/1039/1904
f 1889/1019/1885 1905/1042/1906 1890/1021/1886
f 1882/1043/1907 1898/1044/1908 1883/1023/1888
f 1890/1021/1886 1906/1045/1909 1891/1024/1889
f 1884/1025/1890 1898/1044/1908 1899/1046/1910
f 1910/1037/1902 1926/1047/1911 1911/1039/1904
f 1904/1040/1905 1918/1048/1912 1919/1049/1913
f 1947/1050/1472 1911/1039/1904 1926/1047/1911
f 1904/1040/1905 1920/1051/1914 1905/1042/1906
f 1897/1052/1915 1913/1053/1916 1898/1044/1908
f 1905/1042/1906 1921/1054/1917 1906/1045/1909
f 1898/1044/1908 1914/1055/1918 1899/1046/1910
f 1906/1045/1909 1922/1056/1919 1907/1031/1896
f 1899/1046/1910 1915/1057/1920 1900/1032/1897
f 1907/1031/1896 1923/1058/1921 1908/1033/1898
f 1901/1034/1899 1915/1057/1920 1916/1059/1922
f 1909/1035/1900 1923/1058/1921 1924/1060/1923
f 1902/1036/1901 1916/1059/1922 1917/1061/1924
f 1909/1035/1900 1925/1062/1925 1910/1037/1902
f 1903/1038/1903 1917/1061/1924 1918/1048/1912
f 1914/1055/1918 1930/1063/1926 1915/1057/1920
f 1922/1056/1919 1938/1064/1927 1923/1058/1921
f 1915/1057/1920 1931/1065/1928 1916/1059/1922
f 1924/1060/1923 1938/1064/1927 1939/1066/1929
f 1917/1061/1924 1931/1065/1928 1932/1067/1930
f 1924/1060/1923 1940/1068/1931 1925/1062/1925
f 1918/1048/1912 1932/1067/1930 1933/1069/1932
f 1925/1062/1925 1941/1070/1933 1926/1047/1911
f 1919/1049/1913 1933/1069/1932 1934/1071/1934
f 1947/1072/1472 1926/1047/1911 1941/1070/1933
f 1919/1049/1913 1935/1073/1935 1920/1051/1914
f 1912/1074/1936 1928/1075/1937 1913/1053/1916
f 1920/1051/1914 1936/1076/1938 1921/1054/1917
f 1913/1053/1916 1929/1077/1939 1914/1055/1918
f 1921/1054/1917 1937/1078/1940 1922/1056/1919
f 1934/1071/1934 1472/589/1495 1942/563/1469
f 1947/1079/1472 1941/1070/1933 1946/562/1468
f 1934/1071/1934 1943/568/1474 1935/1073/1935
f 1928/1075/1937 1466/569/1475 1467/571/1477
f 1935/1073/1935 1944/573/1479 1936/1076/1938
f 1929/1077/1939 1467/571/1477 1468/575/1481
f 1936/1076/1938 1473/577/1483 1937/1078/1940
f 1930/1063/1926 1468/575/1481 1469/579/1485
f 1937/1078/1940 1474/580/1486 1938/1064/1927
f 1931/1065/1928 1469/579/1485 1470/583/1489
f 1938/1064/1927 1475/585/1491 1939/1066/1929
f 1932/1067/1930 1470/583/1489 1471/587/1493
f 1939/1066/1929 1945/560/1466 1940/1068/1931
f 1933/1069/1932 1471/587/1493 1472/589/1495
f 1940/1068/1931 1946/562/1468 1941/1070/1933
f 1945/560/1466 1489/588/1494 1490/561/1467
f 1942/563/1469 1472/589/1495 1482/564/1470
f 1942/563/1469 1483/565/1471 1484/567/1473
f 1466/569/1475 1476/597/1502 1477/570/1476
f 1943/568/1474 1484/567/1473 1485/572/1478
f 1467/571/1477 1477/570/1476 1478/574/1480
f 1944/573/1479 1485/572/1478 1486/576/1482
f 1468/575/1481 1478/574/1480 1479/578/1484
f 1474/580/1486 1473/577/1483 1486/576/1482
f 1469/579/1485 1479/578/1484 1480/582/1488
f 1474/580/1486 1487/581/1487 1488/584/1490
f 1470/583/1489 1480/582/1488 1481/586/1492
f 1475/585/1491 1488/584/1490 1489/588/1494
f 1471/587/1493 1481/586/1492 1482/564/1470
f 1488/584/1490 1503/605/1510 1504/590/1496
f 1482/564/1470 1481/586/1492 1496/591/1497
f 1489/588/1494 1504/590/1496 1505/593/1499
f 1483/565/1471 1482/564/1470 1497/592/1498
f 1483/565/1471 1498/594/1500 1499/596/1501
f 1476/597/1502 1491/620/1524 1492/598/1503
f 1484/567/1473 1499/596/1501 1500/599/1504
f 1477/570/1476 1492/598/1503 1493/600/1505
f 1485/572/1478 1500/599/1504 1501/601/1506
f 1478/574/1480 1493/600/1505 1494/602/1507
f 1486/576/1482 1501/601/1506 1502/603/1508
f 1480/582/1488 1479/578/1484 1494/602/1507
f 1487/581/1487 1502/603/1508 1503/605/1510
f 1480/582/1488 1495/604/1509 1496/591/1497
f 1492/598/1503 1507/621/1525 1508/606/1511
f 1501/601/1506 1500/599/1504 1515/607/1512
f 1493/600/1505 1508/606/1511 1509/609/1514
f 1501/601/1506 1516/608/1513 1517/610/1515
f 1494/602/1507 1509/609/1514 1510/611/1516
f 1502/603/1508 1517/610/1515 1518/612/1517
f 1495/604/1509 1510/611/1516 1511/613/1518
f 1503/605/1510 1518/612/1517 1519/614/1519
f 1496/591/1497 1511/613/1518 1512/615/1520
f 1504/590/1496 1519/614/1519 1520/616/1521
f 1497/592/1498 1512/615/1520 1513/617/1522
f 1498/594/1500 1513/617/1522 1514/619/1523
f 1491/620/1524 1506/628/1531 1507/621/1525
f 1499/596/1501 1514/619/1523 1515/607/1512
f 1511/613/1518 1526/637/1540 1527/622/1526
f 1520/616/1521 1519/614/1519 1534/623/1527
f 1513/617/1522 1512/615/1520 1527/622/1526
f 1513/617/1522 1528/625/1529 1529/627/1530
f 1506/628/1531 1521/1080/1941 1522/629/1532
f 1515/607/1512 1514/619/1523 1529/627/1530
f 1508/606/1511 1507/621/1525 1522/629/1532
f 1516/608/1513 1515/607/1512 1530/630/1533
f 1508/606/1511 1523/631/1534 1524/633/1536
f 1517/610/1515 1516/608/1513 1531/632/1535
f 1509/609/1514 1524/633/1536 1525/635/1538
f 1518/612/1517 1517/610/1515 1532/634/1537
f 1510/611/1516 1525/635/1538 1526/637/1540
f 1518/612/1517 1533/636/1539 1534/623/1527
f 1530/630/1533 1545/652/1554 1546/638/1541
f 1523/631/1534 1538/653/1555 1539/639/1542
f 1531/632/1535 1546/638/1541 1547/640/1543
f 1525/635/1538 1524/633/1536 1539/639/1542
f 1533/636/1539 1532/634/1537 1547/640/1543
f 1525/635/1538 1540/641/1544 1541/643/1546
f 1534/623/1527 1533/636/1539 1548/642/1545
f 1526/637/1540 1541/643/1546 1542/645/1548
f 1534/623/1527 1549/644/1547 1550/646/1549
f 1528/625/1529 1527/622/1526 1542/645/1548
f 1528/625/1529 1543/647/1550 1544/649/1551
f 1522/629/1532 1521/1080/1941 1536/650/1552
f 1530/630/1533 1529/627/1530 1544/649/1551
f 1522/629/1532 1537/651/1553 1538/653/1555
f 1550/646/1549 1549/644/1547 1564/654/1556
f 1543/647/1550 1542/645/1548 1557/656/1558
f 1543/647/1550 1558/657/1559 1559/659/1560
f 1536/650/1552 1551/680/1580 1552/660/1561
f 1544/649/1551 1559/659/1560 1560/661/1562
f 1537/651/1553 1552/660/1561 1553/662/1563
f 1545/652/1554 1560/661/1562 1561/663/1564
f 1538/653/1555 1553/662/1563 1554/664/1565
f 1546/638/1541 1561/663/1564 1562/665/1566
f 1539/639/1542 1554/664/1565 1555/666/1567
f 1548/642/1545 1547/640/1543 1562/665/1566
f 1540/641/1544 1555/666/1567 1556/668/1569
f 1549/644/1547 1548/642/1545 1563/667/1568
f 1542/645/1548 1541/643/1546 1556/668/1569
f 1553/662/1563 1568/683/1583 1569/669/1570
f 1561/663/1564 1576/684/1584 1577/670/1571
f 1555/666/1567 1554/664/1565 1569/669/1570
f 1563/667/1568 1562/665/1566 1577/670/1571
f 1555/666/1567 1570/671/1572 1571/673/1574
f 1564/654/1556 1563/667/1568 1578/672/1573
f 1557/656/1558 1556/668/1569 1571/673/1574
f 1564/654/1556 1579/674/1575 1580/676/1577
f 1558/657/1559 1557/656/1558 1572/675/1576
f 1558/657/1559 1573/677/1578 1574/679/1579
f 1551/680/1580 1566/1081/1942 1567/681/1581
f 1560/661/1562 1559/659/1560 1574/679/1579
f 1552/660/1561 1567/681/1581 1568/683/1583
f 1560/661/1562 1575/682/1582 1576/684/1584
f 1573/677/1578 1572/675/1576 1587/685/1585
f 1573/677/1578 1588/686/1586 1589/689/1588
f 1567/681/1581 1566/1081/1942 1581/690/1589
f 1575/682/1582 1574/679/1579 1589/689/1588
f 1567/681/1581 1582/691/1590 1583/693/1592
f 1575/682/1582 1590/692/1591 1591/694/1593
f 1568/683/1583 1583/693/1592 1584/695/1594
f 1576/684/1584 1591/694/1593 1592/696/1595
f 1570/671/1572 1569/669/1570 1584/695/1594
f 1578/672/1573 1577/670/1571 1592/696/1595
f 1570/671/1572 1585/697/1596 1586/699/1598
f 1578/672/1573 1593/698/1597 1594/700/1599
f 1572/675/1576 1571/673/1574 1586/699/1598
f 1579/674/1575 1594/700/1599 1595/688/1587
f 1591/694/1593 1606/716/1614 1607/701/1600
f 1585/697/1596 1584/695/1594 1599/702/1601
f 1593/698/1597 1592/696/1595 1607/701/1600
f 1585/697/1596 1600/703/1602 1601/705/1604
f 1593/698/1597 1608/704/1603 1609/706/1605
f 1587/685/1585 1586/699/1598 1601/705/1604
f 1594/700/1599 1609/706/1605 1610/708/1607
f 1588/686/1586 1587/685/1585 1602/707/1606
f 1588/686/1586 1603/709/1608 1604/711/1609
f 1582/691/1590 1581/690/1589 1596/712/1610
f 1590/692/1591 1589/689/1588 1604/711/1609
f 1583/693/1592 1582/691/1590 1597/713/1611
f 1590/692/1591 1605/714/1612 1606/716/1614
f 1583/693/1592 1598/715/1613 1599/702/1601
f 1603/709/1608 1618/731/1628 1619/719/1616
f 1596/712/1610 1611/1082/1943 1612/720/1617
f 1605/714/1612 1604/711/1609 1619/719/1616
f 1598/715/1613 1597/713/1611 1612/720/1617
f 1605/714/1612 1620/721/1618 1621/723/1620
f 1598/715/1613 1613/722/1619 1614/724/1621
f 1606/716/1614 1621/723/1620 1622/725/1622
f 1599/702/1601 1614/724/1621 1615/726/1623
f 1608/704/1603 1607/701/1600 1622/725/1622
f 1600/703/1602 1615/726/1623 1616/728/1625
f 1609/706/1605 1608/704/1603 1623/727/1624
f 1602/707/1606 1601/705/1604 1616/728/1625
f 1609/706/1605 1624/729/1626 1625/718/1615
f 1603/709/1608 1602/707/1606 1617/730/1627
f 1623/727/1624 1622/725/1622 1637/732/1629
f 1615/726/1623 1630/747/1643 1631/734/1631
f 1623/727/1624 1638/733/1630 1639/735/1632
f 1617/730/1627 1616/728/1625 1631/734/1631
f 1625/718/1615 1624/729/1626 1639/735/1632
f 1618/731/1628 1617/730/1627 1632/736/1633
f 1618/731/1628 1633/738/1635 1634/740/1636
f 1612/720/1617 1611/1082/1943 1626/741/1637
f 1620/721/1618 1619/719/1616 1634/740/1636
f 1612/720/1617 1627/742/1638 1628/744/1640
f 1620/721/1618 1635/743/1639 1636/745/1641
f 1613/722/1619 1628/744/1640 1629/746/1642
f 1621/723/1620 1636/745/1641 1637/732/1629
f 1614/724/1621 1629/746/1642 1630/747/1643
f 1626/741/1637 1641/1083/1944 1642/748/1644
f 1634/740/1636 1649/762/1657 1650/749/1645
f 1627/742/1638 1642/748/1644 1643/750/1646
f 1635/743/1639 1650/749/1645 1651/751/1647
f 1628/744/1640 1643/750/1646 1644/752/1648
f 1637/732/1629 1636/745/1641 1651/751/1647
f 1630/747/1643 1629/746/1642 1644/752/1648
f 1637/732/1629 1652/753/1649 1653/755/1651
f 1630/747/1643 1645/754/1650 1646/756/1652
f 1638/733/1630 1653/755/1651 1654/757/1653
f 1631/734/1631 1646/756/1652 1647/758/1654
f 1639/735/1632 1654/757/1653 1655/759/1655
f 1633/738/1635 1632/736/1633 1647/758/1654
f 1633/738/1635 1648/760/1656 1649/762/1657
f 1645/754/1650 1660/778/1672 1661/763/1658
f 1654/757/1653 1653/755/1651 1668/764/1659
f 1647/758/1654 1646/756/1652 1661/763/1658
f 1654/757/1653 1669/765/1660 1670/767/1662
f 1648/760/1656 1647/758/1654 1662/766/1661
f 1648/760/1656 1663/768/1663 1664/770/1664
f 1642/748/1644 1641/1083/1944 1656/771/1665
f 1649/762/1657 1664/770/1664 1665/773/1667
f 1642/748/1644 1657/772/1666 1658/774/1668
f 1650/749/1645 1665/773/1667 1666/775/1669
f 1643/750/1646 1658/774/1668 1659/776/1670
f 1651/751/1647 1666/775/1669 1667/777/1671
f 1645/754/1650 1644/752/1648 1659/776/1670
f 1653/755/1651 1652/753/1649 1667/777/1671
f 1665/773/1667 1664/770/1664 1679/779/1673
f 1657/772/1666 1672/793/1686 1673/781/1675
f 1665/773/1667 1680/780/1674 1681/782/1676
f 1658/774/1668 1673/781/1675 1674/783/1677
f 1666/775/1669 1681/782/1676 1682/784/1678
f 1660/778/1672 1659/776/1670 1674/783/1677
f 1668/764/1659 1667/777/1671 1682/784/1678
f 1660/778/1672 1675/785/1679 1676/787/1681
f 1668/764/1659 1683/786/1680 1684/788/1682
f 1662/766/1661 1661/763/1658 1676/787/1681
f 1670/767/1662 1669/765/1660 1684/788/1682
f 1663/768/1663 1662/766/1661 1677/789/1683
f 1663/768/1663 1678/791/1685 1679/779/1673
f 1656/771/1665 1671/801/1693 1672/793/1686
f 1683/786/1680 1698/809/1701 1699/794/1687
f 1677/789/1683 1676/787/1681 1691/795/1688
f 1685/790/1684 1684/788/1682 1699/794/1687
f 1678/791/1685 1677/789/1683 1692/796/1689
f 1678/791/1685 1693/798/1691 1694/800/1692
f 1671/801/1693 1686/824/1715 1687/802/1694
f 1680/780/1674 1679/779/1673 1694/800/1692
f 1673/781/1675 1672/793/1686 1687/802/1694
f 1680/780/1674 1695/803/1695 1696/805/1697
f 1673/781/1675 1688/804/1696 1689/806/1698
f 1681/782/1676 1696/805/1697 1697/807/1699
f 1675/785/1679 1674/783/1677 1689/806/1698
f 1683/786/1680 1682/784/1678 1697/807/1699
f 1675/785/1679 1690/808/1700 1691/795/1688
f 1688/804/1696 1687/802/1694 1702/810/1702
f 1695/803/1695 1710/825/1716 1711/812/1704
f 1688/804/1696 1703/811/1703 1704/813/1705
f 1696/805/1697 1711/812/1704 1712/814/1706
f 1690/808/1700 1689/806/1698 1704/813/1705
f 1698/809/1701 1697/807/1699 1712/814/1706
f 1690/808/1700 1705/815/1707 1706/817/1709
f 1698/809/1701 1713/816/1708 1714/818/1710
f 1692/796/1689 1691/795/1688 1706/817/1709
f 1700/797/1690 1699/794/1687 1714/818/1710
f 1693/798/1691 1692/796/1689 1707/819/1711
f 1693/798/1691 1708/821/1713 1709/823/1714
f 1686/824/1715 1701/832/1722 1702/810/1702
f 1695/803/1695 1694/800/1692 1709/823/1714
f 1707/819/1711 1706/817/1709 1721/826/1717
f 1714/818/1710 1729/841/1731 1730/828/1719
f 1708/821/1713 1707/819/1711 1722/827/1718
f 1708/821/1713 1723/829/1720 1724/831/1721
f 1701/832/1722 1716/854/1743 1717/833/1723
f 1710/825/1716 1709/823/1714 1724/831/1721
f 1702/810/1702 1717/833/1723 1718/835/1725
f 1710/825/1716 1725/834/1724 1726/836/1726
f 1703/811/1703 1718/835/1725 1719/837/1727
f 1712/814/1706 1711/812/1704 1726/836/1726
f 1705/815/1707 1704/813/1705 1719/837/1727
f 1713/816/1708 1712/814/1706 1727/838/1728
f 1705/815/1707 1720/839/1729 1721/826/1717
f 1713/816/1708 1728/840/1730 1729/841/1731
f 1725/834/1724 1740/856/1745 1741/842/1732
f 1718/835/1725 1733/857/1746 1734/843/1733
f 1726/836/1726 1741/842/1732 1742/844/1734
f 1720/839/1729 1719/837/1727 1734/843/1733
f 1728/840/1730 1727/838/1728 1742/844/1734
f 1720/839/1729 1735/845/1735 1736/847/1737
f 1728/840/1730 1743/846/1736 1744/848/1738
f 1722/827/1718 1721/826/1717 1736/847/1737
f 1729/841/1731 1744/848/1738 1745/850/1740
f 1723/829/1720 1722/827/1718 1737/849/1739
f 1723/829/1720 1738/851/1741 1739/853/1742
f 1716/854/1743 1731/864/1752 1732/855/1744
f 1725/834/1724 1724/831/1721 1739/853/1742
f 1717/833/1723 1732/855/1744 1733/857/1746
f 1745/850/1740 1744/848/1738 1759/858/1747
f 1738/851/1741 1737/849/1739 1752/860/1749
f 1738/851/1741 1753/861/1750 1754/863/1751
f 1731/864/1752 1746/884/1771 1747/865/1753
f 1740/856/1745 1739/853/1742 1754/863/1751
f 1732/855/1744 1747/865/1753 1748/867/1755
f 1740/856/1745 1755/866/1754 1756/868/1756
f 1733/857/1746 1748/867/1755 1749/869/1757
f 1741/842/1732 1756/868/1756 1757/870/1758
f 1735/845/1735 1734/843/1733 1749/869/1757
f 1743/846/1736 1742/844/1734 1757/870/1758
f 1736/847/1737 1735/845/1735 1750/871/1759
f 1743/846/1736 1758/872/1760 1759/858/1747
f 1737/849/1739 1736/847/1737 1751/873/1761
f 1756/868/1756 1771/888/1775 1772/874/1762
f 1749/869/1757 1764/889/1776 1765/875/1763
f 1758/872/1760 1757/870/1758 1772/874/1762
f 1751/873/1761 1750/871/1759 1765/875/1763
f 1758/872/1760 1773/876/1764 1774/878/1766
f 1752/860/1749 1751/873/1761 1766/877/1765
f 1759/858/1747 1774/878/1766 1775/880/1768
f 1753/861/1750 1752/860/1749 1767/879/1767
f 1753/861/1750 1768/881/1769 1769/883/1770
f 1746/884/1771 1761/1084/1945 1762/885/1772
f 1755/866/1754 1754/863/1751 1769/883/1770
f 1747/865/1753 1762/885/1772 1763/887/1774
f 1755/866/1754 1770/886/1773 1771/888/1775
f 1748/867/1755 1763/887/1774 1764/889/1776
f 1768/881/1769 1783/905/1791 1784/892/1778
f 1762/885/1772 1761/1084/1945 1776/893/1779
f 1770/886/1773 1769/883/1770 1784/892/1778
f 1763/887/1774 1762/885/1772 1777/894/1780
f 1770/886/1773 1785/895/1781 1786/897/1783
f 1763/887/1774 1778/896/1782 1779/898/1784
f 1771/888/1775 1786/897/1783 1787/899/1785
f 1764/889/1776 1779/898/1784 1780/900/1786
f 1773/876/1764 1772/874/1762 1787/899/1785
f 1766/877/1765 1765/875/1763 1780/900/1786
f 1774/878/1766 1773/876/1764 1788/901/1787
f 1767/879/1767 1766/877/1765 1781/902/1788
f 1774/878/1766 1789/903/1789 1790/891/1777
f 1768/881/1769 1767/879/1767 1782/904/1790
f 1779/898/1784 1795/920/1805 1796/906/1792
f 1788/901/1787 1787/899/1785 1803/907/1793
f 1781/902/1788 1780/900/1786 1796/906/1792
f 1788/901/1787 1804/908/1794 1805/910/1796
f 1782/904/1790 1781/902/1788 1797/909/1795
f 1789/903/1789 1805/910/1796 1806/912/1798
f 1783/905/1791 1782/904/1790 1798/911/1797
f 1783/905/1791 1799/913/1799 1800/915/1800
f 1776/893/1779 1792/922/1807 1793/916/1801
f 1785/895/1781 1784/892/1778 1800/915/1800
f 1777/894/1780 1793/916/1801 1794/918/1803
f 1785/895/1781 1801/917/1802 1802/919/1804
f 1778/896/1782 1794/918/1803 1795/920/1805
f 1786/897/1783 1802/919/1804 1803/907/1793
f 1799/913/1799 1814/935/1820 1815/921/1806
f 1792/922/1807 1807/947/1830 1808/923/1808
f 1801/917/1802 1800/915/1800 1815/921/1806
f 1793/916/1801 1808/923/1808 1809/925/1810
f 1801/917/1802 1816/924/1809 1817/926/1811
f 1794/918/1803 1809/925/1810 1810/927/1812
f 1802/919/1804 1817/926/1811 1818/928/1813
f 1795/920/1805 1810/927/1812 1811/929/1814
f 1803/907/1793 1818/928/1813 1819/930/1815
f 1797/909/1795 1796/906/1792 1811/929/1814
f 1804/908/1794 1819/930/1815 1820/932/1817
f 1798/911/1797 1797/909/1795 1812/931/1816
f 1806/912/1798 1805/910/1796 1820/932/1817
f 1799/913/1799 1798/911/1797 1813/933/1818
f 1819/930/1815 1818/928/1813 1833/937/1821
f 1812/931/1816 1811/929/1814 1826/939/1823
f 1820/932/1817 1819/930/1815 1834/938/1822
f 1813/933/1818 1812/931/1816 1827/940/1824
f 1821/934/1819 1820/932/1817 1835/941/1825
f 1814/935/1820 1813/933/1818 1828/942/1826
f 1814/935/1820 1829/944/1828 1830/946/1829
f 1807/947/1830 1822/1085/1836 1823/948/1831
f 1816/924/1809 1815/921/1806 1830/946/1829
f 1808/923/1808 1823/948/1831 1824/950/1833
f 1816/924/1809 1831/949/1832 1832/951/1834
f 1809/925/1810 1824/950/1833 1825/952/1835
f 1817/926/1811 1832/951/1834 1833/937/1821
f 1811/929/1814 1810/927/1812 1825/952/1835
f 1822/953/1836 1837/991/1858 1838/954/1837
f 1831/956/1832 1830/982/1829 1845/957/1838
f 1823/955/1831 1838/954/1837 1839/959/1840
f 1831/956/1832 1846/958/1839 1847/961/1841
f 1824/960/1833 1839/959/1840 1840/963/1842
f 1833/965/1821 1832/962/1834 1847/961/1841
f 1825/964/1835 1840/963/1842 1841/967/1844
f 1834/969/1822 1833/965/1821 1848/966/1843
f 1827/971/1824 1826/968/1823 1841/967/1844
f 1835/973/1825 1834/969/1822 1849/970/1845
f 1828/975/1826 1827/971/1824 1842/972/1846
f 1836/977/1827 1835/973/1825 1850/974/1847
f 1829/979/1828 1828/975/1826 1843/976/1848
f 1829/979/1828 1844/980/1850 1845/957/1838
f 1842/972/1846 1841/967/1844 1856/983/1851
f 1849/970/1845 1864/998/1865 1865/985/1853
f 1843/976/1848 1842/972/1846 1857/984/1852
f 1850/974/1847 1865/985/1853 1866/987/1855
f 1844/980/1850 1843/976/1848 1858/986/1854
f 1844/980/1850 1859/988/1856 1860/990/1857
f 1837/991/1858 1852/1013/1879 1853/992/1859
f 1846/958/1839 1845/957/1838 1860/990/1857
f 1838/954/1837 1853/992/1859 1854/994/1861
f 1846/958/1839 1861/993/1860 1862/995/1862
f 1839/959/1840 1854/994/1861 1855/996/1863
f 1847/961/1841 1862/995/1862 1863/997/1864
f 1840/963/1842 1855/996/1863 1856/983/1851
f 1849/970/1845 1848/966/1843 1863/997/1864
f 1861/993/1860 1860/990/1857 1875/999/1866
f 1853/992/1859 1868/1014/1880 1869/1001/1868
f 1861/993/1860 1876/1000/1867 1877/1002/1869
f 1854/994/1861 1869/1001/1868 1870/1003/1870
f 1862/995/1862 1877/1002/1869 1878/1004/1871
f 1856/983/1851 1855/996/1863 1870/1003/1870
f 1864/998/1865 1863/997/1864 1878/1004/1871
f 1857/984/1852 1856/983/1851 1871/1005/1872
f 1865/985/1853 1864/998/1865 1879/1006/1873
f 1858/986/1854 1857/984/1852 1872/1007/1874
f 1865/985/1853 1880/1008/1875 1881/1010/1877
f 1859/988/1856 1858/986/1854 1873/1009/1876
f 1859/988/1856 1874/1011/1878 1875/999/1866
f 1852/1013/1879 1867/1022/1887 1868/1014/1880
f 1879/1006/1873 1894/1030/1895 1895/1015/1881
f 1873/1009/1876 1872/1007/1874 1887/1016/1882
f 1881/1010/1877 1880/1008/1875 1895/1015/1881
f 1874/1011/1878 1873/1009/1876 1888/1017/1883
f 1874/1011/1878 1889/1019/1885 1890/1021/1886
f 1867/1022/1887 1882/1043/1907 1883/1023/1888
f 1875/999/1866 1890/1021/1886 1891/1024/1889
f 1868/1014/1880 1883/1023/1888 1884/1025/1890
f 1876/1000/1867 1891/1024/1889 1892/1026/1891
f 1869/1001/1868 1884/1025/1890 1885/1027/1892
f 1877/1002/1869 1892/1026/1891 1893/1028/1893
f 1870/1003/1870 1885/1027/1892 1886/1029/1894
f 1879/1006/1873 1878/1004/1871 1893/1028/1893
f 1872/1007/1874 1871/1005/1872 1886/1029/1894
f 1891/1024/1889 1906/1045/1909 1907/1031/1896
f 1884/1025/1890 1899/1046/1910 1900/1032/1897
f 1892/1026/1891 1907/1031/1896 1908/1033/1898
f 1885/1027/1892 1900/1032/1897 1901/1034/1899
f 1894/1030/1895 1893/1028/1893 1908/1033/1898
f 1887/1016/1882 1886/1029/1894 1901/1034/1899
f 1894/1030/1895 1909/1035/1900 1910/1037/1902
f 1888/1017/1883 1887/1016/1882 1902/1036/1901
f 1896/1018/1884 1895/1015/1881 1910/1037/1902
f 1889/1019/1885 1888/1017/1883 1903/1038/1903
f 1889/1019/1885 1904/1040/1905 1905/1042/1906
f 1882/1043/1907 1897/1052/1915 1898/1044/1908
f 1890/1021/1886 1905/1042/1906 1906/1045/1909
f 1884/1025/1890 1883/1023/1888 1898/1044/1908
f 1910/1037/1902 1925/1062/1925 1926/1047/1911
f 1904/1040/1905 1903/1038/1903 1918/1048/1912
f 1904/1040/1905 1919/1049/1913 1920/1051/1914
f 1897/1052/1915 1912/1074/1936 1913/1053/1916
f 1905/1042/1906 1920/1051/1914 1921/1054/1917
f 1898/1044/1908 1913/1053/1916 1914/1055/1918
f 1906/1045/1909 1921/1054/1917 1922/1056/1919
f 1899/1046/1910 1914/1055/1918 1915/1057/1920
f 1907/1031/1896 1922/1056/1919 1923/1058/1921
f 1901/1034/1899 1900/1032/1897 1915/1057/1920
f 1909/1035/1900 1908/1033/1898 1923/1058/1921
f 1902/1036/1901 1901/1034/1899 1916/1059/1922
f 1909/1035/1900 1924/1060/1923 1925/1062/1925
f 1903/1038/1903 1902/1036/1901 1917/1061/1924
f 1914/1055/1918 1929/1077/1939 1930/1063/1926
f 1922/1056/1919 1937/1078/1940 1938/1064/1927
f 1915/1057/1920 1930/1063/1926 1931/1065/1928
f 1924/1060/1923 1923/1058/1921 1938/1064/1927
f 1917/1061/1924 1916/1059/1922 1931/1065/1928
f 1924/1060/1923 1939/1066/1929 1940/1068/1931
f 1918/1048/1912 1917/1061/1924 1932/1067/1930
f 1925/1062/1925 1940/1068/1931 1941/1070/1933
f 1919/1049/1913 1918/1048/1912 1933/1069/1932
f 1919/1049/1913 1934/1071/1934 1935/1073/1935
f 1912/1074/1936 1927/1086/1946 1928/1075/1937
f 1920/1051/1914 1935/1073/1935 1936/1076/1938
f 1913/1053/1916 1928/1075/1937 1929/1077/1939
f 1921/1054/1917 1936/1076/1938 1937/1078/1940
f 1934/1071/1934 1933/1069/1932 1472/589/1495
f 1934/1071/1934 1942/563/1469 1943/568/1474
f 1928/1075/1937 1927/1086/1946 1466/569/1475
f 1935/1073/1935 1943/568/1474 1944/573/1479
f 1929/1077/1939 1928/1075/1937 1467/571/1477
f 1936/1076/1938 1944/573/1479 1473/577/1483
f 1930/1063/1926 1929/1077/1939 1468/575/1481
f 1937/1078/1940 1473/577/1483 1474/580/1486
f 1931/1065/1928 1930/1063/1926 1469/579/1485
f 1938/1064/1927 1474/580/1486 1475/585/1491
f 1932/1067/1930 1931/1065/1928 1470/583/1489
f 1939/1066/1929 1475/585/1491 1945/560/1466
f 1933/1069/1932 1932/1067/1930 1471/587/1493
f 1940/1068/1931 1945/560/1466 1946/562/1468
g RightEye_Sphere.002_Material.001
usemtl Material.001
f 1466/569/1475 1791/1087/1947 1476/597/1502
f 1476/597/1502 1791/1088/1947 1491/620/1524
f 1491/620/1524 1791/1089/1947 1506/628/1531
f 1506/628/1531 1791/1090/1947 1521/1080/1941
f 1521/1080/1941 1791/1091/1947 1536/650/1552
f 1536/650/1552 1791/1092/1947 1551/680/1580
f 1551/680/1580 1791/1093/1947 1566/1081/1942
f 1566/1081/1942 1791/1094/1947 1581/690/1589
f 1581/690/1589 1791/1095/1947 1596/712/1610
f 1596/712/1610 1791/1096/1947 1611/1082/1943
f 1611/1082/1943 1791/1097/1947 1626/741/1637
f 1626/741/1637 1791/1098/1947 1641/1083/1944
f 1641/1083/1944 1791/1099/1947 1656/771/1665
f 1656/771/1665 1791/1100/1947 1671/801/1693
f 1671/801/1693 1791/1101/1947 1686/824/1715
f 1686/824/1715 1791/1102/1947 1701/832/1722
f 1701/832/1722 1791/1103/1947 1716/854/1743
f 1716/854/1743 1791/1104/1947 1731/864/1752
f 1731/864/1752 1791/1105/1947 1746/884/1771
f 1746/884/1771 1791/1106/1947 1761/1084/1945
f 1761/1084/1945 1791/1107/1947 1776/893/1779
f 1776/893/1779 1791/1108/1947 1792/922/1807
f 1792/922/1807 1791/1109/1947 1807/947/1830
f 1807/947/1830 1791/1110/1947 1822/1085/1836
f 1822/953/1836 1791/1111/1947 1837/991/1858
f 1837/991/1858 1791/1112/1947 1852/1013/1879
f 1852/1013/1879 1791/1113/1947 1867/1022/1887
f 1867/1022/1887 1791/1114/1947 1882/1043/1907
f 1882/1043/1907 1791/1115/1947 1897/1052/1915
f 1897/1052/1915 1791/1116/1947 1912/1074/1936
f 1912/1074/1936 1791/1117/1947 1927/1086/1946
f 1927/1086/1946 1791/1118/1947 1466/569/1475
o Torus
v -0.092748 3.092498 -0.550831
v -0.079765 3.119596 -0.531372
v -0.134820 3.106405 -0.503122
v -0.136484 3.080716 -0.502447
v -0.199048 3.065823 -0.518753
v -0.001021 3.071312 -0.537234
v -0.218553 3.110505 -0.532883
v -0.201902 3.076383 -0.538724
v -0.318533 3.090410 -0.515903
v -0.416797 3.100296 -0.450872
v -0.303803 3.098380 -0.470731
v -0.301629 3.072960 -0.470367
v -0.387130 3.051324 -0.460778
v -0.404279 3.062871 -0.476883
v -0.480685 3.079145 -0.434225
v -0.454574 3.085570 -0.404378
v -0.453245 3.067816 -0.394640
v -0.457285 3.045084 -0.405932
v -0.547695 3.038808 -0.382178
v -0.597183 3.065956 -0.309539
v -0.577602 3.056771 -0.297143
v -0.578902 3.035602 -0.287369
v -0.613120 3.011008 -0.264846
v -0.675716 3.024575 -0.248473
v -0.611082 3.052251 -0.324620
v -0.604576 3.015549 -0.312893
v -0.717789 3.021381 -0.151376
v -0.690850 3.027875 -0.153695
v -0.676015 3.014322 -0.151956
v -0.674538 2.994928 -0.152521
v -0.700365 2.990902 -0.192353
v -0.756062 2.984808 -0.088701
v -0.696654 2.979038 -0.164342
v -0.772066 2.978214 0.044639
v -0.724826 2.989660 -0.029279
v -0.716928 2.966825 -0.040231
v -0.770801 2.922999 0.065391
v -0.758264 2.958890 -0.054230
v -0.793627 2.936730 0.101130
v -0.746297 2.961611 0.088436
v -0.739673 2.936831 0.084563
v -0.752498 2.922660 0.078858
v -0.762796 2.929420 0.246529
v -0.763255 2.881621 0.234347
v -0.786174 2.921239 0.123653
v -0.769133 2.906173 0.292431
v -0.741137 2.923717 0.257577
v -0.728705 2.909940 0.250264
v -0.734802 2.885013 0.247671
v -0.780248 2.899721 0.211464
v -0.719863 2.895771 0.384453
v -0.751918 2.868704 0.339727
v -0.687399 2.886203 0.396062
v -0.670598 2.866574 0.409226
v -0.680170 2.844645 0.407029
v -0.702265 2.837833 0.411387
v -0.693376 2.863092 0.465977
v -0.620448 2.854294 0.553436
v -0.633565 2.814413 0.542222
v -0.585705 2.828364 0.607163
v -0.588420 2.849651 0.548915
v -0.576932 2.831939 0.543567
v -0.527868 2.797832 0.599200
v -0.506936 2.781249 0.642543
v -0.551270 2.797253 0.629753
v -0.457963 2.821728 0.688078
v -0.459707 2.822629 0.659676
v -0.400815 2.797170 0.734648
v -0.379907 2.801504 0.692125
v -0.459110 2.793632 0.644358
v -0.400792 2.772972 0.728613
v -0.303862 2.768028 0.724082
v -0.389378 2.763875 0.715250
v -0.293104 2.790270 0.775582
v -0.108075 2.795074 0.794393
v -0.220622 2.796092 0.749654
v -0.191931 2.755555 0.791593
v -0.136629 2.780550 0.752817
v -0.140070 2.751183 0.765692
v -0.048084 2.780497 0.802792
v -0.050316 2.797830 0.772134
v -0.048652 2.766939 0.754117
v 0.000846 2.755030 0.791086
v 0.030504 2.790017 0.746653
v 0.046146 2.767116 0.739775
v 0.131208 2.792974 0.766037
v 0.120312 2.807364 0.744324
v 0.107151 2.754730 0.750801
v 0.192331 2.801543 0.692489
v 0.196447 2.776152 0.691830
v 0.220664 2.773911 0.724583
v 0.293964 2.811428 0.687632
v 0.276397 2.825880 0.670607
v 0.275821 2.773593 0.674049
v 0.364302 2.838947 0.585847
v 0.333350 2.811195 0.597845
v 0.342062 2.793814 0.603813
v 0.431877 2.811475 0.570562
v 0.423507 2.835240 0.579354
v 0.424449 2.852994 0.559062
v 0.410137 2.800803 0.562796
v 0.420678 2.845974 0.508067
v 0.440007 2.825363 0.489333
v 0.526585 2.871188 0.432617
v 0.523563 2.890188 0.407819
v 0.487570 2.879990 0.424865
v 0.487224 2.858624 0.403264
v 0.522086 2.897604 0.333508
v 0.541178 2.851604 0.390764
v 0.587137 2.914945 0.258900
v 0.576619 2.930205 0.243799
v 0.548979 2.883513 0.249216
v 0.551996 2.861735 0.309116
v 0.557275 2.936764 0.189557
v 0.551092 2.923544 0.168856
v 0.593151 2.902225 0.175018
v 0.604269 2.927191 0.132998
v 0.593785 2.958714 0.106329
v 0.559792 2.923995 0.087793
v 0.582689 2.930284 0.035942
v 0.591354 2.967204 -0.007177
v 0.547382 3.009442 -0.078727
v 0.546848 2.948209 0.043462
v 0.561779 3.002026 -0.093565
v 0.519136 3.005472 -0.090427
v 0.543133 2.977687 0.002666
v 0.523689 2.968440 -0.074895
v 0.510732 3.031135 -0.189060
v 0.485264 2.987741 -0.173060
v 0.465405 3.003410 -0.261063
v 0.551858 2.972377 -0.113123
v 0.511513 3.008690 -0.208776
v 0.440742 3.052760 -0.255833
v 0.444474 3.025599 -0.221718
v 0.437693 3.054152 -0.303568
v 0.398101 3.018610 -0.296385
v 0.365195 3.051843 -0.385098
v 0.294142 3.077144 -0.382372
v 0.330517 3.050699 -0.346454
v 0.351177 3.027799 -0.370969
v 0.298700 3.081830 -0.426430
v 0.274991 3.093238 -0.421603
v 0.216728 3.074662 -0.481251
v 0.192785 3.077904 -0.435807
v 0.195578 3.055344 -0.447799
v 0.198298 3.055103 -0.474737
v 0.152851 3.105099 -0.494158
v 0.080300 3.110751 -0.493472
v 0.089355 3.086150 -0.527175
v 0.028455 3.104806 -0.537336
v 0.033455 3.090964 -0.488461
v 0.012942 3.069792 -0.505051
v -0.511914 3.130388 -0.333612
v -0.480478 3.204230 -0.248432
v -0.432512 3.253444 -0.200411
v -0.548524 3.207249 -0.102878
v -0.443168 3.282013 -0.079468
v -0.518701 3.248452 0.074040
v -0.437837 3.269999 0.231427
v -0.547019 3.200370 0.223346
v -0.430099 3.227922 0.351783
v -0.539572 3.150070 0.357334
v -0.404687 3.168463 0.469797
v -0.334062 3.222349 -0.349764
v -0.428307 3.302000 0.074996
v -0.316202 3.309654 -0.176967
v -0.322485 3.335801 -0.051331
v -0.329545 3.339302 0.076367
v -0.319489 3.325350 0.204302
v -0.324004 3.273548 0.355864
v -0.191749 3.250181 -0.364147
v -0.257732 3.284108 -0.285182
v -0.199530 3.332874 -0.187892
v -0.200419 3.362208 -0.056447
v -0.208129 3.365946 0.113265
v -0.199646 3.332844 0.277209
v -0.128102 3.298321 0.385703
v -0.191305 3.250273 0.453365
v -0.094218 3.281050 -0.331314
v -0.094218 3.344564 -0.179767
v -0.094218 3.376368 -0.013918
v -0.094218 3.344516 0.269240
v -0.094162 3.223674 0.503274
v 0.003314 3.250180 -0.364147
v 0.010147 3.323119 -0.220376
v 0.011985 3.362208 -0.056448
v 0.021391 3.366734 0.077505
v -0.054660 3.368130 0.163320
v 0.010267 3.323082 0.309716
v 0.002868 3.250273 0.453366
v 0.141231 3.255014 -0.297495
v 0.112976 3.196481 -0.400638
v 0.127763 3.309651 -0.176982
v 0.134061 3.335796 -0.051341
v 0.141108 3.339302 0.076367
v 0.131053 3.325351 0.204299
v 0.039651 3.201569 0.510821
v 0.135569 3.273553 0.355853
v 0.167555 3.182184 0.480220
v 0.220173 3.166317 -0.377348
v 0.244080 3.253440 -0.200416
v 0.254731 3.282013 -0.079466
v 0.239871 3.301999 0.074996
v 0.249395 3.270002 0.231429
v 0.292039 3.204234 -0.248427
v 0.315442 3.256753 0.074793
v 0.243232 3.175821 0.438083
v 0.364131 3.212378 -0.071613
v 0.364969 3.204676 0.186376
v 0.318142 3.202193 0.306230
v -0.563456 3.145444 -0.233317
v -0.608424 3.166387 -0.039987
v -0.595657 3.184813 0.068078
v -0.227745 3.201830 0.510590
v 0.344207 3.152020 -0.275304
v -0.048341 3.181133 -0.462053
v -0.194485 3.169957 -0.463234
v -0.308773 3.153617 -0.446503
v -0.408503 3.166348 -0.377384
v 0.383143 3.051675 -0.360288
v 0.409273 3.057697 -0.313553
v 0.437730 3.051752 -0.281038
v 0.437466 3.106212 -0.180912
v 0.460188 3.120501 -0.053550
v 0.418061 3.173828 0.096698
v 0.496388 3.082725 0.096736
v 0.438898 3.107587 0.263455
v 0.383003 3.094621 0.397234
v 0.465075 3.015882 -0.272821
v 0.504644 3.027652 -0.156640
v 0.527423 3.012374 -0.108620
v 0.559291 2.979651 -0.025035
v 0.523115 3.010073 0.219458
v 0.489323 2.999599 0.336899
v 0.432988 2.986945 0.450146
v 0.549939 2.975755 -0.092739
v 0.563912 2.975404 0.043172
v 0.573104 2.958656 0.106572
v 0.589269 2.915222 0.115987
v 0.572539 2.910566 0.231573
v 0.547053 2.905391 0.322039
v 0.529926 2.889556 0.389459
v 0.508388 2.877653 0.439524
v 0.473711 2.839334 0.514442
v 0.509313 2.849922 0.456295
v 0.430309 2.834332 0.568860
v 0.342824 3.057994 -0.387247
v 0.329298 3.042731 0.515649
v 0.239362 3.063948 0.561076
v 0.125021 3.107196 0.577928
v 0.007181 3.121245 0.597543
v -0.142700 3.132786 0.596839
v -0.306293 3.113075 0.575280
v -0.394745 3.091217 0.555779
v -0.487537 2.978871 0.588307
v -0.532401 3.062257 0.482234
v 0.138621 3.000011 0.651431
v 0.011777 3.009487 0.676150
v -0.094154 2.967185 0.710493
v -0.233127 3.008660 0.672246
v -0.388495 2.993619 0.631405
v 0.273569 2.925310 0.635164
v -0.568411 2.922761 0.560308
v 0.377393 2.834269 0.612938
v 0.156498 2.875313 0.710742
v 0.017922 2.883092 0.738907
v -0.205947 2.883543 0.738773
v -0.344742 2.875713 0.710650
v -0.458603 2.793657 0.700098
v 0.328019 2.817502 0.650874
v 0.266723 2.792784 0.699575
v -0.517003 2.820534 0.651131
v -0.565003 2.833797 0.612220
v 0.324167 2.801641 0.665481
v 0.200643 2.774878 0.732843
v 0.099532 2.777951 0.762462
v -0.049960 2.782022 0.782272
v -0.192620 2.780023 0.778252
v -0.318173 2.777074 0.754535
v -0.389873 2.777914 0.731159
v -0.509897 2.805929 0.664239
v -0.616473 2.833068 0.566899
v -0.635694 3.003276 0.415969
v -0.627501 3.107196 0.263884
v -0.666810 3.098492 0.148320
v -0.687322 3.079075 0.000605
v -0.640022 3.099837 -0.159879
v -0.620090 3.056014 -0.283747
v -0.597710 3.057698 -0.313553
v -0.570437 3.050571 -0.359224
v -0.701613 3.003357 0.270134
v -0.707493 3.014566 -0.114266
v -0.693133 3.024727 -0.157128
v -0.655427 3.020980 -0.264515
v -0.755557 2.943317 0.164899
v -0.755686 2.979037 0.038241
v -0.746274 2.978748 -0.024460
v -0.738375 2.975754 -0.092739
v -0.690262 2.877505 0.437543
v -0.661321 2.844596 0.512871
v -0.714373 2.895763 0.381122
v -0.740112 2.906517 0.312529
v -0.769280 2.912841 0.186532
v -0.777706 2.915223 0.115987
v -0.693005 2.857476 0.457584
v -0.536435 3.061893 -0.388580
v -0.497139 3.064997 -0.421616
v -0.451594 3.072266 -0.449019
v -0.400578 3.081414 -0.471894
v -0.345479 3.076035 -0.500327
v -0.262236 3.087326 -0.520289
v -0.119101 3.098359 -0.535236
v -0.029057 3.095266 -0.532579
v 0.073717 3.087345 -0.520316
v 0.157928 3.077555 -0.502115
v 0.278125 3.099795 -0.412976
v 0.206538 3.077072 -0.470182
v 0.257690 3.068045 -0.447407
v 0.303361 3.060918 -0.420134
v -0.713843 2.807008 0.687040
v -0.710858 2.794878 0.684345
v -0.707111 2.795765 0.767473
v -0.557084 2.700004 1.028354
v -0.373958 2.688920 1.150604
v -0.078436 2.673820 1.205549
v 0.032683 2.654519 1.190651
v 0.256504 2.698353 1.116320
v 0.465848 2.755030 0.913451
v -0.526083 2.714781 1.062398
v 0.417009 2.713690 0.975225
v -0.431664 2.674118 1.115575
v -0.648161 2.731396 0.916810
v -0.651464 2.756921 0.912001
v 0.163197 2.664377 1.153951
v -0.215706 2.652590 1.192791
v 0.309371 2.685688 1.075229
v 0.488042 2.745994 0.859081
v -0.705577 2.776097 0.751438
v 0.098887 2.682110 1.179206
v 0.510069 2.788667 0.799183
v -0.689322 2.757270 0.826087
v -0.220495 2.676423 1.195438
v 0.377309 2.723475 1.026268
v 0.518556 2.775805 0.781323
v -0.161369 3.355432 0.207255
v -0.150983 3.347258 0.188191
v -0.145512 3.362835 0.169492
v -0.135049 3.373073 0.192025
v -0.128671 3.334661 0.202402
v -0.117183 3.370477 0.154409
v -0.120807 3.350342 0.161740
v -0.101402 3.362270 0.147397
v -0.102998 3.378275 0.170912
v -0.073229 3.350291 0.159358
v -0.070748 3.369220 0.151496
v -0.092868 3.333363 0.194150
v -0.040143 3.349959 0.179362
v -0.055346 3.373487 0.189674
v -0.035741 3.363048 0.181729
v -0.033059 3.361196 0.216606
v -0.029224 3.346580 0.224000
v -0.042576 3.338447 0.249800
v -0.053222 3.333599 0.212732
v -0.043431 3.350205 0.252932
v -0.087466 3.376496 0.207332
v -0.061012 3.364491 0.241850
v -0.068013 3.339243 0.273147
v -0.089469 3.325778 0.248980
v -0.095679 3.336858 0.277617
v -0.124808 3.346169 0.269772
v -0.089065 3.356703 0.265686
v -0.117683 3.331479 0.266089
v -0.149360 3.343700 0.250036
v -0.122598 3.365698 0.241743
v -0.154529 3.359453 0.225590
v -0.145344 3.335701 0.232138
vt 0.738583 0.526774
vt 0.636068 0.519982
vt 0.689546 0.363645
vt 0.668982 0.734037
vt 0.413399 0.902743
vt 0.526572 0.749491
vt 0.582486 0.330185
vt 0.303219 0.102417
vt 0.721446 0.178760
vt 0.517257 0.450401
vt 0.441090 0.320730
vt 0.442572 0.538439
vt 0.331339 0.389094
vt 0.347836 0.745259
vt 0.234603 0.213712
vt 0.331446 0.546707
vt 0.245052 0.619814
vt 0.219779 0.466621
vt 0.142864 0.581967
vt 0.145366 0.429219
vt 0.039787 0.215435
vt 0.064324 0.494393
vt 0.027213 0.715808
vt 0.000000 0.875000
vt 0.145694 0.774080
vt 0.006879 0.479354
vt 0.990052 0.479354
vt 0.935619 0.383168
vt 0.979903 0.229745
vt 0.922493 0.570376
vt 0.848292 0.485291
vt 0.816158 0.324400
vt 0.860921 0.792566
vt 0.782562 0.632302
vt 0.555762 0.580581
vt 0.986431 0.690064
vt 0.629244 0.099349
vt 0.528802 0.582589
vt 0.496877 0.671143
vt 0.500000 0.458129
vt 0.511553 0.043374
vt 0.525401 0.213650
vt 0.473827 0.132772
vt 0.525282 0.375454
vt 0.478440 0.347816
vt 0.552279 0.496452
vt 0.552011 0.041813
vt 0.572255 0.239342
vt 0.573785 0.393548
vt 0.593837 0.545911
vt 0.578609 0.692758
vt 0.592189 0.833333
vt 0.551759 0.885250
vt 0.593905 0.955762
vt 0.552011 1.000000
vt 0.593596 0.127354
vt 0.632093 0.848878
vt 0.635825 0.017719
vt 0.593905 0.000000
vt 0.645900 0.139507
vt 0.635634 0.304421
vt 0.614169 0.378643
vt 0.633222 0.553081
vt 0.656603 0.494696
vt 0.634291 0.689939
vt 0.676504 0.780925
vt 0.677003 0.040009
vt 0.672169 0.365688
vt 0.697791 0.497032
vt 0.728978 0.633314
vt 0.680519 0.631363
vt 0.708333 0.879522
vt 0.676513 0.916667
vt 0.708333 0.045252
vt 0.677922 0.222629
vt 0.708333 0.374354
vt 0.739160 0.866661
vt 0.739425 0.166667
vt 0.736488 0.319973
vt 0.743449 0.505032
vt 0.777485 0.680759
vt 0.777295 0.323088
vt 0.780852 0.960238
vt 0.740155 1.000000
vt 0.781566 0.129173
vt 0.740155 0.039513
vt 0.788693 0.583333
vt 0.812073 0.670084
vt 0.781408 0.833333
vt 0.818511 0.869890
vt 0.824256 0.018166
vt 0.780852 0.000000
vt 0.823917 0.148844
vt 0.822537 0.317451
vt 0.801838 0.416667
vt 0.885281 0.416667
vt 0.865843 0.431236
vt 0.857250 0.360437
vt 0.927061 0.416667
vt 0.907869 0.416667
vt 0.858944 0.684054
vt 0.863492 0.842063
vt 0.824256 0.976477
vt 0.866175 0.015623
vt 0.884616 0.149484
vt 0.895736 0.328336
vt 0.905564 0.848169
vt 0.866175 0.978741
vt 0.904278 0.075825
vt 0.927067 0.583333
vt 0.909996 0.681784
vt 0.874900 0.583333
vt 0.926929 0.955762
vt 0.895833 1.000000
vt 0.953687 0.643124
vt 0.926929 0.000000
vt 0.947917 0.129994
vt 0.968446 0.894993
vt 0.958333 0.000000
vt 0.977522 0.389173
vt 0.928537 0.328617
vt 0.989603 0.018405
vt 0.988379 0.210889
vt 1.000000 0.583333
vt 0.990666 0.693003
vt 1.000000 0.083333
vt 0.020833 0.000000
vt 0.010987 0.083333
vt 0.000000 0.000000
vt 0.034818 0.125563
vt 0.000000 0.210889
vt 0.047547 0.309331
vt 0.021821 0.375219
vt 0.824169 0.432120
vt 0.010419 0.583333
vt 0.052792 0.611509
vt 0.010417 0.713981
vt 0.052083 0.790078
vt 0.010417 0.833333
vt 0.030268 0.942083
vt 0.073263 0.957373
vt 0.041667 1.000000
vt 0.092715 0.783918
vt 0.073522 0.132632
vt 0.092103 0.289763
vt 0.074786 0.416667
vt 0.114511 0.041813
vt 0.073263 0.000000
vt 0.135509 0.416667
vt 0.154595 0.416667
vt 0.112979 0.416667
vt 0.136494 0.686863
vt 0.093817 0.601182
vt 0.114583 0.166667
vt 0.134272 0.297944
vt 0.123163 0.883824
vt 0.145833 0.963119
vt 0.114511 1.000000
vt 0.151871 0.131634
vt 0.173595 0.861240
vt 0.177395 0.039212
vt 0.145833 0.000000
vt 0.184778 0.368695
vt 0.774698 0.525285
vt 0.820939 0.583333
vt 0.968419 0.416667
vt 0.198404 0.888813
vt 0.177395 1.000000
vt 0.203777 0.306516
vt 0.181687 0.695202
vt 0.217880 0.148174
vt 0.208333 0.000000
vt 0.239246 0.021521
vt 0.237286 0.353479
vt 0.256066 0.631863
vt 0.223249 0.677831
vt 0.219321 0.583333
vt 0.258456 0.141506
vt 0.270206 0.301949
vt 0.281165 0.499835
vt 0.250000 0.473997
vt 0.282144 0.913329
vt 0.239246 0.979742
vt 0.235031 0.860625
vt 0.270833 0.033358
vt 0.304508 0.576966
vt 0.302083 0.750000
vt 0.306716 0.871650
vt 0.300735 0.087009
vt 0.329320 0.621099
vt 0.347210 0.353500
vt 0.307043 0.372336
vt 0.352290 0.799173
vt 0.344148 0.960238
vt 0.312500 1.000000
vt 0.333333 0.458135
vt 0.361224 0.584337
vt 0.364283 0.119955
vt 0.386712 0.271086
vt 0.385563 0.458129
vt 0.404397 0.583333
vt 0.407431 0.686975
vt 0.427402 0.956348
vt 0.386664 0.980083
vt 0.399334 0.857503
vt 0.427406 0.119179
vt 0.386664 0.020649
vt 0.426695 0.455816
vt 0.441958 0.618999
vt 0.457284 0.764996
vt 0.471610 0.553730
vt 0.510100 0.870827
vt 0.468352 0.960238
vt 0.468352 0.000000
vt 0.000000 0.000000
vt 0.000000 0.000000
vt 0.000000 0.000000
vt 0.000000 0.000000
vt 0.000000 0.000000
vt 0.000000 0.000000
vt 0.000000 0.000000
vt 0.000000 0.000000
vt 0.000000 0.000000
vt 0.000000 0.000000
vt 0.000000 0.000000
vt 0.000000 0.000000
vt 0.000000 0.000000
vt 0.000000 0.000000
vt 0.000000 0.000000
vt 0.000000 0.000000
vt 0.000000 0.000000
vt 0.000000 0.000000
vt 0.000000 0.000000
vt 0.000000 0.000000
vt 0.000000 0.000000
vt 0.000000 0.000000
vt 0.000000 0.000000
vt 0.000000 0.000000
vt 0.000000 0.000000
vt 0.000000 0.000000
vt 0.000000 0.000000
vt 0.000000 0.000000
vt 0.000000 0.000000
vt 0.000000 0.000000
vt 0.000000 0.000000
vt 0.000000 0.000000
vt 0.000000 0.000000
vt 0.000000 0.000000
vt 0.000000 0.000000
vt 0.000000 0.000000
vt 0.000000 0.000000
vt 0.000000 0.000000
vt 0.000000 0.000000
vt 0.000000 0.000000
vt 0.000000 0.000000
vt 0.000000 0.000000
vt 0.000000 0.000000
vt 0.000000 0.000000
vt 0.000000 0.000000
vt 0.000000 0.000000
vt 0.000000 0.000000
vt 0.000000 0.000000
vt 0.000000 0.000000
vt 0.000000 0.000000
vt 0.000000 0.000000
vt 0.000000 0.000000
vt 0.000000 0.000000
vt 0.000000 0.000000
vt 0.000000 0.000000
vt 0.000000 0.000000
vt 0.000000 0.000000
vt 0.000000 0.000000
vt 0.000000 0.000000
vt 0.000000 0.000000
vt 0.000000 0.000000
vt 0.000000 0.000000
vt 0.000000 0.000000
vt 0.000000 0.000000
vt 0.000000 0.000000
vt 0.000000 0.000000
vt 0.000000 0.000000
vt 0.000000 0.000000
vt 0.000000 0.000000
vt 0.000000 0.000000
vt 0.000000 0.000000
vt 0.000000 0.000000
vt 0.000000 0.000000
vt 0.000000 0.000000
vt 0.000000 0.000000
vt 0.000000 0.000000
vt 0.000000 0.000000
vt 0.000000 0.000000
vt 0.000000 0.000000
vt 0.000000 0.000000
vt 0.000000 0.000000
vt 0.000000 0.000000
vt 0.000000 0.000000
vt 0.000000 0.000000
vt 0.000000 0.000000
vt 0.000000 0.000000
vt 0.000000 0.000000
vt 0.000000 0.000000
vt 0.000000 0.000000
vt 0.000000 0.000000
vt 0.000000 0.000000
vt 0.000000 0.000000
vt 0.000000 0.000000
vt 0.000000 0.000000
vt 0.000000 0.000000
vt 0.000000 0.000000
vt 0.000000 0.000000
vt 0.000000 0.000000
vt 0.000000 0.000000
vt 0.000000 0.000000
vt 0.000000 0.000000
vt 0.000000 0.000000
vt 0.000000 0.000000
vt 0.000000 0.000000
vt 0.000000 0.000000
vt 0.000000 0.000000
vt 0.000000 0.000000
vt 0.000000 0.000000
vt 0.000000 0.000000
vt 0.000000 0.000000
vt 0.000000 0.000000
vt 0.000000 0.000000
vt 0.000000 0.000000
vt 0.000000 0.000000
vt 0.000000 0.000000
vt 0.000000 0.000000
vt 0.000000 0.000000
vt 0.000000 0.000000
vt 0.000000 0.000000
vt 0.000000 0.000000
vt 0.000000 0.000000
vt 0.000000 0.000000
vt 0.000000 0.000000
vt 0.000000 0.000000
vt 0.000000 0.000000
vt 0.000000 0.000000
vt 0.000000 0.000000
vt 0.000000 0.000000
vt 0.000000 0.000000
vt 0.000000 0.000000
vt 0.000000 0.000000
vt 0.770833 0.416667
vt 0.791667 0.428587
vt 0.926634 0.536184
vt 0.878362 0.578018
vt 0.968446 0.537003
vt 1.000000 0.534908
vt 0.031471 0.461146
vt 0.004379 0.534908
vt 0.000000 0.416667
vt 0.050390 0.583333
vt 0.068374 0.444172
vt 0.094233 0.564758
vt 0.137254 0.570924
vt 0.194934 0.416667
vt 0.178872 0.570639
vt 0.511553 1.000000
vt 0.635825 0.975748
vt 0.708333 1.000000
vt 0.677003 1.000000
vt 0.750000 0.416667
vt 0.770833 0.416667
vt 0.215909 0.583333
vt 0.175806 0.583333
vt 0.833333 0.583333
vt 0.221192 0.489797
vt 0.133748 0.583333
vt 1.000000 0.833333
vt 0.989603 0.979025
vt 1.000000 0.333333
vt 0.000000 0.958129
vt 0.750000 0.416667
vt 0.270833 1.000000
vt 0.291667 0.000000
vt 0.344148 0.000000
vt 0.327036 0.133713
vt 0.428382 0.297571
vt 0.427402 0.000000
vt 0.458333 0.454748
vt 0.000000 0.000000
vt 0.000000 0.000000
vt 0.000000 0.000000
vt 0.000000 0.000000
vt 0.000000 0.000000
vt 0.000000 0.000000
vt 0.000000 0.000000
vt 0.000000 0.000000
vt 0.000000 0.000000
vt 0.000000 0.000000
vt 0.000000 0.000000
vt 0.000000 0.000000
vt 0.000000 0.000000
vt 0.000000 0.000000
vt 0.000000 0.000000
vt 0.000000 0.000000
vt 0.000000 0.000000
vt 0.000000 0.000000
vt 0.000000 0.000000
vt 0.000000 0.000000
vt 0.000000 0.000000
vt 0.000000 0.000000
vt 0.000000 0.000000
vt 0.000000 0.000000
vt 0.000000 0.000000
vt 0.000000 0.000000
vt 0.000000 0.000000
vt 0.000000 0.000000
vt 0.000000 0.000000
vt 0.000000 0.000000
vt 0.000000 0.000000
vt 0.000000 0.000000
vt 0.000000 0.000000
vt 0.000000 0.000000
vt 0.000000 0.000000
vt 0.000000 0.000000
vt 0.000000 0.000000
vt 0.000000 0.000000
vt 0.000000 0.000000
vt 0.000000 0.416667
vt 0.000000 0.000000
vt 0.000000 0.000000
vn -0.8942 -0.1788 -0.4105
vn -0.1006 0.9907 0.0913
vn -0.5901 0.8023 -0.0905
vn -0.4977 -0.5892 -0.6365
vn -0.1202 -0.9182 -0.3774
vn -0.0341 -0.7452 -0.6659
vn 0.4735 -0.3900 -0.7897
vn 0.0972 0.9952 0.0071
vn 0.1703 -0.9205 -0.3517
vn 0.3739 0.8930 -0.2506
vn 0.9727 0.2234 -0.0629
vn 0.9309 -0.2683 -0.2480
vn 0.5355 -0.8222 -0.1932
vn 0.2234 0.9433 0.2456
vn 0.8936 -0.0537 0.4456
vn 0.2596 -0.9643 0.0516
vn 0.6664 -0.1463 0.7311
vn 0.2891 0.6492 0.7036
vn 0.0180 0.9486 0.3161
vn 0.0980 0.4886 0.8670
vn 0.0348 -0.9295 0.3672
vn -0.5352 -0.4403 0.7209
vn -0.4635 -0.8431 0.2728
vn -0.1587 -0.9858 -0.0545
vn -0.4624 0.7442 0.4820
vn -0.4203 0.7197 0.5526
vn -0.9344 0.1749 0.3103
vn -0.7137 -0.6945 -0.0911
vn -0.2836 0.9380 -0.1994
vn -0.1270 0.9761 0.1766
vn -0.5482 0.8361 0.0212
vn -0.2515 -0.8857 -0.3902
vn -0.4467 -0.0992 -0.8892
vn -0.4275 -0.3209 -0.8452
vn -0.0234 -0.8937 -0.4480
vn -0.0022 0.9049 -0.4257
vn -0.0330 0.6118 -0.7903
vn 0.2097 -0.3984 -0.8929
vn 0.1666 0.9702 -0.1756
vn 0.6436 -0.0788 -0.7613
vn 0.2102 -0.9079 -0.3627
vn 0.4732 0.8809 0.0104
vn 0.2447 0.9586 0.1459
vn 0.8402 0.4036 0.3620
vn 0.4846 -0.8744 -0.0248
vn 0.4328 0.8212 0.3720
vn 0.0720 -0.9874 -0.1411
vn 0.2700 0.7753 0.5710
vn 0.2442 -0.9230 0.2975
vn 0.1407 -0.9127 0.3837
vn 0.0179 0.9440 0.3295
vn -0.0590 0.5287 0.8467
vn -0.3527 -0.3849 0.8529
vn -0.1767 0.8141 0.5532
vn -0.1825 -0.9828 0.0265
vn -0.0664 -0.9889 -0.1327
vn -0.8169 -0.5722 0.0724
vn -0.3899 -0.9016 -0.1871
vn -0.2893 0.9337 0.2110
vn -0.3687 0.8988 -0.2372
vn -0.1516 0.7160 -0.6814
vn -0.0049 0.9555 -0.2948
vn -0.0071 0.0220 -0.9997
vn 0.0251 -0.3867 0.9218
vn 0.0297 -0.9982 -0.0525
vn -0.0835 -0.8975 0.4331
vn -0.1160 -0.4750 -0.8723
vn 0.0764 -0.7205 -0.6892
vn -0.3256 0.2260 -0.9181
vn 0.3161 -0.4122 0.8545
vn 0.0648 -0.9865 -0.1507
vn -0.3572 -0.4377 -0.8251
vn -0.5568 0.4422 -0.7031
vn -0.1965 0.9613 -0.1932
vn 0.2731 0.7449 0.6087
vn 0.2387 0.4016 0.8841
vn 0.5507 0.0141 0.8346
vn 0.5004 -0.6227 0.6015
vn 0.4345 0.6712 0.6006
vn 0.7259 -0.0554 0.6856
vn 0.5005 -0.8541 0.1417
vn -0.2979 -0.8410 -0.4517
vn -0.4934 -0.4886 -0.7196
vn -0.7321 0.3554 -0.5812
vn -0.8200 0.1583 -0.5500
vn -0.2183 0.9753 0.0349
vn 0.1724 0.9370 0.3038
vn 0.8253 -0.4647 0.3207
vn -0.6233 -0.6161 -0.4816
vn -0.9475 0.1032 -0.3027
vn -0.5029 0.8559 0.1202
vn -0.6525 0.7455 -0.1357
vn 0.7067 0.6071 0.3633
vn 0.7633 0.4115 0.4980
vn 0.9602 -0.1742 0.2184
vn 0.1177 -0.9793 -0.1647
vn -0.6689 -0.6679 -0.3264
vn 0.6695 0.7157 0.1989
vn 0.4629 -0.8670 -0.1845
vn -0.3672 -0.8931 -0.2598
vn -0.9985 0.0012 -0.0545
vn -0.3652 0.8991 0.2412
vn -0.3004 -0.9403 -0.1603
vn 0.9556 0.2689 -0.1206
vn 0.9728 -0.2312 -0.0166
vn 0.6641 -0.6789 -0.3132
vn -0.8515 0.4539 0.2627
vn -0.3028 0.8825 0.3599
vn 0.4517 0.8845 0.1170
vn 0.5491 0.8351 -0.0343
vn 0.8807 0.0842 -0.4662
vn 0.5516 -0.7227 -0.4164
vn -0.3614 -0.9324 0.0018
vn -0.3119 -0.9411 -0.1305
vn -0.1696 -0.9850 -0.0315
vn -0.6055 -0.7115 0.3565
vn -0.1351 -0.9807 -0.1411
vn -0.1376 -0.9898 0.0376
vn -0.3893 -0.7887 0.4757
vn -0.3414 0.8178 0.4634
vn 0.4464 0.8765 -0.1799
vn 0.7377 0.2263 -0.6361
vn 0.3899 -0.6987 -0.5999
vn -0.1225 -0.9923 -0.0169
vn 0.4185 0.8291 -0.3708
vn 0.5031 -0.3026 -0.8095
vn -0.1080 0.8882 0.4466
vn -0.1686 0.8532 0.4935
vn -0.1646 0.8955 0.4135
vn 0.3781 0.5600 -0.7372
vn -0.0434 0.9314 0.3615
vn 0.2267 -0.4448 -0.8665
vn 0.1899 0.6421 -0.7428
vn -0.0280 -0.9944 -0.1024
vn -0.1002 -0.9948 -0.0169
vn 0.0893 0.0516 -0.9947
vn 0.0321 -0.8985 -0.4379
vn 0.0326 0.8800 0.4739
vn -0.0630 0.7299 0.6806
vn -0.0910 -0.0492 -0.9946
vn -0.1834 0.4725 -0.8620
vn -0.1723 -0.3861 -0.9062
vn 0.1238 -0.9774 0.1712
vn 0.0143 -0.9952 -0.0966
vn -0.6763 -0.6868 0.2662
vn 0.0507 0.9221 0.3835
vn -0.0448 0.9942 0.0982
vn -0.0606 0.9623 -0.2653
vn -0.4331 0.4157 -0.7998
vn -0.0595 0.9802 0.1888
vn -0.3147 -0.5395 -0.7810
vn 0.2646 -0.9543 0.1390
vn 0.1145 -0.9934 -0.0061
vn -0.5977 -0.0958 -0.7960
vn 0.1894 -0.9790 -0.0748
vn 0.6135 -0.7351 0.2886
vn 0.4627 -0.7802 0.4210
vn 0.2207 0.8920 0.3946
vn 0.1043 0.9195 0.3791
vn -0.3206 -0.7591 -0.5665
vn 0.1596 -0.9834 -0.0864
vn -0.4951 0.8051 -0.3266
vn -0.7838 0.0895 -0.6145
vn -0.6427 -0.5382 -0.5452
vn -0.5789 0.8007 -0.1542
vn -0.8804 -0.0095 -0.4741
vn 0.2383 -0.9621 -0.1328
vn -0.6980 0.6390 0.3232
vn -0.5958 0.6259 0.5033
vn -0.1277 -0.8121 0.5694
vn -0.7485 0.6527 -0.1171
vn 0.2014 -0.9627 -0.1807
vn 0.2567 0.9158 0.3090
vn -0.7442 -0.6145 -0.2617
vn -0.9987 0.0439 -0.0246
vn 0.6748 -0.7310 -0.1014
vn 0.6513 0.7334 0.1949
vn 0.2538 0.9303 0.2647
vn 0.7143 0.5370 -0.4489
vn -0.5853 -0.7917 -0.1751
vn 0.4092 -0.8718 -0.2695
vn 0.9796 0.0949 -0.1771
vn 0.9912 -0.1102 -0.0727
vn -0.8600 0.4526 0.2356
vn -0.6292 0.7678 0.1210
vn -0.9804 -0.1791 0.0818
vn 0.8523 0.4869 -0.1913
vn 0.1506 0.9653 0.2135
vn -0.6655 0.5830 0.4659
vn -0.8558 -0.4851 0.1800
vn 0.6077 0.7787 -0.1560
vn 0.4115 -0.7471 -0.5220
vn 0.6815 -0.6006 -0.4182
vn -0.1217 0.9393 0.3209
vn -0.8158 0.1587 0.5562
vn 0.8441 -0.1089 -0.5251
vn 0.6794 0.5823 -0.4465
vn -0.4719 -0.8477 0.2423
vn 0.0020 -0.9666 -0.2561
vn 0.6382 -0.0529 -0.7681
vn 0.5275 0.5710 -0.6290
vn 0.1557 0.9878 -0.0024
vn -0.4593 -0.2200 0.8606
vn -0.6458 -0.3378 0.6848
vn -0.3445 0.6835 0.6435
vn -0.3140 -0.8519 0.4192
vn 0.4519 -0.0159 -0.8919
vn 0.2594 0.8214 -0.5080
vn -0.0501 0.9283 0.3684
vn 0.1539 0.5255 -0.8367
vn 0.0499 0.5401 0.8401
vn -0.1704 -0.0120 0.9853
vn -0.5478 0.6800 -0.4874
vn -0.5059 0.7739 -0.3810
vn -0.4083 0.7230 -0.5572
vn -0.6076 0.7712 -0.1900
vn -0.4633 0.8718 -0.1588
vn -0.4359 0.8405 -0.3218
vn -0.6114 0.7588 0.2244
vn -0.4541 0.8578 0.2408
vn -0.5730 0.8188 0.0359
vn -0.5962 0.6942 0.4033
vn -0.4486 0.8002 0.3981
vn -0.3944 0.7254 0.5641
vn -0.3121 0.7968 -0.5173
vn -0.4361 0.8990 0.0408
vn -0.2941 0.9120 -0.2859
vn -0.2179 0.8770 -0.4283
vn -0.2912 0.9485 -0.1248
vn -0.2919 0.9558 0.0366
vn -0.2913 0.9326 0.2133
vn -0.2878 0.8636 0.4140
vn -0.1449 0.9856 0.0877
vn -0.1522 0.9429 0.2963
vn -0.1918 0.7551 0.6270
vn -0.1489 0.8318 0.5348
vn -0.0738 0.8598 -0.5053
vn -0.1307 0.8148 -0.5648
vn -0.1239 0.8890 0.4409
vn -0.0064 0.9591 0.2830
vn -0.0767 0.7838 0.6162
vn 0.0826 0.8723 -0.4819
vn 0.1461 0.9273 -0.3447
vn 0.1429 0.8277 -0.5427
vn 0.0613 0.8888 0.4542
vn 0.1472 0.9267 0.3459
vn 0.0610 0.7755 0.6283
vn 0.1389 0.8385 0.5268
vn 0.3044 0.8391 -0.4508
vn 0.3030 0.8595 0.4116
vn 0.2844 0.9355 0.2094
vn 0.1817 0.7550 0.6300
vn 0.4020 0.7262 -0.5577
vn 0.2579 0.7459 -0.6141
vn 0.2869 0.9152 -0.2830
vn 0.4455 0.8389 -0.3127
vn 0.2925 0.9479 -0.1262
vn 0.4610 0.8727 -0.1608
vn 0.2910 0.9558 0.0421
vn 0.4379 0.8981 0.0406
vn 0.4483 0.8600 0.2437
vn 0.3225 0.7418 0.5879
vn 0.4463 0.7331 0.5133
vn 0.5100 0.7738 -0.3755
vn 0.5601 0.8277 0.0362
vn 0.5464 0.7638 0.3436
vn 0.5868 0.7013 -0.4047
vn 0.6195 0.7698 -0.1534
vn 0.6199 0.7625 0.1853
vn -0.6355 0.6916 -0.3432
vn -0.6889 0.7240 0.0362
vn -0.7011 0.7051 -0.1064
vn -0.5705 0.5913 0.5700
vn 0.5508 0.5575 0.6212
vn 0.6368 0.6296 0.4451
vn 0.6986 0.7129 0.0611
vn 0.6606 0.5961 -0.4564
vn 0.5960 0.6187 -0.5119
vn 0.7150 0.6435 -0.2734
vn 0.7239 0.5859 -0.3644
vn 0.7249 0.6353 0.2665
vn 0.8003 0.5962 0.0634
vn 0.7570 0.6432 -0.1154
vn 0.8368 0.5417 -0.0798
vn 0.8249 0.5440 -0.1539
vn 0.8272 0.5202 0.2125
vn 0.7803 0.5184 0.3498
vn 0.8838 0.4325 -0.1784
vn 0.8789 0.4670 0.0970
vn 0.6943 0.5008 0.5169
vn 0.6995 0.4315 0.5696
vn 0.7567 0.4312 0.4913
vn 0.8046 0.3138 0.5042
vn 0.6225 0.4524 0.6386
vn 0.5618 0.3935 -0.7277
vn 0.4873 0.5997 -0.6347
vn -0.4860 0.4879 0.7251
vn -0.3812 0.6158 0.6896
vn -0.2534 0.6400 0.7254
vn -0.1721 0.5161 0.8391
vn -0.0571 0.6485 0.7591
vn -0.3435 0.4970 0.7968
vn 0.4105 0.5868 0.6979
vn 0.2750 0.5056 0.8178
vn 0.4488 0.4423 0.7765
vn 0.5484 0.4213 0.7223
vn 0.1328 0.5201 0.8437
vn -0.0011 0.4683 0.8836
vn 0.1341 0.3886 0.9116
vn -0.2844 0.3962 0.8730
vn -0.3925 0.3919 0.8321
vn 0.4068 0.3813 0.8301
vn 0.4779 0.3994 0.7824
vn 0.2841 0.3949 0.8737
vn 0.3913 0.5599 0.7304
vn 0.2066 0.3071 0.9290
vn 0.3205 0.3068 0.8962
vn 0.0753 0.3182 0.9450
vn -0.3137 0.3025 0.9001
vn 0.2689 0.6313 0.7275
vn 0.1196 0.6376 0.7610
vn -0.6068 0.4425 0.6603
vn -0.7236 0.6315 0.2785
vn -0.7224 0.5173 0.4588
vn -0.8013 0.5947 -0.0653
vn -0.7800 0.6125 0.1282
vn -0.8180 0.5113 0.2636
vn -0.8725 0.4884 0.0131
vn -0.8082 0.4246 0.4081
vn -0.7692 0.4347 0.4683
vn -0.4859 0.6562 -0.5773
vn -0.4348 0.6631 -0.6093
vn -0.7455 0.6214 -0.2411
vn -0.5841 0.6177 -0.5265
vn -0.6415 0.5887 -0.4919
vn -0.6941 0.4401 0.5697
vn -0.6507 0.3661 0.6652
vn -0.2645 0.7013 -0.6619
vn -0.1983 0.6105 -0.7668
vn -0.2912 0.6025 -0.7431
vn -0.1272 0.7170 -0.6854
vn -0.0413 0.6226 -0.7814
vn 0.2949 0.6676 -0.6836
vn 0.2065 0.6650 -0.7177
vn 0.0657 0.7259 -0.6847
vn -0.3707 0.6554 -0.6581
vn -0.7538 -0.6416 -0.1416
vn -0.8021 -0.5804 0.1406
vn -0.2959 0.3653 0.8826
vn -0.4758 0.4514 0.7549
vn -0.1357 0.5213 0.8425
vn 0.0110 0.3452 0.9385
vn 0.1298 -0.7659 0.6297
vn 0.1979 0.4897 0.8491
vn 0.3022 -0.7743 0.5559
vn 0.3934 0.4100 0.8229
vn 0.5519 0.4484 0.7031
vn 0.7158 -0.6889 0.1140
vn 0.6768 0.5022 0.5383
vn -0.7226 -0.6880 -0.0666
vn -0.6308 -0.7657 -0.1257
vn 0.5532 0.7864 0.2747
vn 0.2158 0.9070 0.3616
vn -0.2209 0.9082 0.3556
vn 0.9329 -0.3552 0.0584
vn 0.2128 0.8779 0.4290
vn -0.9739 0.1708 0.1496
vn -0.2751 0.9293 0.2464
vn -0.7059 0.6960 0.1319
vn -0.4828 -0.8752 0.0315
vn 0.1227 -0.8657 -0.4852
vn 0.2765 -0.0845 -0.9573
vn -0.1494 0.9802 -0.1298
vn -0.1396 0.9439 -0.2993
vn -0.0746 0.9540 -0.2905
vn -0.0731 0.9954 -0.0613
vn 0.0550 0.9871 0.1501
vn 0.1489 0.9790 -0.1392
vn 0.0711 0.9573 -0.2803
vn 0.0777 0.9935 -0.0836
vn 0.1603 0.9861 0.0433
vn 0.7907 0.5103 -0.3383
vn 0.7978 0.5497 -0.2477
vn 0.8820 0.4164 0.2206
vn 0.8633 0.5046 -0.0129
vn 0.8526 0.4326 0.2930
vn 0.8015 0.4494 0.3946
vn -0.4961 0.4066 0.7672
vn -0.5500 0.3818 0.7428
vn -0.1259 0.3833 0.9150
vn -0.0080 0.3375 0.9413
vn -0.1001 0.3154 0.9436
vn -0.2336 0.3072 0.9225
vn -0.4652 0.4488 0.7630
vn -0.6525 0.6054 -0.4558
vn -0.6931 0.6087 -0.3862
vn -0.8524 0.5047 -0.1365
vn -0.8238 0.5436 -0.1608
vn -0.8279 0.5407 -0.1493
vn -0.8227 0.5280 -0.2109
vn -0.7752 0.5321 -0.3405
vn -0.8634 0.4816 0.1501
vn -0.8417 0.4379 0.3159
vn -0.8885 0.4253 0.1723
vn -0.9895 0.0480 0.1365
vn -0.6788 0.5566 0.4789
vn 0.0963 0.6112 -0.7856
vn 0.5088 0.3342 -0.7934
vn 0.4515 0.4785 -0.7531
vn 0.5603 0.4557 -0.6916
vn -0.3582 0.9024 0.2395
vn 0.9343 0.3390 0.1106
g Torus_Torus_Material
usemtl Material
s off
f 2292/1119/1948 2294/1120/1948 2293/1121/1948
f 2295/1122/1949 2312/1123/1949 2300/1124/1949
f 2292/1119/1950 2295/1122/1950 2294/1120/1950
f 2294/1120/1951 2298/1125/1951 2293/1121/1951
f 2298/1125/1952 2303/1126/1952 2296/1127/1952
f 2298/1125/1953 2299/1128/1953 2301/1129/1953
f 2301/1129/1954 2302/1130/1954 2304/1131/1954
f 2312/1123/1955 2305/1132/1955 2300/1124/1955
f 2303/1126/1956 2301/1129/1956 2310/1133/1956
f 2302/1130/1957 2305/1132/1957 2306/1134/1957
f 2306/1134/1958 2307/1135/1958 2308/1136/1958
f 2306/1134/1959 2308/1136/1959 2304/1131/1959
f 2304/1131/1960 2308/1136/1960 2310/1133/1960
f 2312/1123/1961 2307/1135/1961 2305/1132/1961
f 2308/1136/1962 2311/1137/1962 2309/1138/1962
f 2309/1138/1963 2315/1139/1963 2310/1133/1963
f 2309/1138/1964 2311/1137/1964 2314/1140/1964
f 2318/1141/1965 2314/1140/1965 2311/1137/1965
f 2312/1123/1966 2321/1142/1966 2313/1143/1966
f 2314/1140/1967 2318/1141/1967 2316/1144/1967
f 2316/1145/1968 2319/1146/1968 2315/1147/1968
f 2317/1148/1969 2320/1149/1969 2319/1146/1969
f 2320/1149/1970 2323/1150/1970 2319/1146/1970
f 2315/1147/1971 2323/1150/1971 2296/1127/1971
f 2321/1151/1972 2320/1149/1972 2317/1148/1972
f 2321/1151/1973 2322/1152/1973 2320/1149/1973
f 2320/1149/1974 2322/1152/1974 2292/1119/1974
f 2292/1119/1975 2293/1121/1975 2323/1150/1975
f 2297/1153/1976 2295/1122/1976 2300/1124/1976
f 2321/1151/1977 2312/1123/1977 2295/1122/1977
f 2322/1152/1978 2295/1122/1978 2292/1119/1978
f 2293/1121/1979 2298/1125/1979 2296/1127/1979
f 2294/1120/1980 2297/1153/1980 2299/1128/1980
f 2294/1120/1981 2299/1128/1981 2298/1125/1981
f 2303/1126/1982 2298/1125/1982 2301/1129/1982
f 2297/1153/1983 2300/1124/1983 2302/1130/1983
f 2299/1128/1984 2297/1153/1984 2302/1130/1984
f 2301/1129/1985 2299/1128/1985 2302/1130/1985
f 2300/1124/1986 2305/1132/1986 2302/1130/1986
f 2302/1130/1987 2306/1134/1987 2304/1131/1987
f 2301/1129/1988 2304/1131/1988 2310/1133/1988
f 2306/1134/1989 2305/1132/1989 2307/1135/1989
f 2307/1135/1990 2312/1123/1990 2313/1143/1990
f 2308/1136/1991 2307/1135/1991 2311/1137/1991
f 2310/1133/1992 2308/1136/1992 2309/1138/1992
f 2307/1135/1993 2313/1143/1993 2311/1137/1993
f 2310/1133/1994 2315/1139/1994 2303/1126/1994
f 2311/1137/1995 2313/1143/1995 2318/1141/1995
f 2309/1138/1996 2314/1140/1996 2315/1139/1996
f 2314/1140/1997 2316/1144/1997 2315/1139/1997
f 2313/1143/1998 2321/1142/1998 2318/1141/1998
f 2316/1145/1999 2318/1154/1999 2317/1148/1999
f 2316/1145/2000 2317/1148/2000 2319/1146/2000
f 2318/1154/2001 2321/1151/2001 2317/1148/2001
f 2315/1147/2002 2319/1146/2002 2323/1150/2002
f 2303/1155/2003 2315/1147/2003 2296/1127/2003
f 2320/1149/2004 2292/1119/2004 2323/1150/2004
f 2323/1150/2005 2293/1121/2005 2296/1127/2005
f 2322/1152/2006 2321/1151/2006 2295/1122/2006
f 2297/1153/2007 2294/1120/2007 2295/1122/2007
s 1
f 1954/1156/2008 1949/1157/2009 1948/1158/2010
f 1951/1159/2011 1952/1160/2012 2099/1161/2013
f 1955/1162/2014 1948/1158/2010 1953/1163/2015
f 1955/1162/2014 1956/1164/2016 1954/1156/2008
f 1959/1165/2017 1960/1166/2018 1952/1160/2012
f 1961/1167/2019 1956/1164/2016 1955/1162/2014
f 1962/1168/2020 1957/1169/2021 1956/1164/2016
f 1957/1169/2021 1963/1170/2022 1958/1171/2023
f 1958/1171/2023 1964/1172/2024 1959/1173/2017
f 1965/1174/2025 1960/1166/2018 1959/1165/2017
f 1968/1175/2026 1964/1172/2024 1963/1170/2022
f 1969/1176/2027 1965/1174/2025 1964/1177/2024
f 1970/1178/2028 1973/1179/2029 1965/1174/2025
f 1966/1180/2030 1972/1181/2031 1962/1168/2020
f 1971/1182/2032 1972/1181/2031 1966/1180/2030
f 1967/1183/2033 1975/1184/2034 1968/1175/2026
f 1977/1185/2035 1970/1178/2028 1969/1176/2027
f 1978/1186/2036 1971/1182/2032 1973/1179/2029
f 1979/1187/2037 1971/1182/2032 1978/1186/2036
f 1981/1188/2038 1975/1184/2034 1974/1189/2039
f 1982/1190/2040 1976/1191/2041 1975/1184/2034
f 1983/1192/2042 1980/1193/2043 1977/1185/2035
f 1985/1194/2044 1979/1187/2037 1978/1186/2036
f 1981/1188/2038 1987/1195/2045 1982/1190/2040
f 1989/1196/2046 1984/1197/2047 1980/1193/2043
f 1986/1198/2048 1979/1187/2037 1985/1194/2044
f 1990/1199/2049 1987/1195/2045 1981/1188/2038
f 1989/1196/2046 1991/1200/2050 1984/1197/2047
f 1995/1201/2051 1988/1202/2052 1987/1195/2045
f 1996/1203/2053 1989/1196/2046 1988/1204/2052
f 1996/1203/2053 1991/1200/2050 1989/1196/2046
f 1993/1205/2054 1998/1206/2055 1990/1199/2049
f 1994/1207/2056 2000/1208/2057 1995/1201/2051
f 2001/1209/2058 1996/1203/2053 1995/1210/2051
f 2002/1211/2059 2003/1212/2060 1996/1203/2053
f 2003/1212/2060 1999/1213/2061 1991/1200/2050
f 2012/1214/2062 2270/1215/2063 2006/1216/2064
f 2018/1217/2065 2278/1218/2066 2012/1214/2062
f 2005/1219/2067 2000/1208/2057 1998/1206/2055
f 2008/1220/2068 2001/1221/2058 2000/1208/2057
f 2001/1209/2058 2009/1222/2069 2002/1211/2059
f 2010/1223/2070 2003/1212/2060 2009/1222/2069
f 2011/1224/2071 2006/1216/2064 2003/1212/2060
f 2005/1219/2067 2014/1225/2072 2008/1220/2068
f 2008/1220/2068 2014/1225/2072 2009/1226/2069
f 2009/1222/2069 2017/1227/2073 2010/1223/2070
f 2011/1224/2071 2012/1214/2062 2006/1216/2064
f 2015/1228/2074 2013/1229/2075 2007/1230/2076
f 2016/1231/2077 2017/1232/2073 2014/1225/2072
f 2017/1227/2073 2011/1224/2071 2010/1223/2070
f 2015/1228/2074 2021/1233/2078 2013/1229/2075
f 2016/1234/2077 2019/1235/2079 2017/1227/2073
f 2013/1229/2075 2023/1236/2080 2016/1231/2077
f 2023/1237/2080 2019/1235/2079 2016/1234/2077
f 2024/1238/2081 2018/1217/2065 2020/1239/2082
f 2025/1240/2083 2019/1235/2079 2023/1237/2080
f 2019/1235/2079 2026/1241/2084 2020/1239/2082
f 2026/1241/2084 2024/1238/2081 2020/1239/2082
f 2027/1242/2085 2022/1243/2086 2021/1233/2078
f 2029/1244/2087 2026/1241/2084 2025/1240/2083
f 2031/1245/2088 2029/1246/2087 2025/1247/2083
f 2029/1246/2087 2032/1248/2089 2026/1249/2084
f 2035/1250/2090 2030/1251/2091 2026/1249/2084
f 2006/1216/2064 2279/1252/2092 1999/1213/2061
f 2027/1253/2085 2033/1254/2093 2022/1255/2086
f 2022/1255/2086 2034/1256/2094 2028/1257/2095
f 2032/1248/2089 2029/1246/2087 2031/1245/2088
f 2031/1258/2088 2036/1259/2096 2032/1260/2089
f 2040/1261/2097 2036/1259/2096 2034/1256/2094
f 2037/1262/2098 2041/1263/2099 2035/1250/2090
f 2041/1263/2099 2038/1264/2100 2035/1250/2090
f 2043/1265/2101 2037/1262/2098 2036/1266/2096
f 2045/1267/2102 2277/1268/2103 2283/1269/2104
f 2047/1270/2105 2040/1261/2097 2039/1271/2106
f 2044/1272/2107 2048/1273/2108 2041/1263/2099
f 2048/1273/2108 2045/1267/2102 2041/1263/2099
f 2042/1274/2109 2049/1275/2110 2043/1276/2101
f 2050/1277/2111 2044/1272/2107 2043/1265/2101
f 2050/1277/2111 2048/1273/2108 2044/1272/2107
f 2042/1274/2109 2053/1278/2112 2049/1275/2110
f 2054/1279/2113 2050/1277/2111 2049/1280/2110
f 2056/1281/2114 2045/1267/2102 2048/1273/2108
f 1993/1205/2054 2269/1282/2115 2280/1283/2116
f 2024/1238/2081 2282/1284/2117 2018/1217/2065
f 2055/1285/2118 2054/1286/2113 2053/1278/2112
f 2054/1279/2113 2060/1287/2119 2050/1277/2111
f 2052/1288/2120 2055/1285/2118 2053/1278/2112
f 2059/1289/2121 2060/1287/2119 2054/1279/2113
f 2055/1290/2118 2062/1291/2122 2059/1289/2121
f 2060/1287/2119 2063/1292/2123 2056/1281/2114
f 2065/1293/2124 2058/1294/2125 2057/1295/2126
f 2066/1296/2127 2059/1289/2121 2062/1291/2122
f 2067/1297/2128 2063/1292/2123 2060/1287/2119
f 2068/1298/2129 2065/1293/2124 2064/1299/2130
f 2073/1300/2131 2062/1301/2122 2061/1302/2132
f 2070/1303/2133 2066/1296/2127 2062/1291/2122
f 2067/1297/2128 2064/1299/2130 2063/1292/2123
f 2068/1298/2129 2071/1304/2134 2065/1293/2124
f 2071/1304/2134 2069/1305/2135 2065/1293/2124
f 2069/1305/2135 2072/1306/2136 2073/1300/2131
f 2074/1307/2137 2066/1296/2127 2070/1303/2133
f 2074/1307/2137 2067/1297/2128 2066/1296/2127
f 2075/1308/2138 2069/1305/2135 2071/1304/2134
f 2077/1309/2139 2078/1310/2140 2067/1297/2128
f 2069/1305/2135 2080/1311/2141 2072/1306/2136
f 2081/1312/2142 2074/1313/2137 2072/1306/2136
f 2078/1310/2140 2079/1314/2143 2071/1304/2134
f 2082/1315/2144 2075/1308/2138 2079/1314/2143
f 2083/1316/2145 2087/1317/2146 2077/1309/2139
f 2084/1318/2147 2082/1315/2144 2077/1309/2139
f 2084/1318/2147 2088/1319/2148 2082/1315/2144
f 2089/1320/2149 2080/1311/2141 2082/1315/2144
f 2091/1321/2150 2086/1322/2151 2085/1323/2152
f 2092/1324/2153 2087/1317/2146 2086/1325/2151
f 2090/1326/2154 2094/1327/2155 2088/1319/2148
f 2094/1327/2155 2089/1320/2149 2088/1319/2148
f 2095/1328/2156 2085/1323/2152 2089/1320/2149
f 2097/1329/2157 1949/1157/2009 2094/1327/2155
f 1949/1157/2009 2095/1328/2156 2094/1327/2155
f 2095/1328/2156 1950/1330/2158 2098/1331/2159
f 1951/1159/2011 2099/1161/2013 2098/1332/2159
f 1948/1158/2010 2097/1329/2157 1953/1163/2015
f 2100/1333/2160 2101/1334/2161 2166/1335/2162
f 2103/1336/2163 2104/1337/2164 2102/1338/2165
f 2107/1339/2166 2106/1340/2167 2105/1341/2168
f 2109/1342/2169 2108/1343/2170 2107/1339/2166
f 2110/1344/2171 2108/1343/2170 2109/1342/2169
f 2101/1334/2161 2102/1338/2165 2111/1345/2172
f 2106/1340/2167 2112/1346/2173 2105/1341/2168
f 2102/1338/2165 2113/1347/2174 2119/1348/2175
f 2104/1337/2164 2114/1349/2176 2113/1347/2174
f 2112/1346/2173 2115/1350/2177 2114/1349/2176
f 2106/1340/2167 2116/1351/2178 2112/1346/2173
f 2110/1344/2171 2117/1352/2179 2108/1343/2170
f 2116/1351/2178 2122/1353/2180 2115/1350/2177
f 2117/1352/2179 2123/1354/2181 2116/1351/2178
f 2161/1355/2182 2125/1356/2183 2117/1352/2179
f 2119/1348/2175 2126/1357/2184 2118/1358/2185
f 2123/1354/2181 2124/1359/2186 2129/1360/2187
f 2125/1356/2183 2130/1361/2188 2124/1359/2186
f 2126/1357/2189 2132/1362/2190 2131/1363/2191
f 2124/1359/2192 2136/1364/2193 2129/1360/2187
f 2130/1361/2194 2137/1365/2195 2124/1359/2192
f 2132/1362/2190 2138/1366/2196 2131/1363/2191
f 2136/1364/2193 2145/1367/2197 2143/1368/2198
f 2137/1365/2195 2144/1369/2199 2145/1367/2197
f 2138/1366/2196 2147/1370/2200 2139/1371/2201
f 2140/1372/2202 2148/1373/2203 2138/1366/2196
f 2141/1374/2204 2149/1375/2205 2140/1372/2202
f 2142/1376/2206 2150/1377/2207 2141/1374/2204
f 2143/1368/2198 2151/1378/2208 2150/1377/2207
f 2145/1367/2197 2146/1379/2209 2154/1380/2210
f 2148/1373/2203 2152/1381/2211 2138/1366/2196
f 2150/1377/2207 2151/1378/2208 2153/1382/2212
f 2145/1367/2197 2154/1380/2210 2157/1383/2213
f 2152/1381/2211 2162/1384/2214 2147/1370/2200
f 2149/1375/2205 2155/1385/2215 2148/1373/2203
f 2153/1382/2212 2155/1385/2215 2149/1375/2205
f 2151/1378/2208 2157/1383/2213 2156/1386/2216
f 2103/1336/2163 2101/1334/2161 2158/1387/2217
f 2160/1388/2218 2105/1341/2168 2159/1389/2219
f 2203/1390/2220 2110/1344/2171 2109/1342/2169
f 2154/1380/2210 2195/1391/2221 2175/1392/2222
f 2156/1386/2216 2172/1393/2223 2153/1382/2212
f 2152/1381/2211 2155/1385/2215 2162/1384/2214
f 2162/1384/2214 2168/1394/2224 2167/1395/2225
f 2162/1384/2214 2170/1396/2226 2169/1397/2227
f 2174/1398/2228 2173/1399/2229 2172/1393/2223
f 2171/1400/2230 2179/1401/2231 2178/1402/2232
f 2171/1400/2230 2173/1399/2229 2179/1401/2231
f 2174/1398/2228 2180/1403/2233 2173/1399/2229
f 2175/1392/2222 2181/1404/2234 2174/1398/2228
f 2179/1401/2231 2183/1405/2235 2178/1402/2232
f 2173/1399/2229 2180/1403/2233 2185/1406/2236
f 2182/1407/2237 2191/1408/2238 2190/1409/2239
f 2191/1408/2238 2192/1410/2240 2190/1409/2239
f 2155/1385/2215 2171/1400/2230 2170/1396/2226
f 2155/1385/2215 2172/1393/2223 2171/1400/2230
f 2157/1383/2213 2174/1398/2228 2156/1386/2216
f 2195/1391/2221 2182/1407/2237 2175/1392/2222
f 2193/1411/2241 2191/1408/2238 2182/1407/2237
f 2167/1395/2225 2194/1412/2242 2263/1413/2243
f 2203/1390/2220 2202/1414/2244 2201/1415/2245
f 2200/1416/2246 2207/1417/2247 2199/1418/2248
f 2202/1414/2244 2208/1419/2249 2201/1415/2245
f 2196/1420/2250 2204/1421/2251 2209/1422/2252
f 2195/1391/2221 2209/1422/2252 2211/1423/2253
f 2205/1424/2254 2206/1425/2255 2213/1426/2256
f 2208/1419/2249 2215/1427/2257 2207/1417/2247
f 2202/1414/2244 2216/1428/2258 2208/1419/2249
f 2209/1422/2252 2218/1429/2259 2217/1430/2260
f 2209/1422/2252 2212/1431/2261 2218/1429/2259
f 2218/1429/2259 2221/1432/2262 2217/1430/2260
f 2212/1431/2261 2223/1433/2263 2222/1434/2264
f 2213/1426/2256 2224/1435/2265 2223/1433/2263
f 2215/1427/2257 2216/1428/2258 2227/1436/2266
f 2154/1380/2210 2196/1420/2250 2195/1391/2221
f 2146/1379/2209 2197/1437/2267 2196/1420/2250
f 2144/1369/2199 2198/1438/2268 2197/1437/2267
f 2161/1355/2182 2199/1418/2248 2130/1361/2188
f 2110/1344/2171 2200/1416/2246 2161/1355/2182
f 2203/1390/2220 2210/1439/2269 2202/1414/2244
f 2109/1342/2169 2231/1440/2270 2230/1441/2271
f 2159/1389/2219 2233/1442/2272 2160/1388/2218
f 2231/1440/2270 2232/1443/2273 2238/1444/2274
f 2233/1442/2272 2243/1445/2275 2232/1443/2273
f 2230/1441/2271 2248/1446/2276 2246/1447/2277
f 2254/1448/2278 2166/1335/2162 2255/1449/2279
f 2107/1339/2166 2232/1443/2273 2231/1440/2270
f 2158/1387/2217 2234/1450/2280 2103/1336/2163
f 2100/1333/2160 2253/1451/2281 2237/1452/2282
f 2210/1439/2269 2247/1453/2283 2229/1454/2284
f 2203/1390/2220 2230/1441/2271 2210/1439/2269
f 2165/1455/2285 2258/1456/2286 2257/1457/2287
f 2164/1458/2288 2259/1459/2289 2258/1456/2286
f 2262/1460/2290 2261/1461/2291 2163/1462/2292
f 2100/1333/2160 2254/1448/2278 2253/1451/2281
f 2166/1335/2162 2256/1463/2293 2255/1449/2279
f 2166/1335/2162 2165/1455/2285 2256/1463/2293
f 2285/1464/2294 2288/1465/2295 2269/1282/2115
f 2278/1218/2066 2271/1466/2296 2276/1467/2297
f 2282/1284/2117 2289/1468/2298 2271/1466/2296
f 2282/1284/2117 2272/1469/2299 2289/1468/2298
f 2273/1470/2300 2272/1471/2299 2282/1472/2117
f 2273/1470/2300 2286/1473/2301 2272/1471/2299
f 2281/1474/2302 2274/1475/2303 2286/1473/2301
f 2283/1269/2104 2274/1475/2303 2281/1474/2302
f 2277/1268/2103 2290/1476/2304 2283/1269/2104
f 2284/1477/2305 2275/1478/2306 2277/1268/2103
f 1952/1160/2012 1955/1162/2014 1953/1163/2015
f 1955/1162/2014 1954/1156/2008 1948/1158/2010
f 1954/1156/2008 1957/1169/2021 1949/1157/2009
f 1951/1479/2011 1958/1171/2023 1959/1173/2017
f 1955/1162/2014 1960/1166/2018 1961/1167/2019
f 1951/1159/2011 1959/1165/2017 1952/1160/2012
f 1954/1156/2008 1956/1164/2016 1957/1169/2021
f 1966/1180/2030 1960/1166/2018 1973/1179/2029
f 1963/1170/2022 1964/1172/2024 1958/1171/2023
f 1959/1165/2017 1964/1177/2024 1965/1174/2025
f 1961/1167/2019 1962/1168/2020 1956/1164/2016
f 1965/1174/2025 1973/1179/2029 1960/1166/2018
f 1967/1183/2033 1962/1168/2020 1972/1181/2031
f 1961/1167/2019 1966/1180/2030 1962/1168/2020
f 1963/1170/2022 1967/1183/2033 1968/1175/2026
f 1967/1183/2033 1971/1182/2032 1974/1189/2039
f 1968/1175/2026 1969/1480/2027 1964/1172/2024
f 1965/1174/2025 1969/1176/2027 1970/1178/2028
f 1970/1178/2028 1980/1193/2043 1973/1179/2029
f 1973/1179/2029 1971/1182/2032 1966/1180/2030
f 1969/1480/2027 1975/1184/2034 1976/1191/2041
f 1967/1183/2033 1974/1189/2039 1975/1184/2034
f 1976/1191/2041 1983/1481/2042 1977/1482/2035
f 1976/1191/2041 1977/1482/2035 1969/1480/2027
f 1980/1193/2043 1978/1186/2036 1973/1179/2029
f 1971/1182/2032 1979/1187/2037 1974/1189/2039
f 1977/1185/2035 1980/1193/2043 1970/1178/2028
f 1974/1189/2039 1979/1187/2037 1981/1188/2038
f 1981/1188/2038 1982/1190/2040 1975/1184/2034
f 1980/1193/2043 1985/1194/2044 1978/1186/2036
f 1982/1190/2040 1988/1202/2052 1983/1481/2042
f 1979/1187/2037 1986/1198/2048 1981/1188/2038
f 1989/1196/2046 1983/1192/2042 1988/1204/2052
f 1986/1198/2048 1990/1199/2049 1981/1188/2038
f 1985/1194/2044 1984/1197/2047 1986/1198/2048
f 1984/1197/2047 1992/1483/2307 1986/1198/2048
f 1992/1483/2307 1991/1200/2050 1997/1484/2308
f 1990/1199/2049 1994/1207/2056 1987/1195/2045
f 1994/1207/2056 1995/1201/2051 1987/1195/2045
f 1995/1210/2051 1996/1203/2053 1988/1204/2052
f 2287/1485/2309 2051/1486/2310 2275/1478/2306
f 1998/1206/2055 2004/1487/2311 2005/1219/2067
f 1990/1199/2049 1998/1206/2055 1994/1207/2056
f 1996/1203/2053 2003/1212/2060 1991/1200/2050
f 1991/1200/2050 1999/1213/2061 1997/1484/2308
f 1998/1206/2055 2000/1208/2057 1994/1207/2056
f 2000/1208/2057 2001/1221/2058 1995/1201/2051
f 1996/1203/2053 2001/1209/2058 2002/1211/2059
f 2276/1467/2297 2015/1228/2074 2007/1230/2076
f 2003/1212/2060 2006/1216/2064 1999/1213/2061
f 2286/1473/2301 2027/1253/2085 2272/1471/2299
f 2291/1488/2312 2056/1281/2114 2063/1292/2123
f 2004/1487/2311 2007/1230/2076 2005/1219/2067
f 2005/1219/2067 2008/1220/2068 2000/1208/2057
f 2008/1220/2068 2009/1226/2069 2001/1221/2058
f 2002/1211/2059 2009/1222/2069 2003/1212/2060
f 2003/1212/2060 2010/1223/2070 2011/1224/2071
f 2275/1478/2306 2046/1489/2313 2290/1476/2304
f 2007/1230/2076 2013/1229/2075 2005/1219/2067
f 2014/1225/2072 2017/1232/2073 2009/1226/2069
f 2282/1472/2117 2030/1251/2091 2273/1470/2300
f 2018/1217/2065 2011/1224/2071 2020/1239/2082
f 2005/1219/2067 2013/1229/2075 2014/1225/2072
f 2017/1227/2073 2020/1239/2082 2011/1224/2071
f 2014/1225/2072 2013/1229/2075 2016/1231/2077
f 2284/1477/2305 2045/1267/2102 2056/1281/2114
f 2006/1216/2064 2270/1215/2063 2279/1252/2092
f 2021/1233/2078 2022/1243/2086 2013/1229/2075
f 2022/1243/2086 2023/1236/2080 2013/1229/2075
f 2289/1468/2298 2027/1242/2085 2021/1233/2078
f 2019/1235/2079 2025/1240/2083 2026/1241/2084
f 2285/1464/2294 1999/1213/2061 2288/1465/2295
f 1999/1213/2061 2279/1252/2092 2288/1465/2295
f 2022/1243/2086 2028/1490/2095 2023/1236/2080
f 2028/1490/2095 2025/1491/2083 2023/1236/2080
f 2026/1241/2084 2030/1492/2091 2024/1238/2081
f 2290/1476/2304 2039/1271/2106 2274/1475/2303
f 2028/1257/2095 2031/1258/2088 2025/1493/2083
f 2032/1248/2089 2035/1250/2090 2026/1249/2084
f 2033/1254/2093 2034/1256/2094 2022/1255/2086
f 2028/1257/2095 2034/1256/2094 2031/1258/2088
f 2280/1283/2116 2007/1230/2076 2004/1487/2311
f 2040/1261/2097 2033/1254/2093 2039/1271/2106
f 2034/1256/2094 2036/1259/2096 2031/1258/2088
f 2036/1266/2096 2037/1262/2098 2032/1248/2089
f 2032/1248/2089 2037/1262/2098 2035/1250/2090
f 2035/1250/2090 2038/1264/2100 2030/1251/2091
f 2268/1494/2314 1997/1484/2315 2285/1464/2316
f 2004/1487/2311 1993/1205/2054 2280/1283/2116
f 2040/1261/2097 2042/1274/2109 2036/1259/2096
f 2042/1274/2109 2043/1276/2101 2036/1259/2096
f 2037/1262/2098 2043/1265/2101 2044/1272/2107
f 2037/1262/2098 2044/1272/2107 2041/1263/2099
f 2041/1263/2099 2045/1267/2102 2038/1264/2100
f 2046/1489/2313 2047/1270/2105 2039/1271/2106
f 2047/1270/2105 2042/1274/2109 2040/1261/2097
f 2274/1475/2303 2033/1254/2093 2286/1473/2301
f 2049/1280/2110 2050/1277/2111 2043/1265/2101
f 2047/1270/2105 2051/1486/2310 2052/1288/2120
f 2047/1270/2105 2053/1278/2112 2042/1274/2109
f 2283/1269/2104 2038/1264/2100 2045/1267/2102
f 2049/1275/2110 2053/1278/2112 2054/1286/2113
f 2050/1277/2111 2060/1287/2119 2048/1273/2108
f 2060/1287/2119 2056/1281/2114 2048/1273/2108
f 2052/1288/2120 2057/1295/2126 2058/1294/2125
f 2055/1285/2118 2058/1294/2125 2061/1302/2132
f 2054/1279/2113 2055/1290/2118 2059/1289/2121
f 2271/1466/2296 2021/1233/2078 2015/1228/2074
f 2061/1302/2132 2062/1301/2122 2055/1285/2118
f 2067/1297/2128 2059/1289/2121 2066/1296/2127
f 2073/1300/2131 2058/1294/2125 2069/1305/2135
f 2018/1217/2065 2282/1284/2117 2278/1218/2066
f 2065/1293/2124 2069/1305/2135 2058/1294/2125
f 2074/1307/2137 2077/1309/2139 2067/1297/2128
f 2062/1301/2122 2073/1300/2131 2070/1495/2133
f 2064/1299/2130 2067/1297/2128 2068/1298/2129
f 2070/1303/2133 2073/1496/2131 2074/1307/2137
f 2078/1310/2140 2068/1298/2129 2067/1297/2128
f 2072/1306/2136 2074/1313/2137 2073/1300/2131
f 2080/1311/2141 2075/1308/2138 2082/1315/2144
f 2078/1310/2140 2071/1304/2134 2068/1298/2129
f 2079/1314/2143 2075/1308/2138 2071/1304/2134
f 2080/1311/2141 2081/1312/2142 2072/1306/2136
f 2074/1307/2137 2081/1497/2142 2076/1498/2317
f 2078/1310/2140 2077/1309/2139 2079/1314/2143
f 2086/1322/2151 2080/1311/2141 2085/1323/2152
f 2081/1497/2142 2083/1316/2145 2076/1498/2317
f 2076/1498/2317 2083/1316/2145 2077/1309/2139
f 2077/1309/2139 2082/1315/2144 2079/1314/2143
f 2090/1326/2154 2087/1317/2146 2093/1499/2318
f 2081/1497/2142 2086/1325/2151 2083/1316/2145
f 2077/1309/2139 2087/1317/2146 2084/1318/2147
f 2088/1319/2148 2089/1320/2149 2082/1315/2144
f 2080/1311/2141 2089/1320/2149 2085/1323/2152
f 2083/1316/2145 2086/1325/2151 2087/1317/2146
f 2084/1318/2147 2090/1326/2154 2088/1319/2148
f 2086/1325/2151 2091/1500/2150 2092/1324/2153
f 2092/1324/2153 2093/1499/2318 2087/1317/2146
f 2094/1327/2155 2096/1501/2319 2097/1329/2157
f 2089/1320/2149 2094/1327/2155 2095/1328/2156
f 2085/1323/2152 2095/1328/2156 2091/1321/2150
f 2092/1324/2153 2098/1332/2159 2099/1161/2013
f 2095/1328/2156 2098/1331/2159 2091/1321/2150
f 2093/1499/2318 2099/1161/2013 1953/1163/2015
f 2096/1501/2319 2093/1499/2318 1953/1163/2015
f 2121/1502/2320 2113/1347/2174 2114/1349/2176
f 1953/1163/2015 2097/1329/2157 2096/1501/2319
f 1948/1158/2010 1949/1157/2009 2097/1329/2157
f 1949/1157/2009 1950/1330/2158 2095/1328/2156
f 1950/1330/2158 1951/1479/2011 2098/1331/2159
f 2099/1161/2013 1952/1160/2012 1953/1163/2015
f 2101/1334/2161 2103/1336/2163 2102/1338/2165
f 2103/1336/2163 2105/1341/2168 2104/1337/2164
f 2107/1339/2166 2108/1343/2170 2106/1340/2167
f 2166/1335/2162 2101/1334/2161 2111/1345/2172
f 2104/1337/2164 2105/1341/2168 2112/1346/2173
f 2108/1343/2170 2117/1352/2179 2106/1340/2167
f 2111/1345/2172 2102/1338/2165 2119/1348/2175
f 2102/1338/2165 2104/1337/2164 2113/1347/2174
f 2104/1337/2164 2112/1346/2173 2114/1349/2176
f 2112/1346/2173 2116/1351/2178 2115/1350/2177
f 2106/1340/2167 2117/1352/2179 2116/1351/2178
f 2110/1344/2171 2161/1355/2182 2117/1352/2179
f 2111/1345/2172 2119/1348/2175 2118/1358/2185
f 2119/1348/2175 2113/1347/2174 2120/1503/2321
f 2121/1502/2320 2115/1350/2177 2122/1353/2180
f 2126/1357/2184 2120/1503/2321 2127/1504/2322
f 2116/1351/2178 2123/1354/2181 2122/1353/2180
f 2117/1352/2179 2124/1359/2186 2123/1354/2181
f 2117/1352/2179 2125/1356/2183 2124/1359/2186
f 2127/1504/2322 2121/1502/2320 2128/1505/2323
f 2129/1360/2187 2122/1353/2180 2123/1354/2181
f 2121/1502/2320 2122/1353/2180 2128/1505/2323
f 2122/1353/2180 2135/1506/2324 2128/1505/2323
f 2133/1507/2325 2127/1504/2326 2128/1505/2327
f 2126/1357/2189 2127/1504/2326 2132/1362/2190
f 2140/1372/2202 2133/1507/2325 2141/1374/2204
f 2128/1505/2327 2134/1508/2328 2133/1507/2325
f 2128/1505/2327 2135/1506/2324 2134/1508/2328
f 2129/1360/2187 2136/1364/2193 2135/1506/2324
f 2124/1359/2192 2137/1365/2195 2136/1364/2193
f 2131/1363/2191 2138/1366/2196 2139/1371/2201
f 2132/1362/2190 2140/1372/2202 2138/1366/2196
f 2141/1374/2204 2134/1508/2328 2142/1376/2206
f 2143/1368/2198 2134/1508/2328 2135/1506/2324
f 2163/1462/2292 2118/1358/2185 2126/1357/2184
f 2135/1506/2324 2136/1364/2193 2143/1368/2198
f 2136/1364/2193 2137/1365/2195 2145/1367/2197
f 2145/1367/2197 2144/1369/2199 2146/1379/2209
f 2140/1372/2202 2149/1375/2205 2148/1373/2203
f 2141/1374/2204 2150/1377/2207 2149/1375/2205
f 2142/1376/2206 2143/1368/2198 2150/1377/2207
f 2143/1368/2198 2145/1367/2197 2151/1378/2208
f 2138/1366/2196 2152/1381/2211 2147/1370/2200
f 2150/1377/2207 2153/1382/2212 2149/1375/2205
f 2151/1378/2208 2145/1367/2197 2157/1383/2213
f 2148/1373/2203 2155/1385/2215 2152/1381/2211
f 2153/1382/2212 2151/1378/2208 2156/1386/2216
f 2158/1387/2217 2101/1334/2161 2100/1333/2160
f 2159/1389/2219 2105/1341/2168 2103/1336/2163
f 2160/1388/2218 2107/1339/2166 2105/1341/2168
f 2125/1356/2183 2161/1355/2182 2130/1361/2188
f 2130/1361/2194 2144/1369/2199 2137/1365/2195
f 2157/1383/2213 2154/1380/2210 2175/1392/2222
f 1949/1157/2009 1958/1171/2023 1950/1330/2158
f 2155/1385/2215 2153/1382/2212 2172/1393/2223
f 2147/1370/2200 2162/1384/2214 2263/1413/2243
f 2163/1462/2292 2131/1363/2191 2139/1371/2201
f 2163/1462/2292 2126/1357/2189 2131/1363/2191
f 2165/1455/2285 2118/1358/2185 2164/1458/2288
f 2176/1509/2329 2170/1396/2226 2177/1510/2330
f 2166/1335/2162 2111/1345/2172 2165/1455/2285
f 2162/1384/2214 2169/1397/2227 2168/1394/2224
f 2171/1400/2230 2172/1393/2223 2173/1399/2229
f 2177/1510/2330 2171/1400/2230 2178/1402/2232
f 2187/1511/2331 2185/1406/2236 2180/1403/2233
f 2174/1398/2228 2181/1404/2234 2180/1403/2233
f 2175/1392/2222 2182/1407/2237 2181/1404/2234
f 2173/1399/2229 2184/1512/2332 2179/1401/2231
f 2173/1399/2229 2185/1406/2236 2184/1512/2332
f 2180/1403/2233 2188/1513/2333 2187/1511/2331
f 2189/1514/2334 2182/1407/2237 2190/1409/2239
f 2181/1404/2234 2189/1514/2334 2188/1513/2333
f 2205/1424/2254 2197/1437/2267 2198/1438/2268
f 2263/1413/2243 2162/1384/2214 2167/1395/2225
f 2162/1384/2214 2155/1385/2215 2170/1396/2226
f 2156/1386/2216 2174/1398/2228 2172/1393/2223
f 2157/1383/2213 2175/1392/2222 2174/1398/2228
f 2195/1391/2221 2193/1411/2241 2182/1407/2237
f 2196/1420/2250 2197/1437/2267 2204/1421/2251
f 2205/1424/2254 2199/1418/2248 2206/1425/2255
f 2200/1416/2246 2208/1419/2249 2207/1417/2247
f 2199/1418/2248 2207/1417/2247 2206/1425/2255
f 2213/1426/2256 2204/1421/2251 2205/1424/2254
f 2195/1391/2221 2196/1420/2250 2209/1422/2252
f 2209/1422/2252 2204/1421/2251 2212/1431/2261
f 2219/1515/2335 2210/1439/2269 2220/1516/2336
f 2207/1417/2247 2214/1517/2337 2206/1425/2255
f 2207/1417/2247 2215/1427/2257 2214/1517/2337
f 2208/1419/2249 2216/1428/2258 2215/1427/2257
f 2209/1422/2252 2217/1430/2260 2211/1423/2253
f 2202/1414/2244 2219/1515/2335 2216/1428/2258
f 2224/1435/2338 2214/1517/2337 2225/1518/2339
f 2212/1431/2261 2222/1434/2264 2218/1429/2259
f 2212/1431/2261 2213/1426/2256 2223/1433/2263
f 2213/1426/2256 2206/1425/2255 2224/1435/2265
f 2214/1517/2337 2226/1519/2340 2225/1518/2339
f 2198/1438/2268 2130/1361/2194 2199/1418/2248
f 2215/1427/2257 2227/1436/2266 2226/1519/2340
f 2216/1428/2258 2219/1515/2335 2228/1520/2341
f 2154/1380/2210 2146/1379/2209 2196/1420/2250
f 2146/1379/2209 2144/1369/2199 2197/1437/2267
f 2158/1387/2217 2236/1521/2342 2235/1522/2343
f 2161/1355/2182 2200/1416/2246 2199/1418/2248
f 2110/1344/2171 2201/1415/2245 2200/1416/2246
f 2110/1344/2171 2203/1390/2220 2201/1415/2245
f 2210/1439/2269 2229/1454/2284 2220/1516/2336
f 2193/1411/2241 2195/1391/2221 2211/1423/2253
f 2203/1390/2220 2109/1342/2169 2230/1441/2271
f 2232/1443/2273 2160/1388/2218 2233/1442/2272
f 2159/1389/2219 2234/1450/2280 2233/1442/2272
f 2158/1387/2217 2235/1522/2343 2234/1450/2280
f 2244/1523/2344 2239/1524/2345 2245/1525/2346
f 2100/1333/2160 2237/1452/2282 2236/1521/2342
f 2230/1441/2271 2231/1440/2270 2238/1444/2274
f 2234/1450/2280 2239/1524/2345 2233/1442/2272
f 2234/1450/2280 2240/1526/2347 2239/1524/2345
f 2234/1450/2280 2241/1527/2348 2240/1526/2347
f 2234/1450/2280 2235/1522/2343 2241/1527/2348
f 2232/1443/2273 2242/1528/2349 2238/1444/2274
f 2232/1443/2273 2243/1445/2275 2242/1528/2349
f 2233/1442/2272 2244/1523/2344 2243/1445/2275
f 2248/1446/2276 2238/1444/2274 2249/1529/2350
f 2230/1441/2271 2246/1447/2277 2247/1453/2283
f 2250/1530/2351 2238/1444/2274 2242/1528/2349
f 1986/1531/2048 1992/1532/2307 1997/1533/2352
f 2247/1453/2283 2246/1447/2277 2252/1534/2353
f 2109/1342/2169 2107/1339/2166 2231/1440/2270
f 2107/1339/2166 2160/1388/2218 2232/1443/2273
f 2103/1336/2163 2234/1450/2280 2159/1389/2219
f 2210/1439/2269 2230/1441/2271 2247/1453/2283
f 2165/1455/2285 2257/1457/2287 2256/1463/2293
f 2165/1455/2285 2164/1458/2288 2258/1456/2286
f 2164/1458/2288 2163/1462/2292 2259/1459/2289
f 2163/1462/2292 2260/1535/2354 2259/1459/2289
f 2163/1462/2292 2261/1461/2291 2260/1535/2354
f 2262/1460/2290 2263/1413/2243 2264/1536/2355
f 2263/1413/2243 2265/1537/2356 2264/1536/2355
f 2263/1413/2243 2266/1538/2357 2265/1537/2356
f 2262/1460/2290 2147/1370/2200 2263/1413/2243
f 2139/1371/2201 2262/1460/2290 2163/1462/2292
f 2280/1283/2116 2288/1465/2295 2279/1252/2092
f 2263/1413/2243 2194/1412/2242 2266/1538/2357
f 1986/1531/2048 2269/1539/2115 1993/1540/2054
f 2280/1283/2116 2270/1215/2063 2276/1467/2297
f 2281/1474/2302 2030/1251/2091 2038/1264/2100
f 2270/1215/2063 2278/1218/2066 2276/1467/2297
f 2278/1218/2066 2282/1284/2117 2271/1466/2296
f 2273/1470/2300 2281/1474/2302 2286/1473/2301
f 2283/1269/2104 2290/1476/2304 2274/1475/2303
f 2277/1268/2103 2275/1478/2306 2290/1476/2304
f 2291/1488/2312 2287/1485/2309 2275/1478/2306
f 2284/1477/2305 2291/1488/2312 2275/1478/2306
f 2012/1214/2062 2278/1218/2066 2270/1215/2063
f 2064/1299/2130 2065/1293/2124 2057/1295/2126
f 2064/1299/2130 2291/1488/2312 2063/1292/2123
f 2254/1448/2278 2100/1333/2160 2166/1335/2162
f 1951/1479/2011 1950/1330/2158 1958/1171/2023
f 1955/1162/2014 1952/1160/2012 1960/1166/2018
f 1966/1180/2030 1961/1167/2019 1960/1166/2018
f 1967/1183/2033 1957/1169/2021 1962/1168/2020
f 1963/1170/2022 1957/1169/2021 1967/1183/2033
f 1967/1183/2033 1972/1181/2031 1971/1182/2032
f 1969/1480/2027 1968/1175/2026 1975/1184/2034
f 1976/1191/2041 1982/1190/2040 1983/1481/2042
f 1980/1193/2043 1984/1197/2047 1985/1194/2044
f 1982/1190/2040 1987/1195/2045 1988/1202/2052
f 1989/1196/2046 1980/1193/2043 1983/1192/2042
f 1986/1198/2048 1993/1205/2054 1990/1199/2049
f 1992/1483/2307 1984/1197/2047 1991/1200/2050
f 2287/1485/2309 2057/1295/2126 2051/1486/2310
f 1998/1206/2055 1993/1205/2054 2004/1487/2311
f 2276/1467/2297 2271/1466/2296 2015/1228/2074
f 2286/1473/2301 2033/1254/2093 2027/1253/2085
f 2291/1488/2312 2284/1477/2305 2056/1281/2114
f 2275/1478/2306 2051/1486/2310 2046/1489/2313
f 2282/1472/2117 2024/1541/2081 2030/1251/2091
f 2018/1217/2065 2012/1214/2062 2011/1224/2071
f 2017/1227/2073 2019/1235/2079 2020/1239/2082
f 2284/1477/2305 2277/1268/2103 2045/1267/2102
f 2289/1468/2298 2272/1469/2299 2027/1242/2085
f 2285/1464/2294 1997/1484/2308 1999/1213/2061
f 2290/1476/2304 2046/1489/2313 2039/1271/2106
f 2280/1283/2116 2276/1467/2297 2007/1230/2076
f 2040/1261/2097 2034/1256/2094 2033/1254/2093
f 2268/1494/2314 1992/1483/2358 1997/1484/2315
f 2274/1475/2303 2039/1271/2106 2033/1254/2093
f 2047/1270/2105 2046/1489/2313 2051/1486/2310
f 2047/1270/2105 2052/1288/2120 2053/1278/2112
f 2283/1269/2104 2281/1474/2302 2038/1264/2100
f 2052/1288/2120 2051/1486/2310 2057/1295/2126
f 2055/1285/2118 2052/1288/2120 2058/1294/2125
f 2271/1466/2296 2289/1468/2298 2021/1233/2078
f 2067/1297/2128 2060/1287/2119 2059/1289/2121
f 2073/1300/2131 2061/1302/2132 2058/1294/2125
f 2074/1307/2137 2076/1498/2317 2077/1309/2139
f 2080/1311/2141 2069/1305/2135 2075/1308/2138
f 2086/1322/2151 2081/1312/2142 2080/1311/2141
f 2090/1326/2154 2084/1318/2147 2087/1317/2146
f 2094/1327/2155 2090/1326/2154 2096/1501/2319
f 2092/1324/2153 2091/1500/2150 2098/1332/2159
f 2093/1499/2318 2092/1324/2153 2099/1161/2013
f 2096/1501/2319 2090/1326/2154 2093/1499/2318
f 2121/1502/2320 2120/1503/2321 2113/1347/2174
f 2121/1502/2320 2114/1349/2176 2115/1350/2177
f 2126/1357/2184 2119/1348/2175 2120/1503/2321
f 2127/1504/2322 2120/1503/2321 2121/1502/2320
f 2129/1360/2187 2135/1506/2324 2122/1353/2180
f 2133/1507/2325 2132/1362/2190 2127/1504/2326
f 2140/1372/2202 2132/1362/2190 2133/1507/2325
f 2141/1374/2204 2133/1507/2325 2134/1508/2328
f 2143/1368/2198 2142/1376/2206 2134/1508/2328
f 2163/1462/2292 2164/1458/2288 2118/1358/2185
f 1949/1157/2009 1957/1169/2021 1958/1171/2023
f 2165/1455/2285 2111/1345/2172 2118/1358/2185
f 2176/1509/2329 2169/1397/2227 2170/1396/2226
f 2177/1510/2330 2170/1396/2226 2171/1400/2230
f 2187/1511/2331 2186/1542/2359 2185/1406/2236
f 2180/1403/2233 2181/1404/2234 2188/1513/2333
f 2189/1514/2334 2181/1404/2234 2182/1407/2237
f 2205/1424/2254 2204/1421/2251 2197/1437/2267
f 2205/1424/2254 2198/1438/2268 2199/1418/2248
f 2200/1416/2246 2201/1415/2245 2208/1419/2249
f 2213/1426/2256 2212/1431/2261 2204/1421/2251
f 2219/1515/2335 2202/1414/2244 2210/1439/2269
f 2224/1435/2338 2206/1425/2255 2214/1517/2337
f 2214/1517/2337 2215/1427/2257 2226/1519/2340
f 2198/1438/2268 2144/1369/2199 2130/1361/2194
f 2158/1387/2217 2100/1333/2160 2236/1521/2342
f 2244/1523/2344 2233/1442/2272 2239/1524/2345
f 2248/1446/2276 2230/1441/2271 2238/1444/2274
f 2250/1530/2351 2249/1529/2350 2238/1444/2274
f 2285/1543/2294 2269/1539/2115 1997/1533/2352
f 2269/1539/2115 1986/1531/2048 1997/1533/2352
f 2262/1460/2290 2139/1371/2201 2147/1370/2200
f 2280/1283/2116 2269/1282/2115 2288/1465/2295
f 2280/1283/2116 2279/1252/2092 2270/1215/2063
f 2281/1474/2302 2273/1470/2300 2030/1251/2091
f 2287/1485/2309 2291/1488/2312 2057/1295/2126
f 2291/1488/2312 2064/1299/2130 2057/1295/2126
l 2250 2251
l 2267 2268
